timestamp,edits_count,unique_editors,new_editors,mean_edit_size,revert_rate,bot_edit_share,hidden_user_share,editor_churn,z_edits_count,z_unique_editors,z_new_editors,z_mean_edit_size,z_revert_rate,z_editor_churn,is_baseline,anomaly_score
2021-05-17 00:00:00+00:00,29.0,5.0,5.0,550.2068965517242,0.1379310344827586,0.0,0.0,1.0,4.6482669123969,2.944997921622179,7.23436143868901,0.0521766227646544,1.0228784255204748,3.4536583104494114,True,3.041601216122262
2021-05-18 00:00:00+00:00,6.0,5.0,2.0,25.5,0.0,0.0,0.0,0.4,0.8094791823702667,2.944997921622179,2.7195032829682213,-0.0278228395001716,-0.2219228064394029,1.1682161120615937,True,0.5852574959974858
2021-05-19 00:00:00+00:00,2.0,1.0,0.0,1034.0,0.0,0.0,0.0,0.0,0.1418639249743304,0.3021562398693136,-0.2904021541789712,0.125938161592605,-0.2219228064394029,-0.3554120201969512,True,-0.14515696722067456
2021-05-20 00:00:00+00:00,1.0,1.0,1.0,3.0,0.0,0.0,0.0,1.0,-0.0250398893746535,0.3021562398693136,1.214550564394625,-0.031253303084294,-0.2219228064394029,3.4536583104494114,True,1.068898538211785
2021-05-21 00:00:00+00:00,1.0,1.0,0.0,2.0,0.0,0.0,0.0,0.0,-0.0250398893746535,0.3021562398693136,-0.2904021541789712,-0.0314057681324773,-0.2219228064394029,-0.3554120201969512,True,-0.20079157200366918
2021-05-22 00:00:00+00:00,0.0,0.0,0.0,0.0,0.0,0.0,0.0,0.0,-0.1919437037236376,-0.3585541805689027,-0.2904021541789712,-0.0317106982288437,-0.2219228064394029,-0.3554120201969512,True,-0.25642617678666385
2021-05-23 00:00:00+00:00,0.0,0.0,0.0,0.0,0.0,0.0,0.0,0.0,-0.1919437037236376,-0.3585541805689027,-0.2904021541789712,-0.0317106982288437,-0.2219228064394029,-0.3554120201969512,True,-0.25642617678666385
2021-05-24 00:00:00+00:00,0.0,0.0,0.0,0.0,0.0,0.0,0.0,0.0,-0.1919437037236376,-0.3585541805689027,-0.2904021541789712,-0.0317106982288437,-0.2219228064394029,-0.3554120201969512,True,-0.25642617678666385
2021-05-25 00:00:00+00:00,0.0,0.0,0.0,0.0,0.0,0.0,0.0,0.0,-0.1919437037236376,-0.3585541805689027,-0.2904021541789712,-0.0317106982288437,-0.2219228064394029,-0.3554120201969512,True,-0.25642617678666385
2021-05-26 00:00:00+00:00,0.0,0.0,0.0,0.0,0.0,0.0,0.0,0.0,-0.1919437037236376,-0.3585541805689027,-0.2904021541789712,-0.0317106982288437,-0.2219228064394029,-0.3554120201969512,True,-0.25642617678666385
2021-05-27 00:00:00+00:00,0.0,0.0,0.0,0.0,0.0,0.0,0.0,0.0,-0.1919437037236376,-0.3585541805689027,-0.2904021541789712,-0.0317106982288437,-0.2219228064394029,-0.3554120201969512,True,-0.25642617678666385
2021-05-28 00:00:00+00:00,0.0,0.0,0.0,0.0,0.0,0.0,0.0,0.0,-0.1919437037236376,-0.3585541805689027,-0.2904021541789712,-0.0317106982288437,-0.2219228064394029,-0.3554120201969512,True,-0.25642617678666385
2021-05-29 00:00:00+00:00,0.0,0.0,0.0,0.0,0.0,0.0,0.0,0.0,-0.1919437037236376,-0.3585541805689027,-0.2904021541789712,-0.0317106982288437,-0.2219228064394029,-0.3554120201969512,True,-0.25642617678666385
2021-05-30 00:00:00+00:00,1.0,1.0,1.0,320.0,0.0,0.0,0.0,1.0,-0.0250398893746535,0.3021562398693136,1.214550564394625,0.0170781171897864,-0.2219228064394029,3.4536583104494114,True,1.068898538211785
2021-05-31 00:00:00+00:00,0.0,0.0,0.0,0.0,0.0,0.0,0.0,0.0,-0.1919437037236376,-0.3585541805689027,-0.2904021541789712,-0.0317106982288437,-0.2219228064394029,-0.3554120201969512,True,-0.25642617678666385
2021-06-01 00:00:00+00:00,0.0,0.0,0.0,0.0,0.0,0.0,0.0,0.0,-0.1919437037236376,-0.3585541805689027,-0.2904021541789712,-0.0317106982288437,-0.2219228064394029,-0.3554120201969512,True,-0.25642617678666385
2021-06-02 00:00:00+00:00,0.0,0.0,0.0,0.0,0.0,0.0,0.0,0.0,-0.1919437037236376,-0.3585541805689027,-0.2904021541789712,-0.0317106982288437,-0.2219228064394029,-0.3554120201969512,True,-0.25642617678666385
2021-06-03 00:00:00+00:00,0.0,0.0,0.0,0.0,0.0,0.0,0.0,0.0,-0.1919437037236376,-0.3585541805689027,-0.2904021541789712,-0.0317106982288437,-0.2219228064394029,-0.3554120201969512,True,-0.25642617678666385
2021-06-04 00:00:00+00:00,0.0,0.0,0.0,0.0,0.0,0.0,0.0,0.0,-0.1919437037236376,-0.3585541805689027,-0.2904021541789712,-0.0317106982288437,-0.2219228064394029,-0.3554120201969512,True,-0.25642617678666385
2021-06-05 00:00:00+00:00,0.0,0.0,0.0,0.0,0.0,0.0,0.0,0.0,-0.1919437037236376,-0.3585541805689027,-0.2904021541789712,-0.0317106982288437,-0.2219228064394029,-0.3554120201969512,True,-0.25642617678666385
2021-06-06 00:00:00+00:00,0.0,0.0,0.0,0.0,0.0,0.0,0.0,0.0,-0.1919437037236376,-0.3585541805689027,-0.2904021541789712,-0.0317106982288437,-0.2219228064394029,-0.3554120201969512,True,-0.25642617678666385
2021-06-07 00:00:00+00:00,0.0,0.0,0.0,0.0,0.0,0.0,0.0,0.0,-0.1919437037236376,-0.3585541805689027,-0.2904021541789712,-0.0317106982288437,-0.2219228064394029,-0.3554120201969512,True,-0.25642617678666385
2021-06-08 00:00:00+00:00,0.0,0.0,0.0,0.0,0.0,0.0,0.0,0.0,-0.1919437037236376,-0.3585541805689027,-0.2904021541789712,-0.0317106982288437,-0.2219228064394029,-0.3554120201969512,True,-0.25642617678666385
2021-06-09 00:00:00+00:00,0.0,0.0,0.0,0.0,0.0,0.0,0.0,0.0,-0.1919437037236376,-0.3585541805689027,-0.2904021541789712,-0.0317106982288437,-0.2219228064394029,-0.3554120201969512,True,-0.25642617678666385
2021-06-10 00:00:00+00:00,0.0,0.0,0.0,0.0,0.0,0.0,0.0,0.0,-0.1919437037236376,-0.3585541805689027,-0.2904021541789712,-0.0317106982288437,-0.2219228064394029,-0.3554120201969512,True,-0.25642617678666385
2021-06-11 00:00:00+00:00,0.0,0.0,0.0,0.0,0.0,0.0,0.0,0.0,-0.1919437037236376,-0.3585541805689027,-0.2904021541789712,-0.0317106982288437,-0.2219228064394029,-0.3554120201969512,True,-0.25642617678666385
2021-06-12 00:00:00+00:00,0.0,0.0,0.0,0.0,0.0,0.0,0.0,0.0,-0.1919437037236376,-0.3585541805689027,-0.2904021541789712,-0.0317106982288437,-0.2219228064394029,-0.3554120201969512,True,-0.25642617678666385
2021-06-13 00:00:00+00:00,0.0,0.0,0.0,0.0,0.0,0.0,0.0,0.0,-0.1919437037236376,-0.3585541805689027,-0.2904021541789712,-0.0317106982288437,-0.2219228064394029,-0.3554120201969512,True,-0.25642617678666385
2021-06-14 00:00:00+00:00,0.0,0.0,0.0,0.0,0.0,0.0,0.0,0.0,-0.1919437037236376,-0.3585541805689027,-0.2904021541789712,-0.0317106982288437,-0.2219228064394029,-0.3554120201969512,True,-0.25642617678666385
2021-06-15 00:00:00+00:00,0.0,0.0,0.0,0.0,0.0,0.0,0.0,0.0,-0.1919437037236376,-0.3585541805689027,-0.2904021541789712,-0.0317106982288437,-0.2219228064394029,-0.3554120201969512,True,-0.25642617678666385
2021-06-16 00:00:00+00:00,0.0,0.0,0.0,0.0,0.0,0.0,0.0,0.0,-0.1919437037236376,-0.3585541805689027,-0.2904021541789712,-0.0317106982288437,-0.2219228064394029,-0.3554120201969512,True,-0.25642617678666385
2021-06-17 00:00:00+00:00,0.0,0.0,0.0,0.0,0.0,0.0,0.0,0.0,-0.1919437037236376,-0.3585541805689027,-0.2904021541789712,-0.0317106982288437,-0.2219228064394029,-0.3554120201969512,True,-0.25642617678666385
2021-06-18 00:00:00+00:00,0.0,0.0,0.0,0.0,0.0,0.0,0.0,0.0,-0.1919437037236376,-0.3585541805689027,-0.2904021541789712,-0.0317106982288437,-0.2219228064394029,-0.3554120201969512,True,-0.25642617678666385
2021-06-19 00:00:00+00:00,0.0,0.0,0.0,0.0,0.0,0.0,0.0,0.0,-0.1919437037236376,-0.3585541805689027,-0.2904021541789712,-0.0317106982288437,-0.2219228064394029,-0.3554120201969512,True,-0.25642617678666385
2021-06-20 00:00:00+00:00,0.0,0.0,0.0,0.0,0.0,0.0,0.0,0.0,-0.1919437037236376,-0.3585541805689027,-0.2904021541789712,-0.0317106982288437,-0.2219228064394029,-0.3554120201969512,True,-0.25642617678666385
2021-06-21 00:00:00+00:00,0.0,0.0,0.0,0.0,0.0,0.0,0.0,0.0,-0.1919437037236376,-0.3585541805689027,-0.2904021541789712,-0.0317106982288437,-0.2219228064394029,-0.3554120201969512,True,-0.25642617678666385
2021-06-22 00:00:00+00:00,0.0,0.0,0.0,0.0,0.0,0.0,0.0,0.0,-0.1919437037236376,-0.3585541805689027,-0.2904021541789712,-0.0317106982288437,-0.2219228064394029,-0.3554120201969512,True,-0.25642617678666385
2021-06-23 00:00:00+00:00,0.0,0.0,0.0,0.0,0.0,0.0,0.0,0.0,-0.1919437037236376,-0.3585541805689027,-0.2904021541789712,-0.0317106982288437,-0.2219228064394029,-0.3554120201969512,True,-0.25642617678666385
2021-06-24 00:00:00+00:00,0.0,0.0,0.0,0.0,0.0,0.0,0.0,0.0,-0.1919437037236376,-0.3585541805689027,-0.2904021541789712,-0.0317106982288437,-0.2219228064394029,-0.3554120201969512,True,-0.25642617678666385
2021-06-25 00:00:00+00:00,0.0,0.0,0.0,0.0,0.0,0.0,0.0,0.0,-0.1919437037236376,-0.3585541805689027,-0.2904021541789712,-0.0317106982288437,-0.2219228064394029,-0.3554120201969512,True,-0.25642617678666385
2021-06-26 00:00:00+00:00,0.0,0.0,0.0,0.0,0.0,0.0,0.0,0.0,-0.1919437037236376,-0.3585541805689027,-0.2904021541789712,-0.0317106982288437,-0.2219228064394029,-0.3554120201969512,True,-0.25642617678666385
2021-06-27 00:00:00+00:00,0.0,0.0,0.0,0.0,0.0,0.0,0.0,0.0,-0.1919437037236376,-0.3585541805689027,-0.2904021541789712,-0.0317106982288437,-0.2219228064394029,-0.3554120201969512,True,-0.25642617678666385
2021-06-28 00:00:00+00:00,0.0,0.0,0.0,0.0,0.0,0.0,0.0,0.0,-0.1919437037236376,-0.3585541805689027,-0.2904021541789712,-0.0317106982288437,-0.2219228064394029,-0.3554120201969512,True,-0.25642617678666385
2021-06-29 00:00:00+00:00,0.0,0.0,0.0,0.0,0.0,0.0,0.0,0.0,-0.1919437037236376,-0.3585541805689027,-0.2904021541789712,-0.0317106982288437,-0.2219228064394029,-0.3554120201969512,True,-0.25642617678666385
2021-06-30 00:00:00+00:00,0.0,0.0,0.0,0.0,0.0,0.0,0.0,0.0,-0.1919437037236376,-0.3585541805689027,-0.2904021541789712,-0.0317106982288437,-0.2219228064394029,-0.3554120201969512,True,-0.25642617678666385
2021-07-01 00:00:00+00:00,0.0,0.0,0.0,0.0,0.0,0.0,0.0,0.0,-0.1919437037236376,-0.3585541805689027,-0.2904021541789712,-0.0317106982288437,-0.2219228064394029,-0.3554120201969512,True,-0.25642617678666385
2021-07-02 00:00:00+00:00,0.0,0.0,0.0,0.0,0.0,0.0,0.0,0.0,-0.1919437037236376,-0.3585541805689027,-0.2904021541789712,-0.0317106982288437,-0.2219228064394029,-0.3554120201969512,True,-0.25642617678666385
2021-07-03 00:00:00+00:00,0.0,0.0,0.0,0.0,0.0,0.0,0.0,0.0,-0.1919437037236376,-0.3585541805689027,-0.2904021541789712,-0.0317106982288437,-0.2219228064394029,-0.3554120201969512,True,-0.25642617678666385
2021-07-04 00:00:00+00:00,0.0,0.0,0.0,0.0,0.0,0.0,0.0,0.0,-0.1919437037236376,-0.3585541805689027,-0.2904021541789712,-0.0317106982288437,-0.2219228064394029,-0.3554120201969512,True,-0.25642617678666385
2021-07-05 00:00:00+00:00,0.0,0.0,0.0,0.0,0.0,0.0,0.0,0.0,-0.1919437037236376,-0.3585541805689027,-0.2904021541789712,-0.0317106982288437,-0.2219228064394029,-0.3554120201969512,True,-0.25642617678666385
2021-07-06 00:00:00+00:00,0.0,0.0,0.0,0.0,0.0,0.0,0.0,0.0,-0.1919437037236376,-0.3585541805689027,-0.2904021541789712,-0.0317106982288437,-0.2219228064394029,-0.3554120201969512,True,-0.25642617678666385
2021-07-07 00:00:00+00:00,0.0,0.0,0.0,0.0,0.0,0.0,0.0,0.0,-0.1919437037236376,-0.3585541805689027,-0.2904021541789712,-0.0317106982288437,-0.2219228064394029,-0.3554120201969512,True,-0.25642617678666385
2021-07-08 00:00:00+00:00,0.0,0.0,0.0,0.0,0.0,0.0,0.0,0.0,-0.1919437037236376,-0.3585541805689027,-0.2904021541789712,-0.0317106982288437,-0.2219228064394029,-0.3554120201969512,True,-0.25642617678666385
2021-07-09 00:00:00+00:00,0.0,0.0,0.0,0.0,0.0,0.0,0.0,0.0,-0.1919437037236376,-0.3585541805689027,-0.2904021541789712,-0.0317106982288437,-0.2219228064394029,-0.3554120201969512,True,-0.25642617678666385
2021-07-10 00:00:00+00:00,0.0,0.0,0.0,0.0,0.0,0.0,0.0,0.0,-0.1919437037236376,-0.3585541805689027,-0.2904021541789712,-0.0317106982288437,-0.2219228064394029,-0.3554120201969512,True,-0.25642617678666385
2021-07-11 00:00:00+00:00,0.0,0.0,0.0,0.0,0.0,0.0,0.0,0.0,-0.1919437037236376,-0.3585541805689027,-0.2904021541789712,-0.0317106982288437,-0.2219228064394029,-0.3554120201969512,True,-0.25642617678666385
2021-07-12 00:00:00+00:00,0.0,0.0,0.0,0.0,0.0,0.0,0.0,0.0,-0.1919437037236376,-0.3585541805689027,-0.2904021541789712,-0.0317106982288437,-0.2219228064394029,-0.3554120201969512,True,-0.25642617678666385
2021-07-13 00:00:00+00:00,0.0,0.0,0.0,0.0,0.0,0.0,0.0,0.0,-0.1919437037236376,-0.3585541805689027,-0.2904021541789712,-0.0317106982288437,-0.2219228064394029,-0.3554120201969512,True,-0.25642617678666385
2021-07-14 00:00:00+00:00,0.0,0.0,0.0,0.0,0.0,0.0,0.0,0.0,-0.1919437037236376,-0.3585541805689027,-0.2904021541789712,-0.0317106982288437,-0.2219228064394029,-0.3554120201969512,True,-0.25642617678666385
2021-07-15 00:00:00+00:00,0.0,0.0,0.0,0.0,0.0,0.0,0.0,0.0,-0.1919437037236376,-0.3585541805689027,-0.2904021541789712,-0.0317106982288437,-0.2219228064394029,-0.3554120201969512,True,-0.25642617678666385
2021-07-16 00:00:00+00:00,0.0,0.0,0.0,0.0,0.0,0.0,0.0,0.0,-0.1919437037236376,-0.3585541805689027,-0.2904021541789712,-0.0317106982288437,-0.2219228064394029,-0.3554120201969512,True,-0.25642617678666385
2021-07-17 00:00:00+00:00,0.0,0.0,0.0,0.0,0.0,0.0,0.0,0.0,-0.1919437037236376,-0.3585541805689027,-0.2904021541789712,-0.0317106982288437,-0.2219228064394029,-0.3554120201969512,True,-0.25642617678666385
2021-07-18 00:00:00+00:00,0.0,0.0,0.0,0.0,0.0,0.0,0.0,0.0,-0.1919437037236376,-0.3585541805689027,-0.2904021541789712,-0.0317106982288437,-0.2219228064394029,-0.3554120201969512,True,-0.25642617678666385
2021-07-19 00:00:00+00:00,0.0,0.0,0.0,0.0,0.0,0.0,0.0,0.0,-0.1919437037236376,-0.3585541805689027,-0.2904021541789712,-0.0317106982288437,-0.2219228064394029,-0.3554120201969512,True,-0.25642617678666385
2021-07-20 00:00:00+00:00,0.0,0.0,0.0,0.0,0.0,0.0,0.0,0.0,-0.1919437037236376,-0.3585541805689027,-0.2904021541789712,-0.0317106982288437,-0.2219228064394029,-0.3554120201969512,True,-0.25642617678666385
2021-07-21 00:00:00+00:00,0.0,0.0,0.0,0.0,0.0,0.0,0.0,0.0,-0.1919437037236376,-0.3585541805689027,-0.2904021541789712,-0.0317106982288437,-0.2219228064394029,-0.3554120201969512,True,-0.25642617678666385
2021-07-22 00:00:00+00:00,0.0,0.0,0.0,0.0,0.0,0.0,0.0,0.0,-0.1919437037236376,-0.3585541805689027,-0.2904021541789712,-0.0317106982288437,-0.2219228064394029,-0.3554120201969512,True,-0.25642617678666385
2021-07-23 00:00:00+00:00,0.0,0.0,0.0,0.0,0.0,0.0,0.0,0.0,-0.1919437037236376,-0.3585541805689027,-0.2904021541789712,-0.0317106982288437,-0.2219228064394029,-0.3554120201969512,True,-0.25642617678666385
2021-07-24 00:00:00+00:00,0.0,0.0,0.0,0.0,0.0,0.0,0.0,0.0,-0.1919437037236376,-0.3585541805689027,-0.2904021541789712,-0.0317106982288437,-0.2219228064394029,-0.3554120201969512,True,-0.25642617678666385
2021-07-25 00:00:00+00:00,0.0,0.0,0.0,0.0,0.0,0.0,0.0,0.0,-0.1919437037236376,-0.3585541805689027,-0.2904021541789712,-0.0317106982288437,-0.2219228064394029,-0.3554120201969512,True,-0.25642617678666385
2021-07-26 00:00:00+00:00,0.0,0.0,0.0,0.0,0.0,0.0,0.0,0.0,-0.1919437037236376,-0.3585541805689027,-0.2904021541789712,-0.0317106982288437,-0.2219228064394029,-0.3554120201969512,True,-0.25642617678666385
2021-07-27 00:00:00+00:00,0.0,0.0,0.0,0.0,0.0,0.0,0.0,0.0,-0.1919437037236376,-0.3585541805689027,-0.2904021541789712,-0.0317106982288437,-0.2219228064394029,-0.3554120201969512,True,-0.25642617678666385
2021-07-28 00:00:00+00:00,0.0,0.0,0.0,0.0,0.0,0.0,0.0,0.0,-0.1919437037236376,-0.3585541805689027,-0.2904021541789712,-0.0317106982288437,-0.2219228064394029,-0.3554120201969512,True,-0.25642617678666385
2021-07-29 00:00:00+00:00,0.0,0.0,0.0,0.0,0.0,0.0,0.0,0.0,-0.1919437037236376,-0.3585541805689027,-0.2904021541789712,-0.0317106982288437,-0.2219228064394029,-0.3554120201969512,True,-0.25642617678666385
2021-07-30 00:00:00+00:00,0.0,0.0,0.0,0.0,0.0,0.0,0.0,0.0,-0.1919437037236376,-0.3585541805689027,-0.2904021541789712,-0.0317106982288437,-0.2219228064394029,-0.3554120201969512,True,-0.25642617678666385
2021-07-31 00:00:00+00:00,0.0,0.0,0.0,0.0,0.0,0.0,0.0,0.0,-0.1919437037236376,-0.3585541805689027,-0.2904021541789712,-0.0317106982288437,-0.2219228064394029,-0.3554120201969512,True,-0.25642617678666385
2021-08-01 00:00:00+00:00,0.0,0.0,0.0,0.0,0.0,0.0,0.0,0.0,-0.1919437037236376,-0.3585541805689027,-0.2904021541789712,-0.0317106982288437,-0.2219228064394029,-0.3554120201969512,True,-0.25642617678666385
2021-08-02 00:00:00+00:00,0.0,0.0,0.0,0.0,0.0,0.0,0.0,0.0,-0.1919437037236376,-0.3585541805689027,-0.2904021541789712,-0.0317106982288437,-0.2219228064394029,-0.3554120201969512,True,-0.25642617678666385
2021-08-03 00:00:00+00:00,0.0,0.0,0.0,0.0,0.0,0.0,0.0,0.0,-0.1919437037236376,-0.3585541805689027,-0.2904021541789712,-0.0317106982288437,-0.2219228064394029,-0.3554120201969512,True,-0.25642617678666385
2021-08-04 00:00:00+00:00,0.0,0.0,0.0,0.0,0.0,0.0,0.0,0.0,-0.1919437037236376,-0.3585541805689027,-0.2904021541789712,-0.0317106982288437,-0.2219228064394029,-0.3554120201969512,True,-0.25642617678666385
2021-08-05 00:00:00+00:00,0.0,0.0,0.0,0.0,0.0,0.0,0.0,0.0,-0.1919437037236376,-0.3585541805689027,-0.2904021541789712,-0.0317106982288437,-0.2219228064394029,-0.3554120201969512,True,-0.25642617678666385
2021-08-06 00:00:00+00:00,0.0,0.0,0.0,0.0,0.0,0.0,0.0,0.0,-0.1919437037236376,-0.3585541805689027,-0.2904021541789712,-0.0317106982288437,-0.2219228064394029,-0.3554120201969512,True,-0.25642617678666385
2021-08-07 00:00:00+00:00,0.0,0.0,0.0,0.0,0.0,0.0,0.0,0.0,-0.1919437037236376,-0.3585541805689027,-0.2904021541789712,-0.0317106982288437,-0.2219228064394029,-0.3554120201969512,True,-0.25642617678666385
2021-08-08 00:00:00+00:00,0.0,0.0,0.0,0.0,0.0,0.0,0.0,0.0,-0.1919437037236376,-0.3585541805689027,-0.2904021541789712,-0.0317106982288437,-0.2219228064394029,-0.3554120201969512,True,-0.25642617678666385
2021-08-09 00:00:00+00:00,0.0,0.0,0.0,0.0,0.0,0.0,0.0,0.0,-0.1919437037236376,-0.3585541805689027,-0.2904021541789712,-0.0317106982288437,-0.2219228064394029,-0.3554120201969512,True,-0.25642617678666385
2021-08-10 00:00:00+00:00,0.0,0.0,0.0,0.0,0.0,0.0,0.0,0.0,-0.1919437037236376,-0.3585541805689027,-0.2904021541789712,-0.0317106982288437,-0.2219228064394029,-0.3554120201969512,True,-0.25642617678666385
2021-08-11 00:00:00+00:00,0.0,0.0,0.0,0.0,0.0,0.0,0.0,0.0,-0.1919437037236376,-0.3585541805689027,-0.2904021541789712,-0.0317106982288437,-0.2219228064394029,-0.3554120201969512,True,-0.25642617678666385
2021-08-12 00:00:00+00:00,0.0,0.0,0.0,0.0,0.0,0.0,0.0,0.0,-0.1919437037236376,-0.3585541805689027,-0.2904021541789712,-0.0317106982288437,-0.2219228064394029,-0.3554120201969512,True,-0.25642617678666385
2021-08-13 00:00:00+00:00,0.0,0.0,0.0,0.0,0.0,0.0,0.0,0.0,-0.1919437037236376,-0.3585541805689027,-0.2904021541789712,-0.0317106982288437,-0.2219228064394029,-0.3554120201969512,True,-0.25642617678666385
2021-08-14 00:00:00+00:00,0.0,0.0,0.0,0.0,0.0,0.0,0.0,0.0,-0.1919437037236376,-0.3585541805689027,-0.2904021541789712,-0.0317106982288437,-0.2219228064394029,-0.3554120201969512,True,-0.25642617678666385
2021-08-15 00:00:00+00:00,0.0,0.0,0.0,0.0,0.0,0.0,0.0,0.0,-0.1919437037236376,-0.3585541805689027,-0.2904021541789712,-0.0317106982288437,-0.2219228064394029,-0.3554120201969512,True,-0.25642617678666385
2021-08-16 00:00:00+00:00,0.0,0.0,0.0,0.0,0.0,0.0,0.0,0.0,-0.1919437037236376,-0.3585541805689027,-0.2904021541789712,-0.0317106982288437,-0.2219228064394029,-0.3554120201969512,True,-0.25642617678666385
2021-08-17 00:00:00+00:00,0.0,0.0,0.0,0.0,0.0,0.0,0.0,0.0,-0.1919437037236376,-0.3585541805689027,-0.2904021541789712,-0.0317106982288437,-0.2219228064394029,-0.3554120201969512,True,-0.25642617678666385
2021-08-18 00:00:00+00:00,0.0,0.0,0.0,0.0,0.0,0.0,0.0,0.0,-0.1919437037236376,-0.3585541805689027,-0.2904021541789712,-0.0317106982288437,-0.2219228064394029,-0.3554120201969512,True,-0.25642617678666385
2021-08-19 00:00:00+00:00,0.0,0.0,0.0,0.0,0.0,0.0,0.0,0.0,-0.1919437037236376,-0.3585541805689027,-0.2904021541789712,-0.0317106982288437,-0.2219228064394029,-0.3554120201969512,True,-0.25642617678666385
2021-08-20 00:00:00+00:00,1.0,1.0,1.0,2.0,0.0,0.0,0.0,1.0,-0.0250398893746535,0.3021562398693136,1.214550564394625,-0.0314057681324773,-0.2219228064394029,3.4536583104494114,True,1.068898538211785
2021-08-21 00:00:00+00:00,0.0,0.0,0.0,0.0,0.0,0.0,0.0,0.0,-0.1919437037236376,-0.3585541805689027,-0.2904021541789712,-0.0317106982288437,-0.2219228064394029,-0.3554120201969512,True,-0.25642617678666385
2021-08-22 00:00:00+00:00,0.0,0.0,0.0,0.0,0.0,0.0,0.0,0.0,-0.1919437037236376,-0.3585541805689027,-0.2904021541789712,-0.0317106982288437,-0.2219228064394029,-0.3554120201969512,True,-0.25642617678666385
2021-08-23 00:00:00+00:00,0.0,0.0,0.0,0.0,0.0,0.0,0.0,0.0,-0.1919437037236376,-0.3585541805689027,-0.2904021541789712,-0.0317106982288437,-0.2219228064394029,-0.3554120201969512,True,-0.25642617678666385
2021-08-24 00:00:00+00:00,0.0,0.0,0.0,0.0,0.0,0.0,0.0,0.0,-0.1919437037236376,-0.3585541805689027,-0.2904021541789712,-0.0317106982288437,-0.2219228064394029,-0.3554120201969512,True,-0.25642617678666385
2021-08-25 00:00:00+00:00,0.0,0.0,0.0,0.0,0.0,0.0,0.0,0.0,-0.1919437037236376,-0.3585541805689027,-0.2904021541789712,-0.0317106982288437,-0.2219228064394029,-0.3554120201969512,True,-0.25642617678666385
2021-08-26 00:00:00+00:00,0.0,0.0,0.0,0.0,0.0,0.0,0.0,0.0,-0.1919437037236376,-0.3585541805689027,-0.2904021541789712,-0.0317106982288437,-0.2219228064394029,-0.3554120201969512,True,-0.25642617678666385
2021-08-27 00:00:00+00:00,0.0,0.0,0.0,0.0,0.0,0.0,0.0,0.0,-0.1919437037236376,-0.3585541805689027,-0.2904021541789712,-0.0317106982288437,-0.2219228064394029,-0.3554120201969512,True,-0.25642617678666385
2021-08-28 00:00:00+00:00,0.0,0.0,0.0,0.0,0.0,0.0,0.0,0.0,-0.1919437037236376,-0.3585541805689027,-0.2904021541789712,-0.0317106982288437,-0.2219228064394029,-0.3554120201969512,True,-0.25642617678666385
2021-08-29 00:00:00+00:00,0.0,0.0,0.0,0.0,0.0,0.0,0.0,0.0,-0.1919437037236376,-0.3585541805689027,-0.2904021541789712,-0.0317106982288437,-0.2219228064394029,-0.3554120201969512,True,-0.25642617678666385
2021-08-30 00:00:00+00:00,0.0,0.0,0.0,0.0,0.0,0.0,0.0,0.0,-0.1919437037236376,-0.3585541805689027,-0.2904021541789712,-0.0317106982288437,-0.2219228064394029,-0.3554120201969512,True,-0.25642617678666385
2021-08-31 00:00:00+00:00,0.0,0.0,0.0,0.0,0.0,0.0,0.0,0.0,-0.1919437037236376,-0.3585541805689027,-0.2904021541789712,-0.0317106982288437,-0.2219228064394029,-0.3554120201969512,True,-0.25642617678666385
2021-09-01 00:00:00+00:00,0.0,0.0,0.0,0.0,0.0,0.0,0.0,0.0,-0.1919437037236376,-0.3585541805689027,-0.2904021541789712,-0.0317106982288437,-0.2219228064394029,-0.3554120201969512,True,-0.25642617678666385
2021-09-02 00:00:00+00:00,0.0,0.0,0.0,0.0,0.0,0.0,0.0,0.0,-0.1919437037236376,-0.3585541805689027,-0.2904021541789712,-0.0317106982288437,-0.2219228064394029,-0.3554120201969512,True,-0.25642617678666385
2021-09-03 00:00:00+00:00,1.0,1.0,1.0,196.0,0.0,0.0,0.0,1.0,-0.0250398893746535,0.3021562398693136,1.214550564394625,-0.0018275487849327,-0.2219228064394029,3.4536583104494114,True,1.068898538211785
2021-09-04 00:00:00+00:00,0.0,0.0,0.0,0.0,0.0,0.0,0.0,0.0,-0.1919437037236376,-0.3585541805689027,-0.2904021541789712,-0.0317106982288437,-0.2219228064394029,-0.3554120201969512,True,-0.25642617678666385
2021-09-05 00:00:00+00:00,0.0,0.0,0.0,0.0,0.0,0.0,0.0,0.0,-0.1919437037236376,-0.3585541805689027,-0.2904021541789712,-0.0317106982288437,-0.2219228064394029,-0.3554120201969512,True,-0.25642617678666385
2021-09-06 00:00:00+00:00,0.0,0.0,0.0,0.0,0.0,0.0,0.0,0.0,-0.1919437037236376,-0.3585541805689027,-0.2904021541789712,-0.0317106982288437,-0.2219228064394029,-0.3554120201969512,True,-0.25642617678666385
2021-09-07 00:00:00+00:00,0.0,0.0,0.0,0.0,0.0,0.0,0.0,0.0,-0.1919437037236376,-0.3585541805689027,-0.2904021541789712,-0.0317106982288437,-0.2219228064394029,-0.3554120201969512,True,-0.25642617678666385
2021-09-08 00:00:00+00:00,0.0,0.0,0.0,0.0,0.0,0.0,0.0,0.0,-0.1919437037236376,-0.3585541805689027,-0.2904021541789712,-0.0317106982288437,-0.2219228064394029,-0.3554120201969512,True,-0.25642617678666385
2021-09-09 00:00:00+00:00,2.0,2.0,1.0,2.0,0.5,0.0,0.0,0.5,0.1418639249743304,0.96286666030753,1.214550564394625,-0.0314057681324773,4.290481659415155,1.54912314512623,True,1.993822909838572
2021-09-10 00:00:00+00:00,0.0,0.0,0.0,0.0,0.0,0.0,0.0,0.0,-0.1919437037236376,-0.3585541805689027,-0.2904021541789712,-0.0317106982288437,-0.2219228064394029,-0.3554120201969512,True,-0.25642617678666385
2021-09-11 00:00:00+00:00,1.0,1.0,1.0,10.0,0.0,0.0,0.0,1.0,-0.0250398893746535,0.3021562398693136,1.214550564394625,-0.0301860477470115,-0.2219228064394029,3.4536583104494114,True,1.068898538211785
2021-09-12 00:00:00+00:00,0.0,0.0,0.0,0.0,0.0,0.0,0.0,0.0,-0.1919437037236376,-0.3585541805689027,-0.2904021541789712,-0.0317106982288437,-0.2219228064394029,-0.3554120201969512,True,-0.25642617678666385
2021-09-13 00:00:00+00:00,0.0,0.0,0.0,0.0,0.0,0.0,0.0,0.0,-0.1919437037236376,-0.3585541805689027,-0.2904021541789712,-0.0317106982288437,-0.2219228064394029,-0.3554120201969512,True,-0.25642617678666385
2021-09-14 00:00:00+00:00,0.0,0.0,0.0,0.0,0.0,0.0,0.0,0.0,-0.1919437037236376,-0.3585541805689027,-0.2904021541789712,-0.0317106982288437,-0.2219228064394029,-0.3554120201969512,True,-0.25642617678666385
2021-09-15 00:00:00+00:00,0.0,0.0,0.0,0.0,0.0,0.0,0.0,0.0,-0.1919437037236376,-0.3585541805689027,-0.2904021541789712,-0.0317106982288437,-0.2219228064394029,-0.3554120201969512,True,-0.25642617678666385
2021-09-16 00:00:00+00:00,0.0,0.0,0.0,0.0,0.0,0.0,0.0,0.0,-0.1919437037236376,-0.3585541805689027,-0.2904021541789712,-0.0317106982288437,-0.2219228064394029,-0.3554120201969512,True,-0.25642617678666385
2021-09-17 00:00:00+00:00,0.0,0.0,0.0,0.0,0.0,0.0,0.0,0.0,-0.1919437037236376,-0.3585541805689027,-0.2904021541789712,-0.0317106982288437,-0.2219228064394029,-0.3554120201969512,True,-0.25642617678666385
2021-09-18 00:00:00+00:00,0.0,0.0,0.0,0.0,0.0,0.0,0.0,0.0,-0.1919437037236376,-0.3585541805689027,-0.2904021541789712,-0.0317106982288437,-0.2219228064394029,-0.3554120201969512,True,-0.25642617678666385
2021-09-19 00:00:00+00:00,0.0,0.0,0.0,0.0,0.0,0.0,0.0,0.0,-0.1919437037236376,-0.3585541805689027,-0.2904021541789712,-0.0317106982288437,-0.2219228064394029,-0.3554120201969512,True,-0.25642617678666385
2021-09-20 00:00:00+00:00,0.0,0.0,0.0,0.0,0.0,0.0,0.0,0.0,-0.1919437037236376,-0.3585541805689027,-0.2904021541789712,-0.0317106982288437,-0.2219228064394029,-0.3554120201969512,True,-0.25642617678666385
2021-09-21 00:00:00+00:00,1.0,1.0,0.0,368.0,0.0,0.0,0.0,0.0,-0.0250398893746535,0.3021562398693136,-0.2904021541789712,0.0243964395025809,-0.2219228064394029,-0.3554120201969512,True,-0.20079157200366918
2021-09-22 00:00:00+00:00,4.0,3.0,2.0,1102.5,0.0,0.0,0.0,0.6666666666666666,0.4756715536722986,1.6235770807457464,2.7195032829682213,0.1363820173931556,-0.2219228064394029,2.183968200233957,True,0.8125723158222842
2021-09-23 00:00:00+00:00,0.0,0.0,0.0,0.0,0.0,0.0,0.0,0.0,-0.1919437037236376,-0.3585541805689027,-0.2904021541789712,-0.0317106982288437,-0.2219228064394029,-0.3554120201969512,True,-0.25642617678666385
2021-09-24 00:00:00+00:00,0.0,0.0,0.0,0.0,0.0,0.0,0.0,0.0,-0.1919437037236376,-0.3585541805689027,-0.2904021541789712,-0.0317106982288437,-0.2219228064394029,-0.3554120201969512,True,-0.25642617678666385
2021-09-25 00:00:00+00:00,2.0,2.0,1.0,9.0,0.5,0.0,0.0,0.5,0.1418639249743304,0.96286666030753,1.214550564394625,-0.0303385127951947,4.290481659415155,1.54912314512623,True,1.993822909838572
2021-09-26 00:00:00+00:00,0.0,0.0,0.0,0.0,0.0,0.0,0.0,0.0,-0.1919437037236376,-0.3585541805689027,-0.2904021541789712,-0.0317106982288437,-0.2219228064394029,-0.3554120201969512,True,-0.25642617678666385
2021-09-27 00:00:00+00:00,0.0,0.0,0.0,0.0,0.0,0.0,0.0,0.0,-0.1919437037236376,-0.3585541805689027,-0.2904021541789712,-0.0317106982288437,-0.2219228064394029,-0.3554120201969512,True,-0.25642617678666385
2021-09-28 00:00:00+00:00,1.0,1.0,0.0,886.0,0.0,0.0,0.0,0.0,-0.0250398893746535,0.3021562398693136,-0.2904021541789712,0.1033733344614886,-0.2219228064394029,-0.3554120201969512,True,-0.20079157200366918
2021-09-29 00:00:00+00:00,0.0,0.0,0.0,0.0,0.0,0.0,0.0,0.0,-0.1919437037236376,-0.3585541805689027,-0.2904021541789712,-0.0317106982288437,-0.2219228064394029,-0.3554120201969512,True,-0.25642617678666385
2021-09-30 00:00:00+00:00,0.0,0.0,0.0,0.0,0.0,0.0,0.0,0.0,-0.1919437037236376,-0.3585541805689027,-0.2904021541789712,-0.0317106982288437,-0.2219228064394029,-0.3554120201969512,True,-0.25642617678666385
2021-10-01 00:00:00+00:00,0.0,0.0,0.0,0.0,0.0,0.0,0.0,0.0,-0.1919437037236376,-0.3585541805689027,-0.2904021541789712,-0.0317106982288437,-0.2219228064394029,-0.3554120201969512,True,-0.25642617678666385
2021-10-02 00:00:00+00:00,0.0,0.0,0.0,0.0,0.0,0.0,0.0,0.0,-0.1919437037236376,-0.3585541805689027,-0.2904021541789712,-0.0317106982288437,-0.2219228064394029,-0.3554120201969512,True,-0.25642617678666385
2021-10-03 00:00:00+00:00,0.0,0.0,0.0,0.0,0.0,0.0,0.0,0.0,-0.1919437037236376,-0.3585541805689027,-0.2904021541789712,-0.0317106982288437,-0.2219228064394029,-0.3554120201969512,True,-0.25642617678666385
2021-10-04 00:00:00+00:00,0.0,0.0,0.0,0.0,0.0,0.0,0.0,0.0,-0.1919437037236376,-0.3585541805689027,-0.2904021541789712,-0.0317106982288437,-0.2219228064394029,-0.3554120201969512,True,-0.25642617678666385
2021-10-05 00:00:00+00:00,0.0,0.0,0.0,0.0,0.0,0.0,0.0,0.0,-0.1919437037236376,-0.3585541805689027,-0.2904021541789712,-0.0317106982288437,-0.2219228064394029,-0.3554120201969512,True,-0.25642617678666385
2021-10-06 00:00:00+00:00,0.0,0.0,0.0,0.0,0.0,0.0,0.0,0.0,-0.1919437037236376,-0.3585541805689027,-0.2904021541789712,-0.0317106982288437,-0.2219228064394029,-0.3554120201969512,True,-0.25642617678666385
2021-10-07 00:00:00+00:00,0.0,0.0,0.0,0.0,0.0,0.0,0.0,0.0,-0.1919437037236376,-0.3585541805689027,-0.2904021541789712,-0.0317106982288437,-0.2219228064394029,-0.3554120201969512,True,-0.25642617678666385
2021-10-08 00:00:00+00:00,0.0,0.0,0.0,0.0,0.0,0.0,0.0,0.0,-0.1919437037236376,-0.3585541805689027,-0.2904021541789712,-0.0317106982288437,-0.2219228064394029,-0.3554120201969512,True,-0.25642617678666385
2021-10-09 00:00:00+00:00,0.0,0.0,0.0,0.0,0.0,0.0,0.0,0.0,-0.1919437037236376,-0.3585541805689027,-0.2904021541789712,-0.0317106982288437,-0.2219228064394029,-0.3554120201969512,True,-0.25642617678666385
2021-10-10 00:00:00+00:00,0.0,0.0,0.0,0.0,0.0,0.0,0.0,0.0,-0.1919437037236376,-0.3585541805689027,-0.2904021541789712,-0.0317106982288437,-0.2219228064394029,-0.3554120201969512,True,-0.25642617678666385
2021-10-11 00:00:00+00:00,0.0,0.0,0.0,0.0,0.0,0.0,0.0,0.0,-0.1919437037236376,-0.3585541805689027,-0.2904021541789712,-0.0317106982288437,-0.2219228064394029,-0.3554120201969512,True,-0.25642617678666385
2021-10-12 00:00:00+00:00,0.0,0.0,0.0,0.0,0.0,0.0,0.0,0.0,-0.1919437037236376,-0.3585541805689027,-0.2904021541789712,-0.0317106982288437,-0.2219228064394029,-0.3554120201969512,True,-0.25642617678666385
2021-10-13 00:00:00+00:00,0.0,0.0,0.0,0.0,0.0,0.0,0.0,0.0,-0.1919437037236376,-0.3585541805689027,-0.2904021541789712,-0.0317106982288437,-0.2219228064394029,-0.3554120201969512,True,-0.25642617678666385
2021-10-14 00:00:00+00:00,0.0,0.0,0.0,0.0,0.0,0.0,0.0,0.0,-0.1919437037236376,-0.3585541805689027,-0.2904021541789712,-0.0317106982288437,-0.2219228064394029,-0.3554120201969512,True,-0.25642617678666385
2021-10-15 00:00:00+00:00,0.0,0.0,0.0,0.0,0.0,0.0,0.0,0.0,-0.1919437037236376,-0.3585541805689027,-0.2904021541789712,-0.0317106982288437,-0.2219228064394029,-0.3554120201969512,True,-0.25642617678666385
2021-10-16 00:00:00+00:00,0.0,0.0,0.0,0.0,0.0,0.0,0.0,0.0,-0.1919437037236376,-0.3585541805689027,-0.2904021541789712,-0.0317106982288437,-0.2219228064394029,-0.3554120201969512,True,-0.25642617678666385
2021-10-17 00:00:00+00:00,0.0,0.0,0.0,0.0,0.0,0.0,0.0,0.0,-0.1919437037236376,-0.3585541805689027,-0.2904021541789712,-0.0317106982288437,-0.2219228064394029,-0.3554120201969512,True,-0.25642617678666385
2021-10-18 00:00:00+00:00,0.0,0.0,0.0,0.0,0.0,0.0,0.0,0.0,-0.1919437037236376,-0.3585541805689027,-0.2904021541789712,-0.0317106982288437,-0.2219228064394029,-0.3554120201969512,True,-0.25642617678666385
2021-10-19 00:00:00+00:00,0.0,0.0,0.0,0.0,0.0,0.0,0.0,0.0,-0.1919437037236376,-0.3585541805689027,-0.2904021541789712,-0.0317106982288437,-0.2219228064394029,-0.3554120201969512,True,-0.25642617678666385
2021-10-20 00:00:00+00:00,0.0,0.0,0.0,0.0,0.0,0.0,0.0,0.0,-0.1919437037236376,-0.3585541805689027,-0.2904021541789712,-0.0317106982288437,-0.2219228064394029,-0.3554120201969512,True,-0.25642617678666385
2021-10-21 00:00:00+00:00,2.0,1.0,1.0,1.0,0.5,0.0,0.0,1.0,0.1418639249743304,0.3021562398693136,1.214550564394625,-0.0315582331806605,4.290481659415155,3.4536583104494114,True,2.628667964946299
2021-10-22 00:00:00+00:00,0.0,0.0,0.0,0.0,0.0,0.0,0.0,0.0,-0.1919437037236376,-0.3585541805689027,-0.2904021541789712,-0.0317106982288437,-0.2219228064394029,-0.3554120201969512,True,-0.25642617678666385
2021-10-23 00:00:00+00:00,0.0,0.0,0.0,0.0,0.0,0.0,0.0,0.0,-0.1919437037236376,-0.3585541805689027,-0.2904021541789712,-0.0317106982288437,-0.2219228064394029,-0.3554120201969512,True,-0.25642617678666385
2021-10-24 00:00:00+00:00,0.0,0.0,0.0,0.0,0.0,0.0,0.0,0.0,-0.1919437037236376,-0.3585541805689027,-0.2904021541789712,-0.0317106982288437,-0.2219228064394029,-0.3554120201969512,True,-0.25642617678666385
2021-10-25 00:00:00+00:00,0.0,0.0,0.0,0.0,0.0,0.0,0.0,0.0,-0.1919437037236376,-0.3585541805689027,-0.2904021541789712,-0.0317106982288437,-0.2219228064394029,-0.3554120201969512,True,-0.25642617678666385
2021-10-26 00:00:00+00:00,0.0,0.0,0.0,0.0,0.0,0.0,0.0,0.0,-0.1919437037236376,-0.3585541805689027,-0.2904021541789712,-0.0317106982288437,-0.2219228064394029,-0.3554120201969512,True,-0.25642617678666385
2021-10-27 00:00:00+00:00,0.0,0.0,0.0,0.0,0.0,0.0,0.0,0.0,-0.1919437037236376,-0.3585541805689027,-0.2904021541789712,-0.0317106982288437,-0.2219228064394029,-0.3554120201969512,True,-0.25642617678666385
2021-10-28 00:00:00+00:00,0.0,0.0,0.0,0.0,0.0,0.0,0.0,0.0,-0.1919437037236376,-0.3585541805689027,-0.2904021541789712,-0.0317106982288437,-0.2219228064394029,-0.3554120201969512,True,-0.25642617678666385
2021-10-29 00:00:00+00:00,0.0,0.0,0.0,0.0,0.0,0.0,0.0,0.0,-0.1919437037236376,-0.3585541805689027,-0.2904021541789712,-0.0317106982288437,-0.2219228064394029,-0.3554120201969512,True,-0.25642617678666385
2021-10-30 00:00:00+00:00,0.0,0.0,0.0,0.0,0.0,0.0,0.0,0.0,-0.1919437037236376,-0.3585541805689027,-0.2904021541789712,-0.0317106982288437,-0.2219228064394029,-0.3554120201969512,True,-0.25642617678666385
2021-10-31 00:00:00+00:00,0.0,0.0,0.0,0.0,0.0,0.0,0.0,0.0,-0.1919437037236376,-0.3585541805689027,-0.2904021541789712,-0.0317106982288437,-0.2219228064394029,-0.3554120201969512,True,-0.25642617678666385
2021-11-01 00:00:00+00:00,0.0,0.0,0.0,0.0,0.0,0.0,0.0,0.0,-0.1919437037236376,-0.3585541805689027,-0.2904021541789712,-0.0317106982288437,-0.2219228064394029,-0.3554120201969512,True,-0.25642617678666385
2021-11-02 00:00:00+00:00,4.0,1.0,1.0,5.0,0.0,0.0,0.0,1.0,0.4756715536722986,0.3021562398693136,1.214550564394625,-0.0309483729879276,-0.2219228064394029,3.4536583104494114,True,1.2358023525607689
2021-11-03 00:00:00+00:00,0.0,0.0,0.0,0.0,0.0,0.0,0.0,0.0,-0.1919437037236376,-0.3585541805689027,-0.2904021541789712,-0.0317106982288437,-0.2219228064394029,-0.3554120201969512,True,-0.25642617678666385
2021-11-04 00:00:00+00:00,0.0,0.0,0.0,0.0,0.0,0.0,0.0,0.0,-0.1919437037236376,-0.3585541805689027,-0.2904021541789712,-0.0317106982288437,-0.2219228064394029,-0.3554120201969512,True,-0.25642617678666385
2021-11-05 00:00:00+00:00,0.0,0.0,0.0,0.0,0.0,0.0,0.0,0.0,-0.1919437037236376,-0.3585541805689027,-0.2904021541789712,-0.0317106982288437,-0.2219228064394029,-0.3554120201969512,True,-0.25642617678666385
2021-11-06 00:00:00+00:00,1.0,1.0,1.0,0.0,0.0,0.0,0.0,1.0,-0.0250398893746535,0.3021562398693136,1.214550564394625,-0.0317106982288437,-0.2219228064394029,3.4536583104494114,True,1.068898538211785
2021-11-07 00:00:00+00:00,0.0,0.0,0.0,0.0,0.0,0.0,0.0,0.0,-0.1919437037236376,-0.3585541805689027,-0.2904021541789712,-0.0317106982288437,-0.2219228064394029,-0.3554120201969512,True,-0.25642617678666385
2021-11-08 00:00:00+00:00,0.0,0.0,0.0,0.0,0.0,0.0,0.0,0.0,-0.1919437037236376,-0.3585541805689027,-0.2904021541789712,-0.0317106982288437,-0.2219228064394029,-0.3554120201969512,True,-0.25642617678666385
2021-11-09 00:00:00+00:00,0.0,0.0,0.0,0.0,0.0,0.0,0.0,0.0,-0.1919437037236376,-0.3585541805689027,-0.2904021541789712,-0.0317106982288437,-0.2219228064394029,-0.3554120201969512,True,-0.25642617678666385
2021-11-10 00:00:00+00:00,0.0,0.0,0.0,0.0,0.0,0.0,0.0,0.0,-0.1919437037236376,-0.3585541805689027,-0.2904021541789712,-0.0317106982288437,-0.2219228064394029,-0.3554120201969512,True,-0.25642617678666385
2021-11-11 00:00:00+00:00,0.0,0.0,0.0,0.0,0.0,0.0,0.0,0.0,-0.1919437037236376,-0.3585541805689027,-0.2904021541789712,-0.0317106982288437,-0.2219228064394029,-0.3554120201969512,True,-0.25642617678666385
2021-11-12 00:00:00+00:00,0.0,0.0,0.0,0.0,0.0,0.0,0.0,0.0,-0.1919437037236376,-0.3585541805689027,-0.2904021541789712,-0.0317106982288437,-0.2219228064394029,-0.3554120201969512,True,-0.25642617678666385
2021-11-13 00:00:00+00:00,0.0,0.0,0.0,0.0,0.0,0.0,0.0,0.0,-0.1919437037236376,-0.3585541805689027,-0.2904021541789712,-0.0317106982288437,-0.2219228064394029,-0.3554120201969512,True,-0.25642617678666385
2021-11-14 00:00:00+00:00,0.0,0.0,0.0,0.0,0.0,0.0,0.0,0.0,-0.1919437037236376,-0.3585541805689027,-0.2904021541789712,-0.0317106982288437,-0.2219228064394029,-0.3554120201969512,True,-0.25642617678666385
2021-11-15 00:00:00+00:00,0.0,0.0,0.0,0.0,0.0,0.0,0.0,0.0,-0.1919437037236376,-0.3585541805689027,-0.2904021541789712,-0.0317106982288437,-0.2219228064394029,-0.3554120201969512,True,-0.25642617678666385
2021-11-16 00:00:00+00:00,0.0,0.0,0.0,0.0,0.0,0.0,0.0,0.0,-0.1919437037236376,-0.3585541805689027,-0.2904021541789712,-0.0317106982288437,-0.2219228064394029,-0.3554120201969512,True,-0.25642617678666385
2021-11-17 00:00:00+00:00,0.0,0.0,0.0,0.0,0.0,0.0,0.0,0.0,-0.1919437037236376,-0.3585541805689027,-0.2904021541789712,-0.0317106982288437,-0.2219228064394029,-0.3554120201969512,True,-0.25642617678666385
2021-11-18 00:00:00+00:00,0.0,0.0,0.0,0.0,0.0,0.0,0.0,0.0,-0.1919437037236376,-0.3585541805689027,-0.2904021541789712,-0.0317106982288437,-0.2219228064394029,-0.3554120201969512,True,-0.25642617678666385
2021-11-19 00:00:00+00:00,0.0,0.0,0.0,0.0,0.0,0.0,0.0,0.0,-0.1919437037236376,-0.3585541805689027,-0.2904021541789712,-0.0317106982288437,-0.2219228064394029,-0.3554120201969512,True,-0.25642617678666385
2021-11-20 00:00:00+00:00,0.0,0.0,0.0,0.0,0.0,0.0,0.0,0.0,-0.1919437037236376,-0.3585541805689027,-0.2904021541789712,-0.0317106982288437,-0.2219228064394029,-0.3554120201969512,True,-0.25642617678666385
2021-11-21 00:00:00+00:00,0.0,0.0,0.0,0.0,0.0,0.0,0.0,0.0,-0.1919437037236376,-0.3585541805689027,-0.2904021541789712,-0.0317106982288437,-0.2219228064394029,-0.3554120201969512,True,-0.25642617678666385
2021-11-22 00:00:00+00:00,0.0,0.0,0.0,0.0,0.0,0.0,0.0,0.0,-0.1919437037236376,-0.3585541805689027,-0.2904021541789712,-0.0317106982288437,-0.2219228064394029,-0.3554120201969512,True,-0.25642617678666385
2021-11-23 00:00:00+00:00,0.0,0.0,0.0,0.0,0.0,0.0,0.0,0.0,-0.1919437037236376,-0.3585541805689027,-0.2904021541789712,-0.0317106982288437,-0.2219228064394029,-0.3554120201969512,True,-0.25642617678666385
2021-11-24 00:00:00+00:00,0.0,0.0,0.0,0.0,0.0,0.0,0.0,0.0,-0.1919437037236376,-0.3585541805689027,-0.2904021541789712,-0.0317106982288437,-0.2219228064394029,-0.3554120201969512,True,-0.25642617678666385
2021-11-25 00:00:00+00:00,2.0,2.0,0.0,309.0,0.0,0.0,0.0,0.0,0.1418639249743304,0.96286666030753,-0.2904021541789712,0.015401001659771,-0.2219228064394029,-0.3554120201969512,True,-0.14515696722067456
2021-11-26 00:00:00+00:00,0.0,0.0,0.0,0.0,0.0,0.0,0.0,0.0,-0.1919437037236376,-0.3585541805689027,-0.2904021541789712,-0.0317106982288437,-0.2219228064394029,-0.3554120201969512,True,-0.25642617678666385
2021-11-27 00:00:00+00:00,0.0,0.0,0.0,0.0,0.0,0.0,0.0,0.0,-0.1919437037236376,-0.3585541805689027,-0.2904021541789712,-0.0317106982288437,-0.2219228064394029,-0.3554120201969512,True,-0.25642617678666385
2021-11-28 00:00:00+00:00,0.0,0.0,0.0,0.0,0.0,0.0,0.0,0.0,-0.1919437037236376,-0.3585541805689027,-0.2904021541789712,-0.0317106982288437,-0.2219228064394029,-0.3554120201969512,True,-0.25642617678666385
2021-11-29 00:00:00+00:00,0.0,0.0,0.0,0.0,0.0,0.0,0.0,0.0,-0.1919437037236376,-0.3585541805689027,-0.2904021541789712,-0.0317106982288437,-0.2219228064394029,-0.3554120201969512,True,-0.25642617678666385
2021-11-30 00:00:00+00:00,0.0,0.0,0.0,0.0,0.0,0.0,0.0,0.0,-0.1919437037236376,-0.3585541805689027,-0.2904021541789712,-0.0317106982288437,-0.2219228064394029,-0.3554120201969512,True,-0.25642617678666385
2021-12-01 00:00:00+00:00,10.0,4.0,3.0,96.5,0.0,0.0,0.0,0.75,1.477094439766203,2.2842875011839627,4.224456001541817,-0.016997821079163,-0.2219228064394029,2.501390727787821,True,1.2521874537048736
2021-12-02 00:00:00+00:00,6.0,5.0,2.0,226.0,0.1666666666666666,0.0,0.0,0.4,0.8094791823702667,2.944997921622179,2.7195032829682213,0.0027464026605638,1.2822120155121155,1.1682161120615937,True,1.0866357699813254
2021-12-03 00:00:00+00:00,5.0,3.0,1.0,45.8,0.0,0.0,0.0,0.3333333333333333,0.6425753680212826,1.6235770807457464,1.214550564394625,-0.0247277990220523,-0.2219228064394029,0.9142780900185028,True,0.4449768838667942
2021-12-04 00:00:00+00:00,0.0,0.0,0.0,0.0,0.0,0.0,0.0,0.0,-0.1919437037236376,-0.3585541805689027,-0.2904021541789712,-0.0317106982288437,-0.2219228064394029,-0.3554120201969512,True,-0.25642617678666385
2021-12-05 00:00:00+00:00,0.0,0.0,0.0,0.0,0.0,0.0,0.0,0.0,-0.1919437037236376,-0.3585541805689027,-0.2904021541789712,-0.0317106982288437,-0.2219228064394029,-0.3554120201969512,True,-0.25642617678666385
2021-12-06 00:00:00+00:00,2.0,2.0,1.0,114.5,0.0,0.0,0.0,0.5,0.1418639249743304,0.96286666030753,1.214550564394625,-0.0142534502118651,-0.2219228064394029,1.54912314512623,True,0.4896880878870525
2021-12-07 00:00:00+00:00,2.0,2.0,1.0,62.0,0.0,0.0,0.0,0.5,0.1418639249743304,0.96286666030753,1.214550564394625,-0.0222578652414841,-0.2219228064394029,1.54912314512623,True,0.4896880878870525
2021-12-08 00:00:00+00:00,3.0,2.0,0.0,47.333333333333336,0.3333333333333333,0.0,0.0,0.0,0.3087677393233145,0.96286666030753,-0.2904021541789712,-0.0244940192815047,2.786346837463636,-0.3554120201969512,True,0.9132341855299999
2021-12-09 00:00:00+00:00,2.0,2.0,2.0,98.0,0.5,0.0,0.0,1.0,0.1418639249743304,0.96286666030753,2.7195032829682213,-0.0167691235068882,4.290481659415155,3.4536583104494114,True,2.628667964946299
2021-12-10 00:00:00+00:00,0.0,0.0,0.0,0.0,0.0,0.0,0.0,0.0,-0.1919437037236376,-0.3585541805689027,-0.2904021541789712,-0.0317106982288437,-0.2219228064394029,-0.3554120201969512,True,-0.25642617678666385
2021-12-11 00:00:00+00:00,0.0,0.0,0.0,0.0,0.0,0.0,0.0,0.0,-0.1919437037236376,-0.3585541805689027,-0.2904021541789712,-0.0317106982288437,-0.2219228064394029,-0.3554120201969512,True,-0.25642617678666385
2021-12-12 00:00:00+00:00,0.0,0.0,0.0,0.0,0.0,0.0,0.0,0.0,-0.1919437037236376,-0.3585541805689027,-0.2904021541789712,-0.0317106982288437,-0.2219228064394029,-0.3554120201969512,True,-0.25642617678666385
2021-12-13 00:00:00+00:00,0.0,0.0,0.0,0.0,0.0,0.0,0.0,0.0,-0.1919437037236376,-0.3585541805689027,-0.2904021541789712,-0.0317106982288437,-0.2219228064394029,-0.3554120201969512,True,-0.25642617678666385
2021-12-14 00:00:00+00:00,0.0,0.0,0.0,0.0,0.0,0.0,0.0,0.0,-0.1919437037236376,-0.3585541805689027,-0.2904021541789712,-0.0317106982288437,-0.2219228064394029,-0.3554120201969512,True,-0.25642617678666385
2021-12-15 00:00:00+00:00,0.0,0.0,0.0,0.0,0.0,0.0,0.0,0.0,-0.1919437037236376,-0.3585541805689027,-0.2904021541789712,-0.0317106982288437,-0.2219228064394029,-0.3554120201969512,True,-0.25642617678666385
2021-12-16 00:00:00+00:00,0.0,0.0,0.0,0.0,0.0,0.0,0.0,0.0,-0.1919437037236376,-0.3585541805689027,-0.2904021541789712,-0.0317106982288437,-0.2219228064394029,-0.3554120201969512,True,-0.25642617678666385
2021-12-17 00:00:00+00:00,0.0,0.0,0.0,0.0,0.0,0.0,0.0,0.0,-0.1919437037236376,-0.3585541805689027,-0.2904021541789712,-0.0317106982288437,-0.2219228064394029,-0.3554120201969512,True,-0.25642617678666385
2021-12-18 00:00:00+00:00,0.0,0.0,0.0,0.0,0.0,0.0,0.0,0.0,-0.1919437037236376,-0.3585541805689027,-0.2904021541789712,-0.0317106982288437,-0.2219228064394029,-0.3554120201969512,True,-0.25642617678666385
2021-12-19 00:00:00+00:00,0.0,0.0,0.0,0.0,0.0,0.0,0.0,0.0,-0.1919437037236376,-0.3585541805689027,-0.2904021541789712,-0.0317106982288437,-0.2219228064394029,-0.3554120201969512,True,-0.25642617678666385
2021-12-20 00:00:00+00:00,0.0,0.0,0.0,0.0,0.0,0.0,0.0,0.0,-0.1919437037236376,-0.3585541805689027,-0.2904021541789712,-0.0317106982288437,-0.2219228064394029,-0.3554120201969512,True,-0.25642617678666385
2021-12-21 00:00:00+00:00,0.0,0.0,0.0,0.0,0.0,0.0,0.0,0.0,-0.1919437037236376,-0.3585541805689027,-0.2904021541789712,-0.0317106982288437,-0.2219228064394029,-0.3554120201969512,True,-0.25642617678666385
2021-12-22 00:00:00+00:00,1.0,1.0,1.0,45.0,0.0,0.0,0.0,1.0,-0.0250398893746535,0.3021562398693136,1.214550564394625,-0.0248497710605988,-0.2219228064394029,3.4536583104494114,True,1.068898538211785
2021-12-23 00:00:00+00:00,0.0,0.0,0.0,0.0,0.0,0.0,0.0,0.0,-0.1919437037236376,-0.3585541805689027,-0.2904021541789712,-0.0317106982288437,-0.2219228064394029,-0.3554120201969512,True,-0.25642617678666385
2021-12-24 00:00:00+00:00,0.0,0.0,0.0,0.0,0.0,0.0,0.0,0.0,-0.1919437037236376,-0.3585541805689027,-0.2904021541789712,-0.0317106982288437,-0.2219228064394029,-0.3554120201969512,True,-0.25642617678666385
2021-12-25 00:00:00+00:00,0.0,0.0,0.0,0.0,0.0,0.0,0.0,0.0,-0.1919437037236376,-0.3585541805689027,-0.2904021541789712,-0.0317106982288437,-0.2219228064394029,-0.3554120201969512,True,-0.25642617678666385
2021-12-26 00:00:00+00:00,0.0,0.0,0.0,0.0,0.0,0.0,0.0,0.0,-0.1919437037236376,-0.3585541805689027,-0.2904021541789712,-0.0317106982288437,-0.2219228064394029,-0.3554120201969512,True,-0.25642617678666385
2021-12-27 00:00:00+00:00,0.0,0.0,0.0,0.0,0.0,0.0,0.0,0.0,-0.1919437037236376,-0.3585541805689027,-0.2904021541789712,-0.0317106982288437,-0.2219228064394029,-0.3554120201969512,True,-0.25642617678666385
2021-12-28 00:00:00+00:00,0.0,0.0,0.0,0.0,0.0,0.0,0.0,0.0,-0.1919437037236376,-0.3585541805689027,-0.2904021541789712,-0.0317106982288437,-0.2219228064394029,-0.3554120201969512,True,-0.25642617678666385
2021-12-29 00:00:00+00:00,0.0,0.0,0.0,0.0,0.0,0.0,0.0,0.0,-0.1919437037236376,-0.3585541805689027,-0.2904021541789712,-0.0317106982288437,-0.2219228064394029,-0.3554120201969512,True,-0.25642617678666385
2021-12-30 00:00:00+00:00,0.0,0.0,0.0,0.0,0.0,0.0,0.0,0.0,-0.1919437037236376,-0.3585541805689027,-0.2904021541789712,-0.0317106982288437,-0.2219228064394029,-0.3554120201969512,True,-0.25642617678666385
2021-12-31 00:00:00+00:00,0.0,0.0,0.0,0.0,0.0,0.0,0.0,0.0,-0.1919437037236376,-0.3585541805689027,-0.2904021541789712,-0.0317106982288437,-0.2219228064394029,-0.3554120201969512,True,-0.25642617678666385
2022-01-01 00:00:00+00:00,0.0,0.0,0.0,0.0,0.0,0.0,0.0,0.0,-0.1919437037236376,-0.3585541805689027,-0.2904021541789712,-0.0317106982288437,-0.2219228064394029,-0.3554120201969512,True,-0.25642617678666385
2022-01-02 00:00:00+00:00,0.0,0.0,0.0,0.0,0.0,0.0,0.0,0.0,-0.1919437037236376,-0.3585541805689027,-0.2904021541789712,-0.0317106982288437,-0.2219228064394029,-0.3554120201969512,True,-0.25642617678666385
2022-01-03 00:00:00+00:00,0.0,0.0,0.0,0.0,0.0,0.0,0.0,0.0,-0.1919437037236376,-0.3585541805689027,-0.2904021541789712,-0.0317106982288437,-0.2219228064394029,-0.3554120201969512,True,-0.25642617678666385
2022-01-04 00:00:00+00:00,0.0,0.0,0.0,0.0,0.0,0.0,0.0,0.0,-0.1919437037236376,-0.3585541805689027,-0.2904021541789712,-0.0317106982288437,-0.2219228064394029,-0.3554120201969512,True,-0.25642617678666385
2022-01-05 00:00:00+00:00,0.0,0.0,0.0,0.0,0.0,0.0,0.0,0.0,-0.1919437037236376,-0.3585541805689027,-0.2904021541789712,-0.0317106982288437,-0.2219228064394029,-0.3554120201969512,True,-0.25642617678666385
2022-01-06 00:00:00+00:00,0.0,0.0,0.0,0.0,0.0,0.0,0.0,0.0,-0.1919437037236376,-0.3585541805689027,-0.2904021541789712,-0.0317106982288437,-0.2219228064394029,-0.3554120201969512,True,-0.25642617678666385
2022-01-07 00:00:00+00:00,0.0,0.0,0.0,0.0,0.0,0.0,0.0,0.0,-0.1919437037236376,-0.3585541805689027,-0.2904021541789712,-0.0317106982288437,-0.2219228064394029,-0.3554120201969512,True,-0.25642617678666385
2022-01-08 00:00:00+00:00,0.0,0.0,0.0,0.0,0.0,0.0,0.0,0.0,-0.1919437037236376,-0.3585541805689027,-0.2904021541789712,-0.0317106982288437,-0.2219228064394029,-0.3554120201969512,True,-0.25642617678666385
2022-01-09 00:00:00+00:00,4.0,3.0,1.0,482.75,0.25,0.0,0.0,0.3333333333333333,0.4756715536722986,1.6235770807457464,1.214550564394625,0.0418918037816054,2.034279426487876,0.9142780900185028,True,1.141409690059559
2022-01-10 00:00:00+00:00,0.0,0.0,0.0,0.0,0.0,0.0,0.0,0.0,-0.1919437037236376,-0.3585541805689027,-0.2904021541789712,-0.0317106982288437,-0.2219228064394029,-0.3554120201969512,True,-0.25642617678666385
2022-01-11 00:00:00+00:00,0.0,0.0,0.0,0.0,0.0,0.0,0.0,0.0,-0.1919437037236376,-0.3585541805689027,-0.2904021541789712,-0.0317106982288437,-0.2219228064394029,-0.3554120201969512,True,-0.25642617678666385
2022-01-12 00:00:00+00:00,0.0,0.0,0.0,0.0,0.0,0.0,0.0,0.0,-0.1919437037236376,-0.3585541805689027,-0.2904021541789712,-0.0317106982288437,-0.2219228064394029,-0.3554120201969512,True,-0.25642617678666385
2022-01-13 00:00:00+00:00,0.0,0.0,0.0,0.0,0.0,0.0,0.0,0.0,-0.1919437037236376,-0.3585541805689027,-0.2904021541789712,-0.0317106982288437,-0.2219228064394029,-0.3554120201969512,True,-0.25642617678666385
2022-01-14 00:00:00+00:00,4.0,1.0,0.0,3.5,0.0,0.0,0.0,0.0,0.4756715536722986,0.3021562398693136,-0.2904021541789712,-0.0311770705602024,-0.2219228064394029,-0.3554120201969512,True,-0.03388775765468518
2022-01-15 00:00:00+00:00,0.0,0.0,0.0,0.0,0.0,0.0,0.0,0.0,-0.1919437037236376,-0.3585541805689027,-0.2904021541789712,-0.0317106982288437,-0.2219228064394029,-0.3554120201969512,True,-0.25642617678666385
2022-01-16 00:00:00+00:00,0.0,0.0,0.0,0.0,0.0,0.0,0.0,0.0,-0.1919437037236376,-0.3585541805689027,-0.2904021541789712,-0.0317106982288437,-0.2219228064394029,-0.3554120201969512,True,-0.25642617678666385
2022-01-17 00:00:00+00:00,0.0,0.0,0.0,0.0,0.0,0.0,0.0,0.0,-0.1919437037236376,-0.3585541805689027,-0.2904021541789712,-0.0317106982288437,-0.2219228064394029,-0.3554120201969512,True,-0.25642617678666385
2022-01-18 00:00:00+00:00,0.0,0.0,0.0,0.0,0.0,0.0,0.0,0.0,-0.1919437037236376,-0.3585541805689027,-0.2904021541789712,-0.0317106982288437,-0.2219228064394029,-0.3554120201969512,True,-0.25642617678666385
2022-01-19 00:00:00+00:00,0.0,0.0,0.0,0.0,0.0,0.0,0.0,0.0,-0.1919437037236376,-0.3585541805689027,-0.2904021541789712,-0.0317106982288437,-0.2219228064394029,-0.3554120201969512,True,-0.25642617678666385
2022-01-20 00:00:00+00:00,0.0,0.0,0.0,0.0,0.0,0.0,0.0,0.0,-0.1919437037236376,-0.3585541805689027,-0.2904021541789712,-0.0317106982288437,-0.2219228064394029,-0.3554120201969512,True,-0.25642617678666385
2022-01-21 00:00:00+00:00,0.0,0.0,0.0,0.0,0.0,0.0,0.0,0.0,-0.1919437037236376,-0.3585541805689027,-0.2904021541789712,-0.0317106982288437,-0.2219228064394029,-0.3554120201969512,True,-0.25642617678666385
2022-01-22 00:00:00+00:00,0.0,0.0,0.0,0.0,0.0,0.0,0.0,0.0,-0.1919437037236376,-0.3585541805689027,-0.2904021541789712,-0.0317106982288437,-0.2219228064394029,-0.3554120201969512,True,-0.25642617678666385
2022-01-23 00:00:00+00:00,0.0,0.0,0.0,0.0,0.0,0.0,0.0,0.0,-0.1919437037236376,-0.3585541805689027,-0.2904021541789712,-0.0317106982288437,-0.2219228064394029,-0.3554120201969512,True,-0.25642617678666385
2022-01-24 00:00:00+00:00,0.0,0.0,0.0,0.0,0.0,0.0,0.0,0.0,-0.1919437037236376,-0.3585541805689027,-0.2904021541789712,-0.0317106982288437,-0.2219228064394029,-0.3554120201969512,True,-0.25642617678666385
2022-01-25 00:00:00+00:00,0.0,0.0,0.0,0.0,0.0,0.0,0.0,0.0,-0.1919437037236376,-0.3585541805689027,-0.2904021541789712,-0.0317106982288437,-0.2219228064394029,-0.3554120201969512,True,-0.25642617678666385
2022-01-26 00:00:00+00:00,0.0,0.0,0.0,0.0,0.0,0.0,0.0,0.0,-0.1919437037236376,-0.3585541805689027,-0.2904021541789712,-0.0317106982288437,-0.2219228064394029,-0.3554120201969512,True,-0.25642617678666385
2022-01-27 00:00:00+00:00,0.0,0.0,0.0,0.0,0.0,0.0,0.0,0.0,-0.1919437037236376,-0.3585541805689027,-0.2904021541789712,-0.0317106982288437,-0.2219228064394029,-0.3554120201969512,True,-0.25642617678666385
2022-01-28 00:00:00+00:00,0.0,0.0,0.0,0.0,0.0,0.0,0.0,0.0,-0.1919437037236376,-0.3585541805689027,-0.2904021541789712,-0.0317106982288437,-0.2219228064394029,-0.3554120201969512,True,-0.25642617678666385
2022-01-29 00:00:00+00:00,1.0,1.0,1.0,0.0,0.0,0.0,0.0,1.0,-0.0250398893746535,0.3021562398693136,1.214550564394625,-0.0317106982288437,-0.2219228064394029,3.4536583104494114,True,1.068898538211785
2022-01-30 00:00:00+00:00,0.0,0.0,0.0,0.0,0.0,0.0,0.0,0.0,-0.1919437037236376,-0.3585541805689027,-0.2904021541789712,-0.0317106982288437,-0.2219228064394029,-0.3554120201969512,True,-0.25642617678666385
2022-01-31 00:00:00+00:00,0.0,0.0,0.0,0.0,0.0,0.0,0.0,0.0,-0.1919437037236376,-0.3585541805689027,-0.2904021541789712,-0.0317106982288437,-0.2219228064394029,-0.3554120201969512,True,-0.25642617678666385
2022-02-01 00:00:00+00:00,0.0,0.0,0.0,0.0,0.0,0.0,0.0,0.0,-0.1919437037236376,-0.3585541805689027,-0.2904021541789712,-0.0317106982288437,-0.2219228064394029,-0.3554120201969512,True,-0.25642617678666385
2022-02-02 00:00:00+00:00,0.0,0.0,0.0,0.0,0.0,0.0,0.0,0.0,-0.1919437037236376,-0.3585541805689027,-0.2904021541789712,-0.0317106982288437,-0.2219228064394029,-0.3554120201969512,True,-0.25642617678666385
2022-02-03 00:00:00+00:00,0.0,0.0,0.0,0.0,0.0,0.0,0.0,0.0,-0.1919437037236376,-0.3585541805689027,-0.2904021541789712,-0.0317106982288437,-0.2219228064394029,-0.3554120201969512,True,-0.25642617678666385
2022-02-04 00:00:00+00:00,0.0,0.0,0.0,0.0,0.0,0.0,0.0,0.0,-0.1919437037236376,-0.3585541805689027,-0.2904021541789712,-0.0317106982288437,-0.2219228064394029,-0.3554120201969512,True,-0.25642617678666385
2022-02-05 00:00:00+00:00,0.0,0.0,0.0,0.0,0.0,0.0,0.0,0.0,-0.1919437037236376,-0.3585541805689027,-0.2904021541789712,-0.0317106982288437,-0.2219228064394029,-0.3554120201969512,True,-0.25642617678666385
2022-02-06 00:00:00+00:00,0.0,0.0,0.0,0.0,0.0,0.0,0.0,0.0,-0.1919437037236376,-0.3585541805689027,-0.2904021541789712,-0.0317106982288437,-0.2219228064394029,-0.3554120201969512,True,-0.25642617678666385
2022-02-07 00:00:00+00:00,0.0,0.0,0.0,0.0,0.0,0.0,0.0,0.0,-0.1919437037236376,-0.3585541805689027,-0.2904021541789712,-0.0317106982288437,-0.2219228064394029,-0.3554120201969512,True,-0.25642617678666385
2022-02-08 00:00:00+00:00,0.0,0.0,0.0,0.0,0.0,0.0,0.0,0.0,-0.1919437037236376,-0.3585541805689027,-0.2904021541789712,-0.0317106982288437,-0.2219228064394029,-0.3554120201969512,True,-0.25642617678666385
2022-02-09 00:00:00+00:00,0.0,0.0,0.0,0.0,0.0,0.0,0.0,0.0,-0.1919437037236376,-0.3585541805689027,-0.2904021541789712,-0.0317106982288437,-0.2219228064394029,-0.3554120201969512,True,-0.25642617678666385
2022-02-10 00:00:00+00:00,0.0,0.0,0.0,0.0,0.0,0.0,0.0,0.0,-0.1919437037236376,-0.3585541805689027,-0.2904021541789712,-0.0317106982288437,-0.2219228064394029,-0.3554120201969512,True,-0.25642617678666385
2022-02-11 00:00:00+00:00,0.0,0.0,0.0,0.0,0.0,0.0,0.0,0.0,-0.1919437037236376,-0.3585541805689027,-0.2904021541789712,-0.0317106982288437,-0.2219228064394029,-0.3554120201969512,True,-0.25642617678666385
2022-02-12 00:00:00+00:00,0.0,0.0,0.0,0.0,0.0,0.0,0.0,0.0,-0.1919437037236376,-0.3585541805689027,-0.2904021541789712,-0.0317106982288437,-0.2219228064394029,-0.3554120201969512,True,-0.25642617678666385
2022-02-13 00:00:00+00:00,0.0,0.0,0.0,0.0,0.0,0.0,0.0,0.0,-0.1919437037236376,-0.3585541805689027,-0.2904021541789712,-0.0317106982288437,-0.2219228064394029,-0.3554120201969512,True,-0.25642617678666385
2022-02-14 00:00:00+00:00,0.0,0.0,0.0,0.0,0.0,0.0,0.0,0.0,-0.1919437037236376,-0.3585541805689027,-0.2904021541789712,-0.0317106982288437,-0.2219228064394029,-0.3554120201969512,True,-0.25642617678666385
2022-02-15 00:00:00+00:00,0.0,0.0,0.0,0.0,0.0,0.0,0.0,0.0,-0.1919437037236376,-0.3585541805689027,-0.2904021541789712,-0.0317106982288437,-0.2219228064394029,-0.3554120201969512,True,-0.25642617678666385
2022-02-16 00:00:00+00:00,0.0,0.0,0.0,0.0,0.0,0.0,0.0,0.0,-0.1919437037236376,-0.3585541805689027,-0.2904021541789712,-0.0317106982288437,-0.2219228064394029,-0.3554120201969512,True,-0.25642617678666385
2022-02-17 00:00:00+00:00,0.0,0.0,0.0,0.0,0.0,0.0,0.0,0.0,-0.1919437037236376,-0.3585541805689027,-0.2904021541789712,-0.0317106982288437,-0.2219228064394029,-0.3554120201969512,True,-0.25642617678666385
2022-02-18 00:00:00+00:00,0.0,0.0,0.0,0.0,0.0,0.0,0.0,0.0,-0.1919437037236376,-0.3585541805689027,-0.2904021541789712,-0.0317106982288437,-0.2219228064394029,-0.3554120201969512,True,-0.25642617678666385
2022-02-19 00:00:00+00:00,0.0,0.0,0.0,0.0,0.0,0.0,0.0,0.0,-0.1919437037236376,-0.3585541805689027,-0.2904021541789712,-0.0317106982288437,-0.2219228064394029,-0.3554120201969512,True,-0.25642617678666385
2022-02-20 00:00:00+00:00,0.0,0.0,0.0,0.0,0.0,0.0,0.0,0.0,-0.1919437037236376,-0.3585541805689027,-0.2904021541789712,-0.0317106982288437,-0.2219228064394029,-0.3554120201969512,True,-0.25642617678666385
2022-02-21 00:00:00+00:00,0.0,0.0,0.0,0.0,0.0,0.0,0.0,0.0,-0.1919437037236376,-0.3585541805689027,-0.2904021541789712,-0.0317106982288437,-0.2219228064394029,-0.3554120201969512,True,-0.25642617678666385
2022-02-22 00:00:00+00:00,0.0,0.0,0.0,0.0,0.0,0.0,0.0,0.0,-0.1919437037236376,-0.3585541805689027,-0.2904021541789712,-0.0317106982288437,-0.2219228064394029,-0.3554120201969512,True,-0.25642617678666385
2022-02-23 00:00:00+00:00,0.0,0.0,0.0,0.0,0.0,0.0,0.0,0.0,-0.1919437037236376,-0.3585541805689027,-0.2904021541789712,-0.0317106982288437,-0.2219228064394029,-0.3554120201969512,True,-0.25642617678666385
2022-02-24 00:00:00+00:00,0.0,0.0,0.0,0.0,0.0,0.0,0.0,0.0,-0.1919437037236376,-0.3585541805689027,-0.2904021541789712,-0.0317106982288437,-0.2219228064394029,-0.3554120201969512,True,-0.25642617678666385
2022-02-25 00:00:00+00:00,0.0,0.0,0.0,0.0,0.0,0.0,0.0,0.0,-0.1919437037236376,-0.3585541805689027,-0.2904021541789712,-0.0317106982288437,-0.2219228064394029,-0.3554120201969512,True,-0.25642617678666385
2022-02-26 00:00:00+00:00,0.0,0.0,0.0,0.0,0.0,0.0,0.0,0.0,-0.1919437037236376,-0.3585541805689027,-0.2904021541789712,-0.0317106982288437,-0.2219228064394029,-0.3554120201969512,True,-0.25642617678666385
2022-02-27 00:00:00+00:00,0.0,0.0,0.0,0.0,0.0,0.0,0.0,0.0,-0.1919437037236376,-0.3585541805689027,-0.2904021541789712,-0.0317106982288437,-0.2219228064394029,-0.3554120201969512,True,-0.25642617678666385
2022-02-28 00:00:00+00:00,0.0,0.0,0.0,0.0,0.0,0.0,0.0,0.0,-0.1919437037236376,-0.3585541805689027,-0.2904021541789712,-0.0317106982288437,-0.2219228064394029,-0.3554120201969512,True,-0.25642617678666385
2022-03-01 00:00:00+00:00,0.0,0.0,0.0,0.0,0.0,0.0,0.0,0.0,-0.1919437037236376,-0.3585541805689027,-0.2904021541789712,-0.0317106982288437,-0.2219228064394029,-0.3554120201969512,True,-0.25642617678666385
2022-03-02 00:00:00+00:00,0.0,0.0,0.0,0.0,0.0,0.0,0.0,0.0,-0.1919437037236376,-0.3585541805689027,-0.2904021541789712,-0.0317106982288437,-0.2219228064394029,-0.3554120201969512,True,-0.25642617678666385
2022-03-03 00:00:00+00:00,0.0,0.0,0.0,0.0,0.0,0.0,0.0,0.0,-0.1919437037236376,-0.3585541805689027,-0.2904021541789712,-0.0317106982288437,-0.2219228064394029,-0.3554120201969512,True,-0.25642617678666385
2022-03-04 00:00:00+00:00,0.0,0.0,0.0,0.0,0.0,0.0,0.0,0.0,-0.1919437037236376,-0.3585541805689027,-0.2904021541789712,-0.0317106982288437,-0.2219228064394029,-0.3554120201969512,True,-0.25642617678666385
2022-03-05 00:00:00+00:00,0.0,0.0,0.0,0.0,0.0,0.0,0.0,0.0,-0.1919437037236376,-0.3585541805689027,-0.2904021541789712,-0.0317106982288437,-0.2219228064394029,-0.3554120201969512,True,-0.25642617678666385
2022-03-06 00:00:00+00:00,0.0,0.0,0.0,0.0,0.0,0.0,0.0,0.0,-0.1919437037236376,-0.3585541805689027,-0.2904021541789712,-0.0317106982288437,-0.2219228064394029,-0.3554120201969512,True,-0.25642617678666385
2022-03-07 00:00:00+00:00,0.0,0.0,0.0,0.0,0.0,0.0,0.0,0.0,-0.1919437037236376,-0.3585541805689027,-0.2904021541789712,-0.0317106982288437,-0.2219228064394029,-0.3554120201969512,True,-0.25642617678666385
2022-03-08 00:00:00+00:00,0.0,0.0,0.0,0.0,0.0,0.0,0.0,0.0,-0.1919437037236376,-0.3585541805689027,-0.2904021541789712,-0.0317106982288437,-0.2219228064394029,-0.3554120201969512,True,-0.25642617678666385
2022-03-09 00:00:00+00:00,0.0,0.0,0.0,0.0,0.0,0.0,0.0,0.0,-0.1919437037236376,-0.3585541805689027,-0.2904021541789712,-0.0317106982288437,-0.2219228064394029,-0.3554120201969512,True,-0.25642617678666385
2022-03-10 00:00:00+00:00,0.0,0.0,0.0,0.0,0.0,0.0,0.0,0.0,-0.1919437037236376,-0.3585541805689027,-0.2904021541789712,-0.0317106982288437,-0.2219228064394029,-0.3554120201969512,True,-0.25642617678666385
2022-03-11 00:00:00+00:00,0.0,0.0,0.0,0.0,0.0,0.0,0.0,0.0,-0.1919437037236376,-0.3585541805689027,-0.2904021541789712,-0.0317106982288437,-0.2219228064394029,-0.3554120201969512,True,-0.25642617678666385
2022-03-12 00:00:00+00:00,0.0,0.0,0.0,0.0,0.0,0.0,0.0,0.0,-0.1919437037236376,-0.3585541805689027,-0.2904021541789712,-0.0317106982288437,-0.2219228064394029,-0.3554120201969512,True,-0.25642617678666385
2022-03-13 00:00:00+00:00,0.0,0.0,0.0,0.0,0.0,0.0,0.0,0.0,-0.1919437037236376,-0.3585541805689027,-0.2904021541789712,-0.0317106982288437,-0.2219228064394029,-0.3554120201969512,True,-0.25642617678666385
2022-03-14 00:00:00+00:00,0.0,0.0,0.0,0.0,0.0,0.0,0.0,0.0,-0.1919437037236376,-0.3585541805689027,-0.2904021541789712,-0.0317106982288437,-0.2219228064394029,-0.3554120201969512,True,-0.25642617678666385
2022-03-15 00:00:00+00:00,0.0,0.0,0.0,0.0,0.0,0.0,0.0,0.0,-0.1919437037236376,-0.3585541805689027,-0.2904021541789712,-0.0317106982288437,-0.2219228064394029,-0.3554120201969512,True,-0.25642617678666385
2022-03-16 00:00:00+00:00,0.0,0.0,0.0,0.0,0.0,0.0,0.0,0.0,-0.1919437037236376,-0.3585541805689027,-0.2904021541789712,-0.0317106982288437,-0.2219228064394029,-0.3554120201969512,True,-0.25642617678666385
2022-03-17 00:00:00+00:00,0.0,0.0,0.0,0.0,0.0,0.0,0.0,0.0,-0.1919437037236376,-0.3585541805689027,-0.2904021541789712,-0.0317106982288437,-0.2219228064394029,-0.3554120201969512,True,-0.25642617678666385
2022-03-18 00:00:00+00:00,0.0,0.0,0.0,0.0,0.0,0.0,0.0,0.0,-0.1919437037236376,-0.3585541805689027,-0.2904021541789712,-0.0317106982288437,-0.2219228064394029,-0.3554120201969512,True,-0.25642617678666385
2022-03-19 00:00:00+00:00,0.0,0.0,0.0,0.0,0.0,0.0,0.0,0.0,-0.1919437037236376,-0.3585541805689027,-0.2904021541789712,-0.0317106982288437,-0.2219228064394029,-0.3554120201969512,True,-0.25642617678666385
2022-03-20 00:00:00+00:00,0.0,0.0,0.0,0.0,0.0,0.0,0.0,0.0,-0.1919437037236376,-0.3585541805689027,-0.2904021541789712,-0.0317106982288437,-0.2219228064394029,-0.3554120201969512,True,-0.25642617678666385
2022-03-21 00:00:00+00:00,0.0,0.0,0.0,0.0,0.0,0.0,0.0,0.0,-0.1919437037236376,-0.3585541805689027,-0.2904021541789712,-0.0317106982288437,-0.2219228064394029,-0.3554120201969512,True,-0.25642617678666385
2022-03-22 00:00:00+00:00,0.0,0.0,0.0,0.0,0.0,0.0,0.0,0.0,-0.1919437037236376,-0.3585541805689027,-0.2904021541789712,-0.0317106982288437,-0.2219228064394029,-0.3554120201969512,True,-0.25642617678666385
2022-03-23 00:00:00+00:00,0.0,0.0,0.0,0.0,0.0,0.0,0.0,0.0,-0.1919437037236376,-0.3585541805689027,-0.2904021541789712,-0.0317106982288437,-0.2219228064394029,-0.3554120201969512,True,-0.25642617678666385
2022-03-24 00:00:00+00:00,0.0,0.0,0.0,0.0,0.0,0.0,0.0,0.0,-0.1919437037236376,-0.3585541805689027,-0.2904021541789712,-0.0317106982288437,-0.2219228064394029,-0.3554120201969512,True,-0.25642617678666385
2022-03-25 00:00:00+00:00,0.0,0.0,0.0,0.0,0.0,0.0,0.0,0.0,-0.1919437037236376,-0.3585541805689027,-0.2904021541789712,-0.0317106982288437,-0.2219228064394029,-0.3554120201969512,True,-0.25642617678666385
2022-03-26 00:00:00+00:00,0.0,0.0,0.0,0.0,0.0,0.0,0.0,0.0,-0.1919437037236376,-0.3585541805689027,-0.2904021541789712,-0.0317106982288437,-0.2219228064394029,-0.3554120201969512,True,-0.25642617678666385
2022-03-27 00:00:00+00:00,0.0,0.0,0.0,0.0,0.0,0.0,0.0,0.0,-0.1919437037236376,-0.3585541805689027,-0.2904021541789712,-0.0317106982288437,-0.2219228064394029,-0.3554120201969512,True,-0.25642617678666385
2022-03-28 00:00:00+00:00,0.0,0.0,0.0,0.0,0.0,0.0,0.0,0.0,-0.1919437037236376,-0.3585541805689027,-0.2904021541789712,-0.0317106982288437,-0.2219228064394029,-0.3554120201969512,True,-0.25642617678666385
2022-03-29 00:00:00+00:00,0.0,0.0,0.0,0.0,0.0,0.0,0.0,0.0,-0.1919437037236376,-0.3585541805689027,-0.2904021541789712,-0.0317106982288437,-0.2219228064394029,-0.3554120201969512,True,-0.25642617678666385
2022-03-30 00:00:00+00:00,0.0,0.0,0.0,0.0,0.0,0.0,0.0,0.0,-0.1919437037236376,-0.3585541805689027,-0.2904021541789712,-0.0317106982288437,-0.2219228064394029,-0.3554120201969512,True,-0.25642617678666385
2022-03-31 00:00:00+00:00,0.0,0.0,0.0,0.0,0.0,0.0,0.0,0.0,-0.1919437037236376,-0.3585541805689027,-0.2904021541789712,-0.0317106982288437,-0.2219228064394029,-0.3554120201969512,True,-0.25642617678666385
2022-04-01 00:00:00+00:00,0.0,0.0,0.0,0.0,0.0,0.0,0.0,0.0,-0.1919437037236376,-0.3585541805689027,-0.2904021541789712,-0.0317106982288437,-0.2219228064394029,-0.3554120201969512,True,-0.25642617678666385
2022-04-02 00:00:00+00:00,0.0,0.0,0.0,0.0,0.0,0.0,0.0,0.0,-0.1919437037236376,-0.3585541805689027,-0.2904021541789712,-0.0317106982288437,-0.2219228064394029,-0.3554120201969512,True,-0.25642617678666385
2022-04-03 00:00:00+00:00,0.0,0.0,0.0,0.0,0.0,0.0,0.0,0.0,-0.1919437037236376,-0.3585541805689027,-0.2904021541789712,-0.0317106982288437,-0.2219228064394029,-0.3554120201969512,True,-0.25642617678666385
2022-04-04 00:00:00+00:00,0.0,0.0,0.0,0.0,0.0,0.0,0.0,0.0,-0.1919437037236376,-0.3585541805689027,-0.2904021541789712,-0.0317106982288437,-0.2219228064394029,-0.3554120201969512,True,-0.25642617678666385
2022-04-05 00:00:00+00:00,0.0,0.0,0.0,0.0,0.0,0.0,0.0,0.0,-0.1919437037236376,-0.3585541805689027,-0.2904021541789712,-0.0317106982288437,-0.2219228064394029,-0.3554120201969512,True,-0.25642617678666385
2022-04-06 00:00:00+00:00,1.0,1.0,0.0,272.0,0.0,0.0,0.0,0.0,-0.0250398893746535,0.3021562398693136,-0.2904021541789712,0.0097597948769919,-0.2219228064394029,-0.3554120201969512,True,-0.20079157200366918
2022-04-07 00:00:00+00:00,0.0,0.0,0.0,0.0,0.0,0.0,0.0,0.0,-0.1919437037236376,-0.3585541805689027,-0.2904021541789712,-0.0317106982288437,-0.2219228064394029,-0.3554120201969512,True,-0.25642617678666385
2022-04-08 00:00:00+00:00,0.0,0.0,0.0,0.0,0.0,0.0,0.0,0.0,-0.1919437037236376,-0.3585541805689027,-0.2904021541789712,-0.0317106982288437,-0.2219228064394029,-0.3554120201969512,True,-0.25642617678666385
2022-04-09 00:00:00+00:00,0.0,0.0,0.0,0.0,0.0,0.0,0.0,0.0,-0.1919437037236376,-0.3585541805689027,-0.2904021541789712,-0.0317106982288437,-0.2219228064394029,-0.3554120201969512,True,-0.25642617678666385
2022-04-10 00:00:00+00:00,0.0,0.0,0.0,0.0,0.0,0.0,0.0,0.0,-0.1919437037236376,-0.3585541805689027,-0.2904021541789712,-0.0317106982288437,-0.2219228064394029,-0.3554120201969512,True,-0.25642617678666385
2022-04-11 00:00:00+00:00,0.0,0.0,0.0,0.0,0.0,0.0,0.0,0.0,-0.1919437037236376,-0.3585541805689027,-0.2904021541789712,-0.0317106982288437,-0.2219228064394029,-0.3554120201969512,True,-0.25642617678666385
2022-04-12 00:00:00+00:00,0.0,0.0,0.0,0.0,0.0,0.0,0.0,0.0,-0.1919437037236376,-0.3585541805689027,-0.2904021541789712,-0.0317106982288437,-0.2219228064394029,-0.3554120201969512,True,-0.25642617678666385
2022-04-13 00:00:00+00:00,0.0,0.0,0.0,0.0,0.0,0.0,0.0,0.0,-0.1919437037236376,-0.3585541805689027,-0.2904021541789712,-0.0317106982288437,-0.2219228064394029,-0.3554120201969512,True,-0.25642617678666385
2022-04-14 00:00:00+00:00,1.0,1.0,1.0,8.0,0.0,0.0,0.0,1.0,-0.0250398893746535,0.3021562398693136,1.214550564394625,-0.030490977843378,-0.2219228064394029,3.4536583104494114,True,1.068898538211785
2022-04-15 00:00:00+00:00,1.0,1.0,0.0,4.0,0.0,0.0,0.0,0.0,-0.0250398893746535,0.3021562398693136,-0.2904021541789712,-0.0311008380361108,-0.2219228064394029,-0.3554120201969512,True,-0.20079157200366918
2022-04-16 00:00:00+00:00,0.0,0.0,0.0,0.0,0.0,0.0,0.0,0.0,-0.1919437037236376,-0.3585541805689027,-0.2904021541789712,-0.0317106982288437,-0.2219228064394029,-0.3554120201969512,True,-0.25642617678666385
2022-04-17 00:00:00+00:00,0.0,0.0,0.0,0.0,0.0,0.0,0.0,0.0,-0.1919437037236376,-0.3585541805689027,-0.2904021541789712,-0.0317106982288437,-0.2219228064394029,-0.3554120201969512,True,-0.25642617678666385
2022-04-18 00:00:00+00:00,0.0,0.0,0.0,0.0,0.0,0.0,0.0,0.0,-0.1919437037236376,-0.3585541805689027,-0.2904021541789712,-0.0317106982288437,-0.2219228064394029,-0.3554120201969512,True,-0.25642617678666385
2022-04-19 00:00:00+00:00,0.0,0.0,0.0,0.0,0.0,0.0,0.0,0.0,-0.1919437037236376,-0.3585541805689027,-0.2904021541789712,-0.0317106982288437,-0.2219228064394029,-0.3554120201969512,True,-0.25642617678666385
2022-04-20 00:00:00+00:00,0.0,0.0,0.0,0.0,0.0,0.0,0.0,0.0,-0.1919437037236376,-0.3585541805689027,-0.2904021541789712,-0.0317106982288437,-0.2219228064394029,-0.3554120201969512,True,-0.25642617678666385
2022-04-21 00:00:00+00:00,0.0,0.0,0.0,0.0,0.0,0.0,0.0,0.0,-0.1919437037236376,-0.3585541805689027,-0.2904021541789712,-0.0317106982288437,-0.2219228064394029,-0.3554120201969512,True,-0.25642617678666385
2022-04-22 00:00:00+00:00,0.0,0.0,0.0,0.0,0.0,0.0,0.0,0.0,-0.1919437037236376,-0.3585541805689027,-0.2904021541789712,-0.0317106982288437,-0.2219228064394029,-0.3554120201969512,True,-0.25642617678666385
2022-04-23 00:00:00+00:00,0.0,0.0,0.0,0.0,0.0,0.0,0.0,0.0,-0.1919437037236376,-0.3585541805689027,-0.2904021541789712,-0.0317106982288437,-0.2219228064394029,-0.3554120201969512,True,-0.25642617678666385
2022-04-24 00:00:00+00:00,0.0,0.0,0.0,0.0,0.0,0.0,0.0,0.0,-0.1919437037236376,-0.3585541805689027,-0.2904021541789712,-0.0317106982288437,-0.2219228064394029,-0.3554120201969512,True,-0.25642617678666385
2022-04-25 00:00:00+00:00,1.0,1.0,1.0,4.0,0.0,0.0,0.0,1.0,-0.0250398893746535,0.3021562398693136,1.214550564394625,-0.0311008380361108,-0.2219228064394029,3.4536583104494114,True,1.068898538211785
2022-04-26 00:00:00+00:00,0.0,0.0,0.0,0.0,0.0,0.0,0.0,0.0,-0.1919437037236376,-0.3585541805689027,-0.2904021541789712,-0.0317106982288437,-0.2219228064394029,-0.3554120201969512,True,-0.25642617678666385
2022-04-27 00:00:00+00:00,0.0,0.0,0.0,0.0,0.0,0.0,0.0,0.0,-0.1919437037236376,-0.3585541805689027,-0.2904021541789712,-0.0317106982288437,-0.2219228064394029,-0.3554120201969512,True,-0.25642617678666385
2022-04-28 00:00:00+00:00,0.0,0.0,0.0,0.0,0.0,0.0,0.0,0.0,-0.1919437037236376,-0.3585541805689027,-0.2904021541789712,-0.0317106982288437,-0.2219228064394029,-0.3554120201969512,True,-0.25642617678666385
2022-04-29 00:00:00+00:00,2.0,2.0,1.0,545.0,0.5,0.0,0.0,0.5,0.1418639249743304,0.96286666030753,1.214550564394625,0.0513827530310108,4.290481659415155,1.54912314512623,False,1.993822909838572
2022-04-30 00:00:00+00:00,0.0,0.0,0.0,0.0,0.0,0.0,0.0,0.0,-0.1919437037236376,-0.3585541805689027,-0.2904021541789712,-0.0317106982288437,-0.2219228064394029,-0.3554120201969512,False,-0.25642617678666385
2022-05-01 00:00:00+00:00,0.0,0.0,0.0,0.0,0.0,0.0,0.0,0.0,-0.1919437037236376,-0.3585541805689027,-0.2904021541789712,-0.0317106982288437,-0.2219228064394029,-0.3554120201969512,False,-0.25642617678666385
2022-05-02 00:00:00+00:00,0.0,0.0,0.0,0.0,0.0,0.0,0.0,0.0,-0.1919437037236376,-0.3585541805689027,-0.2904021541789712,-0.0317106982288437,-0.2219228064394029,-0.3554120201969512,False,-0.25642617678666385
2022-05-03 00:00:00+00:00,121.0,36.0,33.0,217.5254237288136,0.0578512396694214,0.024793388429752,0.0,0.9166666666666666,20.00341783250343,23.42702095520688,49.37303755874971,0.001454325981045,0.300173578039636,3.136235782895548,False,7.813275731146205
2022-05-04 00:00:00+00:00,47.0,23.0,18.0,224.4468085106383,0.0851063829787234,0.0,0.0,0.782608695652174,7.652535570678611,14.837785489510072,26.79874678014577,0.0025095952453005,0.5461460388124366,2.625599542917594,False,3.608093717469547
2022-05-05 00:00:00+00:00,61.0,18.0,10.0,238.9333333333333,0.081967213114754,0.0163934426229508,0.0,0.5555555555555556,9.989188971564388,11.53423338731899,14.759125031556993,0.0047182839504001,0.5178156305859334,1.7607381634954724,False,4.089247588548598
2022-05-06 00:00:00+00:00,37.0,7.0,2.0,129.8108108108108,0.081081081081081,0.0,0.0,0.2857142857142857,5.983497427188771,4.266418762498612,2.7195032829682213,-0.0119190867038707,0.5098184582937678,0.7328937885591522,True,2.408736558013897
2022-05-07 00:00:00+00:00,118.0,14.0,7.0,153.4102564102564,0.0169491525423728,0.0084745762711864,0.0,0.5,19.50270638945648,8.891391705566125,10.244266875836203,-0.0083209960934539,-0.0689599431900966,1.54912314512623,True,6.994289863797538
2022-05-08 00:00:00+00:00,68.0,8.0,1.0,191.53731343283584,0.0,0.0147058823529411,0.0,0.125,11.157515672007278,4.927129182936827,1.214550564394625,-0.002507952507422,-0.2219228064394029,0.120721771133844,True,3.6854382122339064
2022-05-09 00:00:00+00:00,38.0,11.0,2.0,153.44736842105263,0.0263157894736842,0.0,0.0,0.1818181818181818,6.150401241537756,6.909260444251476,2.7195032829682213,-0.0083153378089397,0.0155721654476789,0.3371462217387509,True,2.167706542908062
2022-05-10 00:00:00+00:00,53.0,12.0,6.0,212.83018867924528,0.0188679245283018,0.0,0.0,0.5,8.653958456772516,7.569970864689692,8.739314157262607,0.000738466742981,-0.0516433926335713,1.54912314512623,True,3.3838127364217256
2022-05-11 00:00:00+00:00,7.0,3.0,1.0,24.428571428571427,0.0,0.0,0.0,0.3333333333333333,0.9763829967192508,1.6235770807457464,1.214550564394625,-0.0279861949089394,-0.2219228064394029,0.9142780900185028,True,0.5562460934327835
2022-05-12 00:00:00+00:00,10.0,4.0,0.0,287.7,0.2,0.0,0.0,0.0,1.477094439766203,2.2842875011839627,-0.2904021541789712,0.0121534961334684,1.5830389799024205,-0.3554120201969512,True,0.9015737998238907
2022-05-13 00:00:00+00:00,16.0,3.0,0.0,247.6875,0.0,0.0,0.0,0.0,2.478517325860107,1.6235770807457464,-0.2904021541789712,0.0060529883930373,-0.2219228064394029,-0.3554120201969512,True,0.633727499741251
2022-05-14 00:00:00+00:00,1.0,1.0,0.0,582.0,0.0,0.0,0.0,0.0,-0.0250398893746535,0.3021562398693136,-0.2904021541789712,0.0570239598137899,-0.2219228064394029,-0.3554120201969512,True,-0.20079157200366918
2022-05-15 00:00:00+00:00,12.0,5.0,1.0,203.5,0.0833333333333333,0.0,0.0,0.2,1.810902068464171,2.944997921622179,1.214550564394625,-0.0006840609235586,0.5301446045363564,0.4064020459323212,True,0.9158162396442829
2022-05-16 00:00:00+00:00,10.0,5.0,3.0,92.9,0.4,0.0,0.0,0.6,1.477094439766203,2.944997921622179,4.224456001541817,-0.0175466952526226,3.388000766244244,1.9300301781908664,True,2.265041794733771
2022-05-17 00:00:00+00:00,3.0,3.0,2.0,33.666666666666664,0.3333333333333333,0.0,0.0,0.6666666666666666,0.3087677393233145,1.6235770807457464,2.7195032829682213,-0.026577708273342,2.786346837463636,2.183968200233957,True,1.7596942590069693
2022-05-18 00:00:00+00:00,5.0,3.0,0.0,215.2,0.0,0.0,0.0,0.0,0.6425753680212826,1.6235770807457464,-0.2904021541789712,0.001099780140185,-0.2219228064394029,-0.3554120201969512,True,0.021746847128309505
2022-05-19 00:00:00+00:00,0.0,0.0,0.0,0.0,0.0,0.0,0.0,0.0,-0.1919437037236376,-0.3585541805689027,-0.2904021541789712,-0.0317106982288437,-0.2219228064394029,-0.3554120201969512,True,-0.25642617678666385
2022-05-20 00:00:00+00:00,3.0,2.0,0.0,244.0,0.3333333333333333,0.0,0.0,0.0,0.3087677393233145,0.96286666030753,-0.2904021541789712,0.0054907735278617,2.786346837463636,-0.3554120201969512,True,0.9132341855299999
2022-05-21 00:00:00+00:00,2.0,2.0,1.0,1327.0,0.5,0.0,0.0,0.5,0.1418639249743304,0.96286666030753,1.214550564394625,0.1706104207102883,4.290481659415155,1.54912314512623,True,1.993822909838572
2022-05-22 00:00:00+00:00,0.0,0.0,0.0,0.0,0.0,0.0,0.0,0.0,-0.1919437037236376,-0.3585541805689027,-0.2904021541789712,-0.0317106982288437,-0.2219228064394029,-0.3554120201969512,True,-0.25642617678666385
2022-05-23 00:00:00+00:00,1.0,1.0,1.0,101.0,0.0,0.0,0.0,1.0,-0.0250398893746535,0.3021562398693136,1.214550564394625,-0.0163117283623385,-0.2219228064394029,3.4536583104494114,True,1.068898538211785
2022-05-24 00:00:00+00:00,0.0,0.0,0.0,0.0,0.0,0.0,0.0,0.0,-0.1919437037236376,-0.3585541805689027,-0.2904021541789712,-0.0317106982288437,-0.2219228064394029,-0.3554120201969512,True,-0.25642617678666385
2022-05-25 00:00:00+00:00,3.0,2.0,0.0,257.3333333333333,0.0,0.0,0.0,0.0,0.3087677393233145,0.96286666030753,-0.2904021541789712,0.0075236408369713,-0.2219228064394029,-0.3554120201969512,True,-0.08952236243767986
2022-05-26 00:00:00+00:00,42.0,4.0,0.0,461.2857142857143,0.0238095238095238,0.0,0.0,0.0,6.818016498933692,2.2842875011839627,-0.2904021541789712,0.0386192504259584,-0.0070464033034717,-0.3554120201969512,True,2.1518526918110896
2022-05-27 00:00:00+00:00,1.0,1.0,0.0,13.0,0.0,0.0,0.0,0.0,-0.0250398893746535,0.3021562398693136,-0.2904021541789712,-0.0297286526024619,-0.2219228064394029,-0.3554120201969512,True,-0.20079157200366918
2022-05-28 00:00:00+00:00,17.0,1.0,0.0,1037.5882352941176,0.0,0.0,0.0,0.0,2.6454211402090912,0.3021562398693136,-0.2904021541789712,0.1264852420596154,-0.2219228064394029,-0.3554120201969512,True,0.6893621045242457
2022-05-29 00:00:00+00:00,2.0,1.0,0.0,474.5,0.0,0.0,0.0,0.0,0.1418639249743304,0.3021562398693136,-0.2904021541789712,0.0406339671340938,-0.2219228064394029,-0.3554120201969512,True,-0.14515696722067456
2022-05-30 00:00:00+00:00,2.0,2.0,0.0,610.0,0.5,0.0,0.0,0.0,0.1418639249743304,0.96286666030753,-0.2904021541789712,0.06129298116292,4.290481659415155,-0.3554120201969512,True,1.3589778547308449
2022-05-31 00:00:00+00:00,3.0,3.0,0.0,582.0,0.0,0.0,0.0,0.0,0.3087677393233145,1.6235770807457464,-0.2904021541789712,0.0570239598137899,-0.2219228064394029,-0.3554120201969512,True,-0.08952236243767986
2022-06-01 00:00:00+00:00,3.0,2.0,1.0,194.0,0.0,0.0,0.0,0.5,0.3087677393233145,0.96286666030753,1.214550564394625,-0.0021324788812991,-0.2219228064394029,1.54912314512623,True,0.5453226926700472
2022-06-02 00:00:00+00:00,3.0,2.0,1.0,7.333333333333333,0.3333333333333333,0.0,0.0,0.5,0.3087677393233145,0.96286666030753,1.214550564394625,-0.0305926212088334,2.786346837463636,1.54912314512623,True,1.5480792406377268
2022-06-03 00:00:00+00:00,1.0,1.0,1.0,59.0,0.0,0.0,0.0,1.0,-0.0250398893746535,0.3021562398693136,1.214550564394625,-0.0227152603860338,-0.2219228064394029,3.4536583104494114,True,1.068898538211785
2022-06-04 00:00:00+00:00,1.0,1.0,0.0,59.0,1.0,0.0,0.0,0.0,-0.0250398893746535,0.3021562398693136,-0.2904021541789712,-0.0227152603860338,8.802886125269712,-0.3554120201969512,True,2.8074780718993693
2022-06-05 00:00:00+00:00,0.0,0.0,0.0,0.0,0.0,0.0,0.0,0.0,-0.1919437037236376,-0.3585541805689027,-0.2904021541789712,-0.0317106982288437,-0.2219228064394029,-0.3554120201969512,True,-0.25642617678666385
2022-06-06 00:00:00+00:00,0.0,0.0,0.0,0.0,0.0,0.0,0.0,0.0,-0.1919437037236376,-0.3585541805689027,-0.2904021541789712,-0.0317106982288437,-0.2219228064394029,-0.3554120201969512,True,-0.25642617678666385
2022-06-07 00:00:00+00:00,1.0,1.0,0.0,464.0,0.0,0.0,0.0,0.0,-0.0250398893746535,0.3021562398693136,-0.2904021541789712,0.03903308412817,-0.2219228064394029,-0.3554120201969512,True,-0.20079157200366918
2022-06-08 00:00:00+00:00,5.0,2.0,0.0,220.8,0.0,0.0,0.0,0.0,0.6425753680212826,0.96286666030753,-0.2904021541789712,0.001953584410011,-0.2219228064394029,-0.3554120201969512,True,0.021746847128309505
2022-06-09 00:00:00+00:00,1.0,1.0,0.0,15.0,0.0,0.0,0.0,0.0,-0.0250398893746535,0.3021562398693136,-0.2904021541789712,-0.0294237225060954,-0.2219228064394029,-0.3554120201969512,True,-0.20079157200366918
2022-06-10 00:00:00+00:00,0.0,0.0,0.0,0.0,0.0,0.0,0.0,0.0,-0.1919437037236376,-0.3585541805689027,-0.2904021541789712,-0.0317106982288437,-0.2219228064394029,-0.3554120201969512,True,-0.25642617678666385
2022-06-11 00:00:00+00:00,0.0,0.0,0.0,0.0,0.0,0.0,0.0,0.0,-0.1919437037236376,-0.3585541805689027,-0.2904021541789712,-0.0317106982288437,-0.2219228064394029,-0.3554120201969512,True,-0.25642617678666385
2022-06-12 00:00:00+00:00,2.0,1.0,0.0,24.0,0.0,0.0,0.0,0.0,0.1418639249743304,0.3021562398693136,-0.2904021541789712,-0.0280515370724464,-0.2219228064394029,-0.3554120201969512,True,-0.14515696722067456
2022-06-13 00:00:00+00:00,2.0,2.0,1.0,68.5,0.0,0.0,0.0,0.5,0.1418639249743304,0.96286666030753,1.214550564394625,-0.0212668424282932,-0.2219228064394029,1.54912314512623,True,0.4896880878870525
2022-06-14 00:00:00+00:00,0.0,0.0,0.0,0.0,0.0,0.0,0.0,0.0,-0.1919437037236376,-0.3585541805689027,-0.2904021541789712,-0.0317106982288437,-0.2219228064394029,-0.3554120201969512,True,-0.25642617678666385
2022-06-15 00:00:00+00:00,0.0,0.0,0.0,0.0,0.0,0.0,0.0,0.0,-0.1919437037236376,-0.3585541805689027,-0.2904021541789712,-0.0317106982288437,-0.2219228064394029,-0.3554120201969512,True,-0.25642617678666385
2022-06-16 00:00:00+00:00,0.0,0.0,0.0,0.0,0.0,0.0,0.0,0.0,-0.1919437037236376,-0.3585541805689027,-0.2904021541789712,-0.0317106982288437,-0.2219228064394029,-0.3554120201969512,True,-0.25642617678666385
2022-06-17 00:00:00+00:00,1.0,1.0,0.0,4.0,0.0,0.0,0.0,0.0,-0.0250398893746535,0.3021562398693136,-0.2904021541789712,-0.0311008380361108,-0.2219228064394029,-0.3554120201969512,True,-0.20079157200366918
2022-06-18 00:00:00+00:00,48.0,9.0,9.0,416.1063829787234,0.9375,0.0208333333333333,0.0,1.0,7.819439385027596,5.587839603375043,13.254172312983396,0.0317309815013524,8.238835567037892,3.4536583104494114,True,6.5039777541716335
2022-06-19 00:00:00+00:00,0.0,0.0,0.0,0.0,0.0,0.0,0.0,0.0,-0.1919437037236376,-0.3585541805689027,-0.2904021541789712,-0.0317106982288437,-0.2219228064394029,-0.3554120201969512,True,-0.25642617678666385
2022-06-20 00:00:00+00:00,0.0,0.0,0.0,0.0,0.0,0.0,0.0,0.0,-0.1919437037236376,-0.3585541805689027,-0.2904021541789712,-0.0317106982288437,-0.2219228064394029,-0.3554120201969512,True,-0.25642617678666385
2022-06-21 00:00:00+00:00,2.0,2.0,1.0,0.0,0.5,1.0,0.0,0.5,0.1418639249743304,0.96286666030753,1.214550564394625,-0.0317106982288437,4.290481659415155,1.54912314512623,False,1.993822909838572
2022-06-22 00:00:00+00:00,1.0,1.0,0.0,0.0,0.0,1.0,0.0,0.0,-0.0250398893746535,0.3021562398693136,-0.2904021541789712,-0.0317106982288437,-0.2219228064394029,-0.3554120201969512,False,-0.20079157200366918
2022-06-23 00:00:00+00:00,2.0,2.0,1.0,19.0,0.5,0.0,0.0,0.5,0.1418639249743304,0.96286666030753,1.214550564394625,-0.0288138623133625,4.290481659415155,1.54912314512623,False,1.993822909838572
2022-06-24 00:00:00+00:00,300.0,86.0,71.0,973.4579124579124,0.0366666666666666,0.01,0.0,0.8255813953488372,49.87920060097157,56.4625419771177,106.56124086454636,0.116707609298388,0.1089868543899306,2.7892855783599297,False,17.59249101124048
2022-06-25 00:00:00+00:00,193.0,72.0,54.0,324.42934782608694,0.0673575129533678,0.0466321243523316,0.0,0.75,32.020492465630284,47.21259609098267,80.97704464879523,0.017753437919511,0.3859658780798631,2.501390727787821,False,11.635949690499324
2022-06-26 00:00:00+00:00,164.0,38.0,20.0,320.10625,0.0182926829268292,0.024390243902439,0.0,0.5263157894736842,27.180281849509743,24.74844179608332,29.80865221729296,0.0170943166011559,-0.0568348381764319,1.6493618380379762,False,9.590936283123762
2022-06-27 00:00:00+00:00,85.0,33.0,11.0,246.7283950617284,0.0588235294117647,0.0470588235294117,0.0,0.3333333333333333,13.994880515940006,21.444889693892232,16.26407775013059,0.005906758412411,0.308948307190545,0.9142780900185028,False,5.072702304383018
2022-06-28 00:00:00+00:00,112.0,23.0,8.0,158.13513513513513,0.0267857142857142,0.0089285714285714,0.0,0.3478260869565217,18.501283503362576,14.837785489510072,11.7492195944098,-0.0076006172310054,0.019813147088519,0.9694820078539572,True,6.496859552768352
2022-06-29 00:00:00+00:00,79.0,25.0,10.0,164.96052631578948,0.050632911392405,0.0379746835443038,0.0,0.4,12.993457629846102,16.159206330386503,14.759125031556993,-0.0065599836357776,0.2350295445332099,1.1682161120615937,True,4.798901095480302
2022-06-30 00:00:00+00:00,93.0,13.0,2.0,106.52173913043478,0.032258064516129,0.010752688172043,0.0,0.1538461538461538,15.330111030731878,8.230681285127908,2.7195032829682213,-0.0154698561397616,0.0692000623254068,0.2305987999024889,True,5.209969964319925
2022-07-01 00:00:00+00:00,65.0,16.0,5.0,253.0952380952381,0.0307692307692307,0.0307692307692307,0.0,0.3125,10.656804228960324,10.212812546442557,7.23436143868901,0.0068774794422901,0.0557636222285692,0.834922458130037,True,3.849163436439644
2022-07-02 00:00:00+00:00,10.0,9.0,1.0,191.3,0.0,0.0,0.0,0.1111111111111111,1.477094439766203,5.587839603375043,1.214550564394625,-0.0025441345113938,-0.2219228064394029,0.0678180165415334,True,0.4409965499561111
2022-07-03 00:00:00+00:00,21.0,9.0,5.0,328.5238095238095,0.1904761904761904,0.0,0.0,0.5555555555555556,3.3130363976050274,5.587839603375043,7.23436143868901,0.0183777002195386,1.497088418648047,1.7607381634954724,True,2.1902876599161822
2022-07-04 00:00:00+00:00,19.0,10.0,4.0,61.36842105263158,0.1052631578947368,0.0,0.0,0.4,2.97922876890706,6.24855002381326,5.729408720115414,-0.0223541589561261,0.7280570811089245,1.1682161120615937,True,1.6251673206925261
2022-07-05 00:00:00+00:00,28.0,12.0,4.0,108.5,0.0357142857142857,0.0714285714285714,0.0,0.3333333333333333,4.481363098047916,7.569970864689692,5.729408720115414,-0.0151682405009644,0.1003917982644938,0.9142780900185028,True,1.8320109954436379
2022-07-06 00:00:00+00:00,21.0,11.0,3.0,259.6666666666667,0.238095238095238,0.0,0.0,0.2727272727272727,3.3130363976050274,6.909260444251476,4.224456001541817,0.0078793926160655,1.9268412249199092,0.683425342706602,True,1.9744343217438463
2022-07-07 00:00:00+00:00,7.0,5.0,1.0,16.571428571428573,0.1428571428571428,0.0,0.0,0.2,0.9763829967192508,2.944997921622179,1.214550564394625,-0.0291841345732361,1.0673356123761844,0.4064020459323212,True,0.8167068850092521
2022-07-08 00:00:00+00:00,12.0,4.0,0.0,254.75,0.0,0.0,0.0,0.0,1.810902068464171,2.2842875011839627,-0.2904021541789712,0.0071297727958313,-0.2219228064394029,-0.3554120201969512,True,0.41118908060927223
2022-07-09 00:00:00+00:00,17.0,5.0,2.0,106.11764705882354,0.0588235294117647,0.0,0.0,0.4,2.6454211402090912,2.944997921622179,2.7195032829682213,-0.0155314660569303,0.308948307190545,1.1682161120615937,True,1.3741951864870767
2022-07-10 00:00:00+00:00,2.0,2.0,1.0,1.0,0.0,0.0,0.0,0.5,0.1418639249743304,0.96286666030753,1.214550564394625,-0.0315582331806605,-0.2219228064394029,1.54912314512623,True,0.4896880878870525
2022-07-11 00:00:00+00:00,7.0,3.0,0.0,629.7142857142857,0.2857142857142857,0.0,0.0,0.0,0.9763829967192508,1.6235770807457464,-0.2904021541789712,0.0642987206842463,2.356594031191773,-0.3554120201969512,True,0.9925216692380242
2022-07-12 00:00:00+00:00,6.0,4.0,3.0,257.6666666666667,0.1666666666666666,0.0,0.0,0.75,0.8094791823702667,2.2842875011839627,4.224456001541817,0.0075744625196991,1.2822120155121155,2.501390727787821,True,1.5310273085567345
2022-07-13 00:00:00+00:00,6.0,4.0,1.0,84.5,0.1666666666666666,0.0,0.0,0.25,0.8094791823702667,2.2842875011839627,1.214550564394625,-0.0188274016573617,1.2822120155121155,0.5968555624646393,True,0.8961822534490073
2022-07-14 00:00:00+00:00,3.0,2.0,2.0,227.3333333333333,0.0,0.0,0.0,1.0,0.3087677393233145,0.96286666030753,2.7195032829682213,0.0029496893914747,-0.2219228064394029,3.4536583104494114,True,1.1801677477777743
2022-07-15 00:00:00+00:00,16.0,9.0,7.0,114.3125,0.5625,0.0,0.0,0.7777777777777778,2.478517325860107,5.587839603375043,10.244266875836203,-0.0142820374083994,4.854532217646974,2.607198236972442,True,3.313415926826508
2022-07-16 00:00:00+00:00,5.0,2.0,0.0,723.0,0.0,0.0,0.0,0.0,0.6425753680212826,0.96286666030753,-0.2904021541789712,0.0785215316076238,-0.2219228064394029,-0.3554120201969512,True,0.021746847128309505
2022-07-17 00:00:00+00:00,15.0,8.0,2.0,72.0,0.0,0.0666666666666666,0.0,0.25,2.311613511511123,4.927129182936827,2.7195032829682213,-0.0207332147596519,-0.2219228064394029,0.5968555624646393,True,0.8955154225121199
2022-07-18 00:00:00+00:00,4.0,3.0,0.0,315.0,0.25,0.0,0.0,0.0,0.4756715536722986,1.6235770807457464,-0.2904021541789712,0.0163157919488703,2.034279426487876,-0.3554120201969512,True,0.7181796533210744
2022-07-19 00:00:00+00:00,3.0,3.0,1.0,38.0,0.0,0.3333333333333333,0.0,0.3333333333333333,0.3087677393233145,1.6235770807457464,1.214550564394625,-0.0259170263978814,-0.2219228064394029,0.9142780900185028,True,0.3337076743008048
2022-07-20 00:00:00+00:00,6.0,4.0,2.0,238.16666666666663,0.1666666666666666,0.0,0.0,0.5,0.8094791823702667,2.2842875011839627,2.7195032829682213,0.0046013940801263,1.2822120155121155,1.54912314512623,True,1.2136047810028707
2022-07-21 00:00:00+00:00,6.0,4.0,2.0,311.1666666666667,0.1666666666666666,0.0,0.0,0.5,0.8094791823702667,2.2842875011839627,2.7195032829682213,0.0157313425975013,1.2822120155121155,1.54912314512623,True,1.2136047810028707
2022-07-22 00:00:00+00:00,7.0,6.0,2.0,608.5,0.1428571428571428,0.1428571428571428,0.0,0.3333333333333333,0.9763829967192508,3.605708342060395,2.7195032829682213,0.0610642835906452,1.0673356123761844,0.9142780900185028,True,0.9859988997046459
2022-07-23 00:00:00+00:00,1.0,1.0,0.0,1769.0,0.0,0.0,0.0,0.0,-0.0250398893746535,0.3021562398693136,-0.2904021541789712,0.2379999720072713,-0.2219228064394029,-0.3554120201969512,True,-0.20079157200366918
2022-07-24 00:00:00+00:00,19.0,2.0,0.0,139.3684210526316,0.0,0.0,0.0,0.0,2.97922876890706,0.96286666030753,-0.2904021541789712,-0.010461885197835,-0.2219228064394029,-0.3554120201969512,True,0.8006313140902352
2022-07-25 00:00:00+00:00,14.0,2.0,0.0,267.7857142857143,0.1428571428571428,0.0,0.0,0.0,2.144709697162139,0.96286666030753,-0.2904021541789712,0.0091172636025054,1.0673356123761844,-0.3554120201969512,True,0.9522110964471241
2022-07-26 00:00:00+00:00,4.0,1.0,0.0,383.5,0.0,0.0,0.0,0.0,0.4756715536722986,0.3021562398693136,-0.2904021541789712,0.0267596477494208,-0.2219228064394029,-0.3554120201969512,True,-0.03388775765468518
2022-07-27 00:00:00+00:00,14.0,5.0,1.0,295.07142857142856,0.0714285714285714,0.0,0.0,0.2,2.144709697162139,2.944997921622179,1.214550564394625,0.0132773813457904,0.4227064029683907,0.4064020459323212,True,0.9912727153542834
2022-07-28 00:00:00+00:00,12.0,2.0,0.0,507.4166666666667,0.3333333333333333,0.0,0.0,0.0,1.810902068464171,0.96286666030753,-0.2904021541789712,0.0456526083034581,2.786346837463636,-0.3554120201969512,True,1.413945628576952
2022-07-29 00:00:00+00:00,11.0,7.0,3.0,362.3636363636364,0.1818181818181818,0.0,0.0,0.4285714285714285,1.643998254115187,4.266418762498612,4.224456001541817,0.0235370910491846,1.418951544780436,1.2770466929372035,True,1.4466654972776087
2022-07-30 00:00:00+00:00,0.0,0.0,0.0,0.0,0.0,0.0,0.0,0.0,-0.1919437037236376,-0.3585541805689027,-0.2904021541789712,-0.0317106982288437,-0.2219228064394029,-0.3554120201969512,True,-0.25642617678666385
2022-07-31 00:00:00+00:00,1.0,1.0,1.0,943.0,0.0,0.0,0.0,1.0,-0.0250398893746535,0.3021562398693136,1.214550564394625,0.1120638422079321,-0.2219228064394029,3.4536583104494114,True,1.068898538211785
2022-08-01 00:00:00+00:00,0.0,0.0,0.0,0.0,0.0,0.0,0.0,0.0,-0.1919437037236376,-0.3585541805689027,-0.2904021541789712,-0.0317106982288437,-0.2219228064394029,-0.3554120201969512,True,-0.25642617678666385
2022-08-02 00:00:00+00:00,7.0,4.0,1.0,167.71428571428572,0.1428571428571428,0.0,0.0,0.25,0.9763829967192508,2.2842875011839627,1.214550564394625,-0.0061401315764009,1.0673356123761844,0.5968555624646393,True,0.8801913905200248
2022-08-03 00:00:00+00:00,2.0,2.0,1.0,22.5,0.0,0.0,0.0,0.5,0.1418639249743304,0.96286666030753,1.214550564394625,-0.0282802346447213,-0.2219228064394029,1.54912314512623,True,0.4896880878870525
2022-08-04 00:00:00+00:00,6.0,5.0,1.0,236.16666666666663,0.0,0.0,0.0,0.2,0.8094791823702667,2.944997921622179,1.214550564394625,0.0042964639837598,-0.2219228064394029,0.4064020459323212,True,0.33131947395439504
2022-08-05 00:00:00+00:00,1.0,1.0,0.0,11.0,0.0,0.0,0.0,0.0,-0.0250398893746535,0.3021562398693136,-0.2904021541789712,-0.0300335826988283,-0.2219228064394029,-0.3554120201969512,True,-0.20079157200366918
2022-08-06 00:00:00+00:00,2.0,2.0,0.0,226.0,0.0,0.0,0.0,0.0,0.1418639249743304,0.96286666030753,-0.2904021541789712,0.0027464026605638,-0.2219228064394029,-0.3554120201969512,True,-0.14515696722067456
2022-08-07 00:00:00+00:00,3.0,2.0,2.0,2.6666666666666665,0.0,0.0,0.0,1.0,0.3087677393233145,0.96286666030753,2.7195032829682213,-0.0313041247670218,-0.2219228064394029,3.4536583104494114,True,1.1801677477777743
2022-08-08 00:00:00+00:00,5.0,3.0,0.0,405.4,0.0,0.0,0.0,0.0,0.6425753680212826,1.6235770807457464,-0.2904021541789712,0.0300986323046333,-0.2219228064394029,-0.3554120201969512,True,0.021746847128309505
2022-08-09 00:00:00+00:00,21.0,4.0,0.0,600.2380952380952,0.0476190476190476,0.0,0.0,0.0,3.3130363976050274,2.2842875011839627,-0.2904021541789712,0.0598046318830362,0.2078299998324595,-0.3554120201969512,True,1.0551514590801785
2022-08-10 00:00:00+00:00,8.0,4.0,0.0,408.625,0.0,0.0,0.0,0.0,1.1432868110682348,2.2842875011839627,-0.2904021541789712,0.0305903320850242,-0.2219228064394029,-0.3554120201969512,True,0.1886506614772936
2022-08-11 00:00:00+00:00,18.0,3.0,0.0,400.44444444444446,0.1111111111111111,0.0,0.0,0.0,2.812324954558075,1.6235770807457464,-0.2904021541789712,0.0293430832880809,0.7808337415282764,-0.3554120201969512,True,1.0792488919631336
2022-08-12 00:00:00+00:00,1.0,1.0,1.0,4.0,0.0,0.0,0.0,1.0,-0.0250398893746535,0.3021562398693136,1.214550564394625,-0.0311008380361108,-0.2219228064394029,3.4536583104494114,True,1.068898538211785
2022-08-13 00:00:00+00:00,0.0,0.0,0.0,0.0,0.0,0.0,0.0,0.0,-0.1919437037236376,-0.3585541805689027,-0.2904021541789712,-0.0317106982288437,-0.2219228064394029,-0.3554120201969512,True,-0.25642617678666385
2022-08-14 00:00:00+00:00,2.0,2.0,0.0,202.5,0.0,0.0,0.0,0.0,0.1418639249743304,0.96286666030753,-0.2904021541789712,-0.0008365259717418,-0.2219228064394029,-0.3554120201969512,True,-0.14515696722067456
2022-08-15 00:00:00+00:00,1.0,1.0,0.0,406.0,0.0,0.0,0.0,0.0,-0.0250398893746535,0.3021562398693136,-0.2904021541789712,0.0301901113335433,-0.2219228064394029,-0.3554120201969512,True,-0.20079157200366918
2022-08-16 00:00:00+00:00,0.0,0.0,0.0,0.0,0.0,0.0,0.0,0.0,-0.1919437037236376,-0.3585541805689027,-0.2904021541789712,-0.0317106982288437,-0.2219228064394029,-0.3554120201969512,True,-0.25642617678666385
2022-08-17 00:00:00+00:00,1.0,1.0,0.0,843.0,0.0,0.0,0.0,0.0,-0.0250398893746535,0.3021562398693136,-0.2904021541789712,0.0968173373896101,-0.2219228064394029,-0.3554120201969512,True,-0.20079157200366918
2022-08-18 00:00:00+00:00,2.0,2.0,0.0,3.0,0.0,0.0,0.0,0.0,0.1418639249743304,0.96286666030753,-0.2904021541789712,-0.031253303084294,-0.2219228064394029,-0.3554120201969512,True,-0.14515696722067456
2022-08-19 00:00:00+00:00,1.0,1.0,1.0,18.0,0.0,0.0,0.0,1.0,-0.0250398893746535,0.3021562398693136,1.214550564394625,-0.0289663273615458,-0.2219228064394029,3.4536583104494114,True,1.068898538211785
2022-08-20 00:00:00+00:00,0.0,0.0,0.0,0.0,0.0,0.0,0.0,0.0,-0.1919437037236376,-0.3585541805689027,-0.2904021541789712,-0.0317106982288437,-0.2219228064394029,-0.3554120201969512,True,-0.25642617678666385
2022-08-21 00:00:00+00:00,2.0,1.0,0.0,89.5,0.0,0.0,0.0,0.0,0.1418639249743304,0.3021562398693136,-0.2904021541789712,-0.0180650764164456,-0.2219228064394029,-0.3554120201969512,True,-0.14515696722067456
2022-08-22 00:00:00+00:00,3.0,3.0,1.0,18.666666666666668,0.0,0.0,0.0,0.3333333333333333,0.3087677393233145,1.6235770807457464,1.214550564394625,-0.0288646839960903,-0.2219228064394029,0.9142780900185028,True,0.3337076743008048
2022-08-23 00:00:00+00:00,1.0,1.0,1.0,52.0,0.0,0.0,0.0,1.0,-0.0250398893746535,0.3021562398693136,1.214550564394625,-0.0237825157233163,-0.2219228064394029,3.4536583104494114,True,1.068898538211785
2022-08-24 00:00:00+00:00,3.0,3.0,1.0,360.6666666666667,0.0,0.0,0.0,0.3333333333333333,0.3087677393233145,1.6235770807457464,1.214550564394625,0.0232783624825707,-0.2219228064394029,0.9142780900185028,True,0.3337076743008048
2022-08-25 00:00:00+00:00,3.0,2.0,1.0,728.3333333333334,0.0,0.0,0.0,0.5,0.3087677393233145,0.96286666030753,1.214550564394625,0.0793346785312677,-0.2219228064394029,1.54912314512623,True,0.5453226926700472
2022-08-26 00:00:00+00:00,1.0,1.0,1.0,41.0,0.0,0.0,0.0,1.0,-0.0250398893746535,0.3021562398693136,1.214550564394625,-0.0254596312533317,-0.2219228064394029,3.4536583104494114,True,1.068898538211785
2022-08-27 00:00:00+00:00,1.0,1.0,0.0,1.0,0.0,0.0,0.0,0.0,-0.0250398893746535,0.3021562398693136,-0.2904021541789712,-0.0315582331806605,-0.2219228064394029,-0.3554120201969512,True,-0.20079157200366918
2022-08-28 00:00:00+00:00,3.0,2.0,0.0,153.0,0.0,0.0,0.0,0.0,0.3087677393233145,0.96286666030753,-0.2904021541789712,-0.0083835458568111,-0.2219228064394029,-0.3554120201969512,True,-0.08952236243767986
2022-08-29 00:00:00+00:00,3.0,2.0,0.0,26.666666666666668,0.3333333333333333,0.0,0.0,0.0,0.3087677393233145,0.96286666030753,-0.2904021541789712,-0.0276449636106245,2.786346837463636,-0.3554120201969512,True,0.9132341855299999
2022-08-30 00:00:00+00:00,0.0,0.0,0.0,0.0,0.0,0.0,0.0,0.0,-0.1919437037236376,-0.3585541805689027,-0.2904021541789712,-0.0317106982288437,-0.2219228064394029,-0.3554120201969512,True,-0.25642617678666385
2022-08-31 00:00:00+00:00,1.0,1.0,1.0,8.0,0.0,0.0,0.0,1.0,-0.0250398893746535,0.3021562398693136,1.214550564394625,-0.030490977843378,-0.2219228064394029,3.4536583104494114,True,1.068898538211785
2022-09-01 00:00:00+00:00,0.0,0.0,0.0,0.0,0.0,0.0,0.0,0.0,-0.1919437037236376,-0.3585541805689027,-0.2904021541789712,-0.0317106982288437,-0.2219228064394029,-0.3554120201969512,True,-0.25642617678666385
2022-09-02 00:00:00+00:00,2.0,1.0,0.0,11.0,0.0,0.0,0.0,0.0,0.1418639249743304,0.3021562398693136,-0.2904021541789712,-0.0300335826988283,-0.2219228064394029,-0.3554120201969512,True,-0.14515696722067456
2022-09-03 00:00:00+00:00,3.0,3.0,1.0,227.5,0.0,0.3333333333333333,0.0,0.3333333333333333,0.3087677393233145,1.6235770807457464,1.214550564394625,0.0029751002328386,-0.2219228064394029,0.9142780900185028,True,0.3337076743008048
2022-09-04 00:00:00+00:00,2.0,2.0,1.0,43.0,0.5,0.0,0.0,0.5,0.1418639249743304,0.96286666030753,1.214550564394625,-0.0251547011569653,4.290481659415155,1.54912314512623,True,1.993822909838572
2022-09-05 00:00:00+00:00,0.0,0.0,0.0,0.0,0.0,0.0,0.0,0.0,-0.1919437037236376,-0.3585541805689027,-0.2904021541789712,-0.0317106982288437,-0.2219228064394029,-0.3554120201969512,True,-0.25642617678666385
2022-09-06 00:00:00+00:00,1.0,1.0,0.0,7.0,0.0,0.0,0.0,0.0,-0.0250398893746535,0.3021562398693136,-0.2904021541789712,-0.0306434428915612,-0.2219228064394029,-0.3554120201969512,True,-0.20079157200366918
2022-09-07 00:00:00+00:00,0.0,0.0,0.0,0.0,0.0,0.0,0.0,0.0,-0.1919437037236376,-0.3585541805689027,-0.2904021541789712,-0.0317106982288437,-0.2219228064394029,-0.3554120201969512,True,-0.25642617678666385
2022-09-08 00:00:00+00:00,0.0,0.0,0.0,0.0,0.0,0.0,0.0,0.0,-0.1919437037236376,-0.3585541805689027,-0.2904021541789712,-0.0317106982288437,-0.2219228064394029,-0.3554120201969512,True,-0.25642617678666385
2022-09-09 00:00:00+00:00,1.0,1.0,1.0,433.0,0.0,0.0,0.0,1.0,-0.0250398893746535,0.3021562398693136,1.214550564394625,0.0343066676344902,-0.2219228064394029,3.4536583104494114,True,1.068898538211785
2022-09-10 00:00:00+00:00,0.0,0.0,0.0,0.0,0.0,0.0,0.0,0.0,-0.1919437037236376,-0.3585541805689027,-0.2904021541789712,-0.0317106982288437,-0.2219228064394029,-0.3554120201969512,True,-0.25642617678666385
2022-09-11 00:00:00+00:00,0.0,0.0,0.0,0.0,0.0,0.0,0.0,0.0,-0.1919437037236376,-0.3585541805689027,-0.2904021541789712,-0.0317106982288437,-0.2219228064394029,-0.3554120201969512,True,-0.25642617678666385
2022-09-12 00:00:00+00:00,0.0,0.0,0.0,0.0,0.0,0.0,0.0,0.0,-0.1919437037236376,-0.3585541805689027,-0.2904021541789712,-0.0317106982288437,-0.2219228064394029,-0.3554120201969512,True,-0.25642617678666385
2022-09-13 00:00:00+00:00,1.0,1.0,0.0,1327.0,0.0,0.0,0.0,0.0,-0.0250398893746535,0.3021562398693136,-0.2904021541789712,0.1706104207102883,-0.2219228064394029,-0.3554120201969512,True,-0.20079157200366918
2022-09-14 00:00:00+00:00,0.0,0.0,0.0,0.0,0.0,0.0,0.0,0.0,-0.1919437037236376,-0.3585541805689027,-0.2904021541789712,-0.0317106982288437,-0.2219228064394029,-0.3554120201969512,True,-0.25642617678666385
2022-09-15 00:00:00+00:00,0.0,0.0,0.0,0.0,0.0,0.0,0.0,0.0,-0.1919437037236376,-0.3585541805689027,-0.2904021541789712,-0.0317106982288437,-0.2219228064394029,-0.3554120201969512,True,-0.25642617678666385
2022-09-16 00:00:00+00:00,1.0,1.0,0.0,1.0,0.0,0.0,0.0,0.0,-0.0250398893746535,0.3021562398693136,-0.2904021541789712,-0.0315582331806605,-0.2219228064394029,-0.3554120201969512,True,-0.20079157200366918
2022-09-17 00:00:00+00:00,0.0,0.0,0.0,0.0,0.0,0.0,0.0,0.0,-0.1919437037236376,-0.3585541805689027,-0.2904021541789712,-0.0317106982288437,-0.2219228064394029,-0.3554120201969512,True,-0.25642617678666385
2022-09-18 00:00:00+00:00,3.0,1.0,0.0,318.6666666666667,0.0,0.0,0.0,0.0,0.3087677393233145,0.3021562398693136,-0.2904021541789712,0.0168748304588754,-0.2219228064394029,-0.3554120201969512,True,-0.08952236243767986
2022-09-19 00:00:00+00:00,4.0,3.0,1.0,42.75,0.0,0.0,0.0,0.3333333333333333,0.4756715536722986,1.6235770807457464,1.214550564394625,-0.0251928174190111,-0.2219228064394029,0.9142780900185028,True,0.3893422790837995
2022-09-20 00:00:00+00:00,3.0,3.0,0.0,23.33333333333333,0.6666666666666666,0.0,0.0,0.0,0.3087677393233145,1.6235770807457464,-0.2904021541789712,-0.0281531804379019,5.794616481366673,-0.3554120201969512,True,1.9159907334976787
2022-09-21 00:00:00+00:00,0.0,0.0,0.0,0.0,0.0,0.0,0.0,0.0,-0.1919437037236376,-0.3585541805689027,-0.2904021541789712,-0.0317106982288437,-0.2219228064394029,-0.3554120201969512,True,-0.25642617678666385
2022-09-22 00:00:00+00:00,0.0,0.0,0.0,0.0,0.0,0.0,0.0,0.0,-0.1919437037236376,-0.3585541805689027,-0.2904021541789712,-0.0317106982288437,-0.2219228064394029,-0.3554120201969512,True,-0.25642617678666385
2022-09-23 00:00:00+00:00,0.0,0.0,0.0,0.0,0.0,0.0,0.0,0.0,-0.1919437037236376,-0.3585541805689027,-0.2904021541789712,-0.0317106982288437,-0.2219228064394029,-0.3554120201969512,True,-0.25642617678666385
2022-09-24 00:00:00+00:00,1.0,1.0,1.0,36.0,0.0,0.0,0.0,1.0,-0.0250398893746535,0.3021562398693136,1.214550564394625,-0.0262219564942478,-0.2219228064394029,3.4536583104494114,True,1.068898538211785
2022-09-25 00:00:00+00:00,7.0,3.0,2.0,170.0,0.1428571428571428,0.0,0.0,0.6666666666666666,0.9763829967192508,1.6235770807457464,2.7195032829682213,-0.0057916400376964,1.0673356123761844,2.183968200233957,True,1.4092289364431307
2022-09-26 00:00:00+00:00,1.0,1.0,1.0,4.0,0.0,0.0,0.0,1.0,-0.0250398893746535,0.3021562398693136,1.214550564394625,-0.0311008380361108,-0.2219228064394029,3.4536583104494114,True,1.068898538211785
2022-09-27 00:00:00+00:00,5.0,3.0,3.0,27.6,0.4,0.0,0.0,1.0,0.6425753680212826,1.6235770807457464,4.224456001541817,-0.0275026628989869,3.388000766244244,3.4536583104494114,True,2.4947448149049793
2022-09-28 00:00:00+00:00,1.0,1.0,0.0,24.0,0.0,0.0,0.0,0.0,-0.0250398893746535,0.3021562398693136,-0.2904021541789712,-0.0280515370724464,-0.2219228064394029,-0.3554120201969512,True,-0.20079157200366918
2022-09-29 00:00:00+00:00,0.0,0.0,0.0,0.0,0.0,0.0,0.0,0.0,-0.1919437037236376,-0.3585541805689027,-0.2904021541789712,-0.0317106982288437,-0.2219228064394029,-0.3554120201969512,True,-0.25642617678666385
2022-09-30 00:00:00+00:00,0.0,0.0,0.0,0.0,0.0,0.0,0.0,0.0,-0.1919437037236376,-0.3585541805689027,-0.2904021541789712,-0.0317106982288437,-0.2219228064394029,-0.3554120201969512,True,-0.25642617678666385
2022-10-01 00:00:00+00:00,1.0,1.0,0.0,420.0,0.0,0.0,0.0,0.0,-0.0250398893746535,0.3021562398693136,-0.2904021541789712,0.0323246220081083,-0.2219228064394029,-0.3554120201969512,True,-0.20079157200366918
2022-10-02 00:00:00+00:00,0.0,0.0,0.0,0.0,0.0,0.0,0.0,0.0,-0.1919437037236376,-0.3585541805689027,-0.2904021541789712,-0.0317106982288437,-0.2219228064394029,-0.3554120201969512,True,-0.25642617678666385
2022-10-03 00:00:00+00:00,0.0,0.0,0.0,0.0,0.0,0.0,0.0,0.0,-0.1919437037236376,-0.3585541805689027,-0.2904021541789712,-0.0317106982288437,-0.2219228064394029,-0.3554120201969512,True,-0.25642617678666385
2022-10-04 00:00:00+00:00,3.0,3.0,0.0,224.66666666666663,0.0,0.0,0.0,0.0,0.3087677393233145,1.6235770807457464,-0.2904021541789712,0.0025431159296528,-0.2219228064394029,-0.3554120201969512,True,-0.08952236243767986
2022-10-05 00:00:00+00:00,0.0,0.0,0.0,0.0,0.0,0.0,0.0,0.0,-0.1919437037236376,-0.3585541805689027,-0.2904021541789712,-0.0317106982288437,-0.2219228064394029,-0.3554120201969512,True,-0.25642617678666385
2022-10-06 00:00:00+00:00,0.0,0.0,0.0,0.0,0.0,0.0,0.0,0.0,-0.1919437037236376,-0.3585541805689027,-0.2904021541789712,-0.0317106982288437,-0.2219228064394029,-0.3554120201969512,True,-0.25642617678666385
2022-10-07 00:00:00+00:00,0.0,0.0,0.0,0.0,0.0,0.0,0.0,0.0,-0.1919437037236376,-0.3585541805689027,-0.2904021541789712,-0.0317106982288437,-0.2219228064394029,-0.3554120201969512,True,-0.25642617678666385
2022-10-08 00:00:00+00:00,0.0,0.0,0.0,0.0,0.0,0.0,0.0,0.0,-0.1919437037236376,-0.3585541805689027,-0.2904021541789712,-0.0317106982288437,-0.2219228064394029,-0.3554120201969512,True,-0.25642617678666385
2022-10-09 00:00:00+00:00,2.0,2.0,0.0,8.0,0.5,0.0,0.0,0.0,0.1418639249743304,0.96286666030753,-0.2904021541789712,-0.030490977843378,4.290481659415155,-0.3554120201969512,True,1.3589778547308449
2022-10-10 00:00:00+00:00,1.0,1.0,0.0,71.0,0.0,0.0,0.0,0.0,-0.0250398893746535,0.3021562398693136,-0.2904021541789712,-0.0208856798078351,-0.2219228064394029,-0.3554120201969512,True,-0.20079157200366918
2022-10-11 00:00:00+00:00,2.0,2.0,1.0,37.0,0.5,0.0,0.0,0.5,0.1418639249743304,0.96286666030753,1.214550564394625,-0.0260694914460646,4.290481659415155,1.54912314512623,True,1.993822909838572
2022-10-12 00:00:00+00:00,0.0,0.0,0.0,0.0,0.0,0.0,0.0,0.0,-0.1919437037236376,-0.3585541805689027,-0.2904021541789712,-0.0317106982288437,-0.2219228064394029,-0.3554120201969512,True,-0.25642617678666385
2022-10-13 00:00:00+00:00,2.0,2.0,0.0,1.0,0.0,0.5,0.0,0.0,0.1418639249743304,0.96286666030753,-0.2904021541789712,-0.0315582331806605,-0.2219228064394029,-0.3554120201969512,True,-0.14515696722067456
2022-10-14 00:00:00+00:00,1.0,1.0,0.0,16.0,0.0,0.0,0.0,0.0,-0.0250398893746535,0.3021562398693136,-0.2904021541789712,-0.0292712574579122,-0.2219228064394029,-0.3554120201969512,True,-0.20079157200366918
2022-10-15 00:00:00+00:00,1.0,1.0,0.0,0.0,0.0,1.0,0.0,0.0,-0.0250398893746535,0.3021562398693136,-0.2904021541789712,-0.0317106982288437,-0.2219228064394029,-0.3554120201969512,True,-0.20079157200366918
2022-10-16 00:00:00+00:00,0.0,0.0,0.0,0.0,0.0,0.0,0.0,0.0,-0.1919437037236376,-0.3585541805689027,-0.2904021541789712,-0.0317106982288437,-0.2219228064394029,-0.3554120201969512,True,-0.25642617678666385
2022-10-17 00:00:00+00:00,0.0,0.0,0.0,0.0,0.0,0.0,0.0,0.0,-0.1919437037236376,-0.3585541805689027,-0.2904021541789712,-0.0317106982288437,-0.2219228064394029,-0.3554120201969512,True,-0.25642617678666385
2022-10-18 00:00:00+00:00,0.0,0.0,0.0,0.0,0.0,0.0,0.0,0.0,-0.1919437037236376,-0.3585541805689027,-0.2904021541789712,-0.0317106982288437,-0.2219228064394029,-0.3554120201969512,True,-0.25642617678666385
2022-10-19 00:00:00+00:00,1.0,1.0,0.0,5.0,0.0,0.0,0.0,0.0,-0.0250398893746535,0.3021562398693136,-0.2904021541789712,-0.0309483729879276,-0.2219228064394029,-0.3554120201969512,True,-0.20079157200366918
2022-10-20 00:00:00+00:00,0.0,0.0,0.0,0.0,0.0,0.0,0.0,0.0,-0.1919437037236376,-0.3585541805689027,-0.2904021541789712,-0.0317106982288437,-0.2219228064394029,-0.3554120201969512,True,-0.25642617678666385
2022-10-21 00:00:00+00:00,2.0,2.0,1.0,0.0,0.5,0.0,0.0,0.5,0.1418639249743304,0.96286666030753,1.214550564394625,-0.0317106982288437,4.290481659415155,1.54912314512623,True,1.993822909838572
2022-10-22 00:00:00+00:00,0.0,0.0,0.0,0.0,0.0,0.0,0.0,0.0,-0.1919437037236376,-0.3585541805689027,-0.2904021541789712,-0.0317106982288437,-0.2219228064394029,-0.3554120201969512,True,-0.25642617678666385
2022-10-23 00:00:00+00:00,0.0,0.0,0.0,0.0,0.0,0.0,0.0,0.0,-0.1919437037236376,-0.3585541805689027,-0.2904021541789712,-0.0317106982288437,-0.2219228064394029,-0.3554120201969512,True,-0.25642617678666385
2022-10-24 00:00:00+00:00,3.0,2.0,0.0,637.6666666666666,0.3333333333333333,0.0,0.0,0.0,0.3087677393233145,0.96286666030753,-0.2904021541789712,0.0655111808293224,2.786346837463636,-0.3554120201969512,True,0.9132341855299999
2022-10-25 00:00:00+00:00,3.0,3.0,1.0,2475.333333333333,0.3333333333333333,0.0,0.0,0.3333333333333333,0.3087677393233145,1.6235770807457464,1.214550564394625,0.3456911177073519,2.786346837463636,0.9142780900185028,True,1.3364642222684846
2022-10-26 00:00:00+00:00,0.0,0.0,0.0,0.0,0.0,0.0,0.0,0.0,-0.1919437037236376,-0.3585541805689027,-0.2904021541789712,-0.0317106982288437,-0.2219228064394029,-0.3554120201969512,True,-0.25642617678666385
2022-10-27 00:00:00+00:00,2.0,2.0,0.0,535.0,0.5,0.0,0.0,0.0,0.1418639249743304,0.96286666030753,-0.2904021541789712,0.0498581025491786,4.290481659415155,-0.3554120201969512,True,1.3589778547308449
2022-10-28 00:00:00+00:00,0.0,0.0,0.0,0.0,0.0,0.0,0.0,0.0,-0.1919437037236376,-0.3585541805689027,-0.2904021541789712,-0.0317106982288437,-0.2219228064394029,-0.3554120201969512,True,-0.25642617678666385
2022-10-29 00:00:00+00:00,0.0,0.0,0.0,0.0,0.0,0.0,0.0,0.0,-0.1919437037236376,-0.3585541805689027,-0.2904021541789712,-0.0317106982288437,-0.2219228064394029,-0.3554120201969512,True,-0.25642617678666385
2022-10-30 00:00:00+00:00,0.0,0.0,0.0,0.0,0.0,0.0,0.0,0.0,-0.1919437037236376,-0.3585541805689027,-0.2904021541789712,-0.0317106982288437,-0.2219228064394029,-0.3554120201969512,True,-0.25642617678666385
2022-10-31 00:00:00+00:00,0.0,0.0,0.0,0.0,0.0,0.0,0.0,0.0,-0.1919437037236376,-0.3585541805689027,-0.2904021541789712,-0.0317106982288437,-0.2219228064394029,-0.3554120201969512,True,-0.25642617678666385
2022-11-01 00:00:00+00:00,0.0,0.0,0.0,0.0,0.0,0.0,0.0,0.0,-0.1919437037236376,-0.3585541805689027,-0.2904021541789712,-0.0317106982288437,-0.2219228064394029,-0.3554120201969512,True,-0.25642617678666385
2022-11-02 00:00:00+00:00,0.0,0.0,0.0,0.0,0.0,0.0,0.0,0.0,-0.1919437037236376,-0.3585541805689027,-0.2904021541789712,-0.0317106982288437,-0.2219228064394029,-0.3554120201969512,True,-0.25642617678666385
2022-11-03 00:00:00+00:00,0.0,0.0,0.0,0.0,0.0,0.0,0.0,0.0,-0.1919437037236376,-0.3585541805689027,-0.2904021541789712,-0.0317106982288437,-0.2219228064394029,-0.3554120201969512,True,-0.25642617678666385
2022-11-04 00:00:00+00:00,0.0,0.0,0.0,0.0,0.0,0.0,0.0,0.0,-0.1919437037236376,-0.3585541805689027,-0.2904021541789712,-0.0317106982288437,-0.2219228064394029,-0.3554120201969512,True,-0.25642617678666385
2022-11-05 00:00:00+00:00,0.0,0.0,0.0,0.0,0.0,0.0,0.0,0.0,-0.1919437037236376,-0.3585541805689027,-0.2904021541789712,-0.0317106982288437,-0.2219228064394029,-0.3554120201969512,True,-0.25642617678666385
2022-11-06 00:00:00+00:00,0.0,0.0,0.0,0.0,0.0,0.0,0.0,0.0,-0.1919437037236376,-0.3585541805689027,-0.2904021541789712,-0.0317106982288437,-0.2219228064394029,-0.3554120201969512,True,-0.25642617678666385
2022-11-07 00:00:00+00:00,1.0,1.0,1.0,60.0,0.0,0.0,0.0,1.0,-0.0250398893746535,0.3021562398693136,1.214550564394625,-0.0225627953378505,-0.2219228064394029,3.4536583104494114,True,1.068898538211785
2022-11-08 00:00:00+00:00,0.0,0.0,0.0,0.0,0.0,0.0,0.0,0.0,-0.1919437037236376,-0.3585541805689027,-0.2904021541789712,-0.0317106982288437,-0.2219228064394029,-0.3554120201969512,True,-0.25642617678666385
2022-11-09 00:00:00+00:00,3.0,2.0,0.0,467.3333333333333,0.3333333333333333,0.0,0.0,0.0,0.3087677393233145,0.96286666030753,-0.2904021541789712,0.0395413009554474,2.786346837463636,-0.3554120201969512,True,0.9132341855299999
2022-11-10 00:00:00+00:00,1.0,1.0,1.0,111.0,0.0,0.0,0.0,1.0,-0.0250398893746535,0.3021562398693136,1.214550564394625,-0.0147870778805064,-0.2219228064394029,3.4536583104494114,True,1.068898538211785
2022-11-11 00:00:00+00:00,2.0,1.0,0.0,294.5,0.0,0.0,0.0,0.0,0.1418639249743304,0.3021562398693136,-0.2904021541789712,0.0131902584611143,-0.2219228064394029,-0.3554120201969512,True,-0.14515696722067456
2022-11-12 00:00:00+00:00,0.0,0.0,0.0,0.0,0.0,0.0,0.0,0.0,-0.1919437037236376,-0.3585541805689027,-0.2904021541789712,-0.0317106982288437,-0.2219228064394029,-0.3554120201969512,True,-0.25642617678666385
2022-11-13 00:00:00+00:00,2.0,2.0,1.0,182.0,0.5,0.0,0.0,0.5,0.1418639249743304,0.96286666030753,1.214550564394625,-0.0039620594594978,4.290481659415155,1.54912314512623,True,1.993822909838572
2022-11-14 00:00:00+00:00,5.0,3.0,0.0,10.8,0.0,0.0,0.0,0.0,0.6425753680212826,1.6235770807457464,-0.2904021541789712,-0.0300640757084649,-0.2219228064394029,-0.3554120201969512,True,0.021746847128309505
2022-11-15 00:00:00+00:00,0.0,0.0,0.0,0.0,0.0,0.0,0.0,0.0,-0.1919437037236376,-0.3585541805689027,-0.2904021541789712,-0.0317106982288437,-0.2219228064394029,-0.3554120201969512,True,-0.25642617678666385
2022-11-16 00:00:00+00:00,0.0,0.0,0.0,0.0,0.0,0.0,0.0,0.0,-0.1919437037236376,-0.3585541805689027,-0.2904021541789712,-0.0317106982288437,-0.2219228064394029,-0.3554120201969512,True,-0.25642617678666385
2022-11-17 00:00:00+00:00,1.0,1.0,0.0,3.0,0.0,0.0,0.0,0.0,-0.0250398893746535,0.3021562398693136,-0.2904021541789712,-0.031253303084294,-0.2219228064394029,-0.3554120201969512,True,-0.20079157200366918
2022-11-18 00:00:00+00:00,1.0,1.0,0.0,3.0,0.0,0.0,0.0,0.0,-0.0250398893746535,0.3021562398693136,-0.2904021541789712,-0.031253303084294,-0.2219228064394029,-0.3554120201969512,True,-0.20079157200366918
2022-11-19 00:00:00+00:00,0.0,0.0,0.0,0.0,0.0,0.0,0.0,0.0,-0.1919437037236376,-0.3585541805689027,-0.2904021541789712,-0.0317106982288437,-0.2219228064394029,-0.3554120201969512,True,-0.25642617678666385
2022-11-20 00:00:00+00:00,1.0,1.0,0.0,1698.0,0.0,0.0,0.0,0.0,-0.0250398893746535,0.3021562398693136,-0.2904021541789712,0.2271749535862627,-0.2219228064394029,-0.3554120201969512,True,-0.20079157200366918
2022-11-21 00:00:00+00:00,0.0,0.0,0.0,0.0,0.0,0.0,0.0,0.0,-0.1919437037236376,-0.3585541805689027,-0.2904021541789712,-0.0317106982288437,-0.2219228064394029,-0.3554120201969512,True,-0.25642617678666385
2022-11-22 00:00:00+00:00,0.0,0.0,0.0,0.0,0.0,0.0,0.0,0.0,-0.1919437037236376,-0.3585541805689027,-0.2904021541789712,-0.0317106982288437,-0.2219228064394029,-0.3554120201969512,True,-0.25642617678666385
2022-11-23 00:00:00+00:00,2.0,2.0,0.0,30.0,0.5,0.0,0.0,0.0,0.1418639249743304,0.96286666030753,-0.2904021541789712,-0.0271367467833471,4.290481659415155,-0.3554120201969512,True,1.3589778547308449
2022-11-24 00:00:00+00:00,3.0,3.0,1.0,28.666666666666668,0.0,0.0,0.0,0.3333333333333333,0.3087677393233145,1.6235770807457464,1.214550564394625,-0.0273400335142581,-0.2219228064394029,0.9142780900185028,True,0.3337076743008048
2022-11-25 00:00:00+00:00,0.0,0.0,0.0,0.0,0.0,0.0,0.0,0.0,-0.1919437037236376,-0.3585541805689027,-0.2904021541789712,-0.0317106982288437,-0.2219228064394029,-0.3554120201969512,True,-0.25642617678666385
2022-11-26 00:00:00+00:00,0.0,0.0,0.0,0.0,0.0,0.0,0.0,0.0,-0.1919437037236376,-0.3585541805689027,-0.2904021541789712,-0.0317106982288437,-0.2219228064394029,-0.3554120201969512,True,-0.25642617678666385
2022-11-27 00:00:00+00:00,0.0,0.0,0.0,0.0,0.0,0.0,0.0,0.0,-0.1919437037236376,-0.3585541805689027,-0.2904021541789712,-0.0317106982288437,-0.2219228064394029,-0.3554120201969512,True,-0.25642617678666385
2022-11-28 00:00:00+00:00,1.0,1.0,0.0,0.0,0.0,0.0,0.0,0.0,-0.0250398893746535,0.3021562398693136,-0.2904021541789712,-0.0317106982288437,-0.2219228064394029,-0.3554120201969512,True,-0.20079157200366918
2022-11-29 00:00:00+00:00,1.0,1.0,0.0,0.0,0.0,1.0,0.0,0.0,-0.0250398893746535,0.3021562398693136,-0.2904021541789712,-0.0317106982288437,-0.2219228064394029,-0.3554120201969512,True,-0.20079157200366918
2022-11-30 00:00:00+00:00,4.0,4.0,4.0,21.75,0.25,0.0,0.0,1.0,0.4756715536722986,2.2842875011839627,5.729408720115414,-0.0283945834308587,2.034279426487876,3.4536583104494114,True,1.9878697635365288
2022-12-01 00:00:00+00:00,1.0,1.0,0.0,47.0,0.0,0.0,0.0,0.0,-0.0250398893746535,0.3021562398693136,-0.2904021541789712,-0.0245448409642324,-0.2219228064394029,-0.3554120201969512,True,-0.20079157200366918
2022-12-02 00:00:00+00:00,1.0,1.0,0.0,46.0,0.0,0.0,0.0,0.0,-0.0250398893746535,0.3021562398693136,-0.2904021541789712,-0.0246973060124156,-0.2219228064394029,-0.3554120201969512,True,-0.20079157200366918
2022-12-03 00:00:00+00:00,0.0,0.0,0.0,0.0,0.0,0.0,0.0,0.0,-0.1919437037236376,-0.3585541805689027,-0.2904021541789712,-0.0317106982288437,-0.2219228064394029,-0.3554120201969512,True,-0.25642617678666385
2022-12-04 00:00:00+00:00,10.0,3.0,2.0,493.1,0.0,0.0,0.0,0.6666666666666666,1.477094439766203,1.6235770807457464,2.7195032829682213,0.0434698170303017,-0.2219228064394029,2.183968200233957,True,1.1463799445202525
2022-12-05 00:00:00+00:00,0.0,0.0,0.0,0.0,0.0,0.0,0.0,0.0,-0.1919437037236376,-0.3585541805689027,-0.2904021541789712,-0.0317106982288437,-0.2219228064394029,-0.3554120201969512,True,-0.25642617678666385
2022-12-06 00:00:00+00:00,0.0,0.0,0.0,0.0,0.0,0.0,0.0,0.0,-0.1919437037236376,-0.3585541805689027,-0.2904021541789712,-0.0317106982288437,-0.2219228064394029,-0.3554120201969512,True,-0.25642617678666385
2022-12-07 00:00:00+00:00,1.0,1.0,0.0,27.0,0.0,0.0,0.0,0.0,-0.0250398893746535,0.3021562398693136,-0.2904021541789712,-0.0275941419278968,-0.2219228064394029,-0.3554120201969512,True,-0.20079157200366918
2022-12-08 00:00:00+00:00,1.0,1.0,0.0,277.0,0.0,0.0,0.0,0.0,-0.0250398893746535,0.3021562398693136,-0.2904021541789712,0.010522120117908,-0.2219228064394029,-0.3554120201969512,True,-0.20079157200366918
2022-12-09 00:00:00+00:00,0.0,0.0,0.0,0.0,0.0,0.0,0.0,0.0,-0.1919437037236376,-0.3585541805689027,-0.2904021541789712,-0.0317106982288437,-0.2219228064394029,-0.3554120201969512,True,-0.25642617678666385
2022-12-10 00:00:00+00:00,5.0,1.0,0.0,374.4,0.0,0.0,0.0,0.0,0.6425753680212826,0.3021562398693136,-0.2904021541789712,0.0253722158109535,-0.2219228064394029,-0.3554120201969512,True,0.021746847128309505
2022-12-11 00:00:00+00:00,4.0,3.0,1.0,282.75,0.25,0.0,0.0,0.3333333333333333,0.4756715536722986,1.6235770807457464,1.214550564394625,0.0113987941449615,2.034279426487876,0.9142780900185028,True,1.141409690059559
2022-12-12 00:00:00+00:00,0.0,0.0,0.0,0.0,0.0,0.0,0.0,0.0,-0.1919437037236376,-0.3585541805689027,-0.2904021541789712,-0.0317106982288437,-0.2219228064394029,-0.3554120201969512,True,-0.25642617678666385
2022-12-13 00:00:00+00:00,1.0,1.0,0.0,163.0,0.0,0.0,0.0,0.0,-0.0250398893746535,0.3021562398693136,-0.2904021541789712,-0.0068588953749789,-0.2219228064394029,-0.3554120201969512,True,-0.20079157200366918
2022-12-14 00:00:00+00:00,0.0,0.0,0.0,0.0,0.0,0.0,0.0,0.0,-0.1919437037236376,-0.3585541805689027,-0.2904021541789712,-0.0317106982288437,-0.2219228064394029,-0.3554120201969512,True,-0.25642617678666385
2022-12-15 00:00:00+00:00,2.0,1.0,0.0,11.0,0.0,0.0,0.0,0.0,0.1418639249743304,0.3021562398693136,-0.2904021541789712,-0.0300335826988283,-0.2219228064394029,-0.3554120201969512,True,-0.14515696722067456
2022-12-16 00:00:00+00:00,0.0,0.0,0.0,0.0,0.0,0.0,0.0,0.0,-0.1919437037236376,-0.3585541805689027,-0.2904021541789712,-0.0317106982288437,-0.2219228064394029,-0.3554120201969512,True,-0.25642617678666385
2022-12-17 00:00:00+00:00,3.0,3.0,1.0,16.666666666666668,0.3333333333333333,0.0,0.0,0.3333333333333333,0.3087677393233145,1.6235770807457464,1.214550564394625,-0.0291696140924567,2.786346837463636,0.9142780900185028,True,1.3364642222684846
2022-12-18 00:00:00+00:00,0.0,0.0,0.0,0.0,0.0,0.0,0.0,0.0,-0.1919437037236376,-0.3585541805689027,-0.2904021541789712,-0.0317106982288437,-0.2219228064394029,-0.3554120201969512,True,-0.25642617678666385
2022-12-19 00:00:00+00:00,0.0,0.0,0.0,0.0,0.0,0.0,0.0,0.0,-0.1919437037236376,-0.3585541805689027,-0.2904021541789712,-0.0317106982288437,-0.2219228064394029,-0.3554120201969512,True,-0.25642617678666385
2022-12-20 00:00:00+00:00,0.0,0.0,0.0,0.0,0.0,0.0,0.0,0.0,-0.1919437037236376,-0.3585541805689027,-0.2904021541789712,-0.0317106982288437,-0.2219228064394029,-0.3554120201969512,True,-0.25642617678666385
2022-12-21 00:00:00+00:00,0.0,0.0,0.0,0.0,0.0,0.0,0.0,0.0,-0.1919437037236376,-0.3585541805689027,-0.2904021541789712,-0.0317106982288437,-0.2219228064394029,-0.3554120201969512,True,-0.25642617678666385
2022-12-22 00:00:00+00:00,0.0,0.0,0.0,0.0,0.0,0.0,0.0,0.0,-0.1919437037236376,-0.3585541805689027,-0.2904021541789712,-0.0317106982288437,-0.2219228064394029,-0.3554120201969512,True,-0.25642617678666385
2022-12-23 00:00:00+00:00,0.0,0.0,0.0,0.0,0.0,0.0,0.0,0.0,-0.1919437037236376,-0.3585541805689027,-0.2904021541789712,-0.0317106982288437,-0.2219228064394029,-0.3554120201969512,True,-0.25642617678666385
2022-12-24 00:00:00+00:00,0.0,0.0,0.0,0.0,0.0,0.0,0.0,0.0,-0.1919437037236376,-0.3585541805689027,-0.2904021541789712,-0.0317106982288437,-0.2219228064394029,-0.3554120201969512,True,-0.25642617678666385
2022-12-25 00:00:00+00:00,0.0,0.0,0.0,0.0,0.0,0.0,0.0,0.0,-0.1919437037236376,-0.3585541805689027,-0.2904021541789712,-0.0317106982288437,-0.2219228064394029,-0.3554120201969512,True,-0.25642617678666385
2022-12-26 00:00:00+00:00,0.0,0.0,0.0,0.0,0.0,0.0,0.0,0.0,-0.1919437037236376,-0.3585541805689027,-0.2904021541789712,-0.0317106982288437,-0.2219228064394029,-0.3554120201969512,True,-0.25642617678666385
2022-12-27 00:00:00+00:00,0.0,0.0,0.0,0.0,0.0,0.0,0.0,0.0,-0.1919437037236376,-0.3585541805689027,-0.2904021541789712,-0.0317106982288437,-0.2219228064394029,-0.3554120201969512,True,-0.25642617678666385
2022-12-28 00:00:00+00:00,0.0,0.0,0.0,0.0,0.0,0.0,0.0,0.0,-0.1919437037236376,-0.3585541805689027,-0.2904021541789712,-0.0317106982288437,-0.2219228064394029,-0.3554120201969512,True,-0.25642617678666385
2022-12-29 00:00:00+00:00,0.0,0.0,0.0,0.0,0.0,0.0,0.0,0.0,-0.1919437037236376,-0.3585541805689027,-0.2904021541789712,-0.0317106982288437,-0.2219228064394029,-0.3554120201969512,True,-0.25642617678666385
2022-12-30 00:00:00+00:00,5.0,2.0,1.0,95.8,0.2,0.0,0.0,0.5,0.6425753680212826,0.96286666030753,1.214550564394625,-0.0171045466128913,1.5830389799024205,1.54912314512623,True,1.2582458310166442
2022-12-31 00:00:00+00:00,0.0,0.0,0.0,0.0,0.0,0.0,0.0,0.0,-0.1919437037236376,-0.3585541805689027,-0.2904021541789712,-0.0317106982288437,-0.2219228064394029,-0.3554120201969512,True,-0.25642617678666385
2023-01-01 00:00:00+00:00,0.0,0.0,0.0,0.0,0.0,0.0,0.0,0.0,-0.1919437037236376,-0.3585541805689027,-0.2904021541789712,-0.0317106982288437,-0.2219228064394029,-0.3554120201969512,True,-0.25642617678666385
2023-01-02 00:00:00+00:00,6.0,4.0,1.0,623.8,0.0,0.1666666666666666,0.0,0.25,0.8094791823702667,2.2842875011839627,1.214550564394625,0.0633969988278484,-0.2219228064394029,0.5968555624646393,True,0.3948039794651677
2023-01-03 00:00:00+00:00,1.0,1.0,0.0,11.0,0.0,0.0,0.0,0.0,-0.0250398893746535,0.3021562398693136,-0.2904021541789712,-0.0300335826988283,-0.2219228064394029,-0.3554120201969512,True,-0.20079157200366918
2023-01-04 00:00:00+00:00,1.0,1.0,1.0,973.0,0.0,0.0,0.0,1.0,-0.0250398893746535,0.3021562398693136,1.214550564394625,0.1166377936534287,-0.2219228064394029,3.4536583104494114,True,1.068898538211785
2023-01-05 00:00:00+00:00,5.0,5.0,2.0,461.25,0.2,0.2,0.0,0.4,0.6425753680212826,2.944997921622179,2.7195032829682213,0.0386138052456661,1.5830389799024205,1.1682161120615937,True,1.1312768199950989
2023-01-06 00:00:00+00:00,0.0,0.0,0.0,0.0,0.0,0.0,0.0,0.0,-0.1919437037236376,-0.3585541805689027,-0.2904021541789712,-0.0317106982288437,-0.2219228064394029,-0.3554120201969512,True,-0.25642617678666385
2023-01-07 00:00:00+00:00,0.0,0.0,0.0,0.0,0.0,0.0,0.0,0.0,-0.1919437037236376,-0.3585541805689027,-0.2904021541789712,-0.0317106982288437,-0.2219228064394029,-0.3554120201969512,True,-0.25642617678666385
2023-01-08 00:00:00+00:00,0.0,0.0,0.0,0.0,0.0,0.0,0.0,0.0,-0.1919437037236376,-0.3585541805689027,-0.2904021541789712,-0.0317106982288437,-0.2219228064394029,-0.3554120201969512,True,-0.25642617678666385
2023-01-09 00:00:00+00:00,0.0,0.0,0.0,0.0,0.0,0.0,0.0,0.0,-0.1919437037236376,-0.3585541805689027,-0.2904021541789712,-0.0317106982288437,-0.2219228064394029,-0.3554120201969512,True,-0.25642617678666385
2023-01-10 00:00:00+00:00,0.0,0.0,0.0,0.0,0.0,0.0,0.0,0.0,-0.1919437037236376,-0.3585541805689027,-0.2904021541789712,-0.0317106982288437,-0.2219228064394029,-0.3554120201969512,True,-0.25642617678666385
2023-01-11 00:00:00+00:00,0.0,0.0,0.0,0.0,0.0,0.0,0.0,0.0,-0.1919437037236376,-0.3585541805689027,-0.2904021541789712,-0.0317106982288437,-0.2219228064394029,-0.3554120201969512,True,-0.25642617678666385
2023-01-12 00:00:00+00:00,0.0,0.0,0.0,0.0,0.0,0.0,0.0,0.0,-0.1919437037236376,-0.3585541805689027,-0.2904021541789712,-0.0317106982288437,-0.2219228064394029,-0.3554120201969512,True,-0.25642617678666385
2023-01-13 00:00:00+00:00,0.0,0.0,0.0,0.0,0.0,0.0,0.0,0.0,-0.1919437037236376,-0.3585541805689027,-0.2904021541789712,-0.0317106982288437,-0.2219228064394029,-0.3554120201969512,True,-0.25642617678666385
2023-01-14 00:00:00+00:00,0.0,0.0,0.0,0.0,0.0,0.0,0.0,0.0,-0.1919437037236376,-0.3585541805689027,-0.2904021541789712,-0.0317106982288437,-0.2219228064394029,-0.3554120201969512,True,-0.25642617678666385
2023-01-15 00:00:00+00:00,0.0,0.0,0.0,0.0,0.0,0.0,0.0,0.0,-0.1919437037236376,-0.3585541805689027,-0.2904021541789712,-0.0317106982288437,-0.2219228064394029,-0.3554120201969512,True,-0.25642617678666385
2023-01-16 00:00:00+00:00,1.0,1.0,1.0,465.0,0.0,0.0,0.0,1.0,-0.0250398893746535,0.3021562398693136,1.214550564394625,0.0391855491763532,-0.2219228064394029,3.4536583104494114,True,1.068898538211785
2023-01-17 00:00:00+00:00,4.0,3.0,1.0,12.75,0.25,0.0,0.0,0.3333333333333333,0.4756715536722986,1.6235770807457464,1.214550564394625,-0.0297667688645077,2.034279426487876,0.9142780900185028,True,1.141409690059559
2023-01-18 00:00:00+00:00,0.0,0.0,0.0,0.0,0.0,0.0,0.0,0.0,-0.1919437037236376,-0.3585541805689027,-0.2904021541789712,-0.0317106982288437,-0.2219228064394029,-0.3554120201969512,True,-0.25642617678666385
2023-01-19 00:00:00+00:00,5.0,3.0,0.0,406.75,0.2,0.2,0.0,0.0,0.6425753680212826,1.6235770807457464,-0.2904021541789712,0.0303044601196807,1.5830389799024205,-0.3554120201969512,True,0.6234007759089173
2023-01-20 00:00:00+00:00,5.0,5.0,2.0,23.6,0.0,0.0,0.0,0.4,0.6425753680212826,2.944997921622179,2.7195032829682213,-0.0281125230917197,-0.2219228064394029,1.1682161120615937,True,0.5296228912144911
2023-01-21 00:00:00+00:00,3.0,3.0,0.0,231.66666666666663,0.0,0.0,0.0,0.0,0.3087677393233145,1.6235770807457464,-0.2904021541789712,0.0036103712669353,-0.2219228064394029,-0.3554120201969512,True,-0.08952236243767986
2023-01-22 00:00:00+00:00,6.0,3.0,1.0,176.5,0.3333333333333333,0.0,0.0,0.3333333333333333,0.8094791823702667,1.6235770807457464,1.214550564394625,-0.0048006172245055,2.786346837463636,0.9142780900185028,True,1.5033680366174689
2023-01-23 00:00:00+00:00,7.0,6.0,1.0,177.42857142857142,0.0,0.0,0.0,0.1666666666666666,0.9763829967192508,3.605708342060395,1.214550564394625,-0.0046590425369068,-0.2219228064394029,0.2794330349107756,True,0.3446310750635411
2023-01-24 00:00:00+00:00,0.0,0.0,0.0,0.0,0.0,0.0,0.0,0.0,-0.1919437037236376,-0.3585541805689027,-0.2904021541789712,-0.0317106982288437,-0.2219228064394029,-0.3554120201969512,True,-0.25642617678666385
2023-01-25 00:00:00+00:00,4.0,3.0,0.0,7.75,0.25,0.0,0.0,0.0,0.4756715536722986,1.6235770807457464,-0.2904021541789712,-0.0305290941054238,2.034279426487876,-0.3554120201969512,True,0.7181796533210744
2023-01-26 00:00:00+00:00,0.0,0.0,0.0,0.0,0.0,0.0,0.0,0.0,-0.1919437037236376,-0.3585541805689027,-0.2904021541789712,-0.0317106982288437,-0.2219228064394029,-0.3554120201969512,True,-0.25642617678666385
2023-01-27 00:00:00+00:00,0.0,0.0,0.0,0.0,0.0,0.0,0.0,0.0,-0.1919437037236376,-0.3585541805689027,-0.2904021541789712,-0.0317106982288437,-0.2219228064394029,-0.3554120201969512,True,-0.25642617678666385
2023-01-28 00:00:00+00:00,0.0,0.0,0.0,0.0,0.0,0.0,0.0,0.0,-0.1919437037236376,-0.3585541805689027,-0.2904021541789712,-0.0317106982288437,-0.2219228064394029,-0.3554120201969512,True,-0.25642617678666385
2023-01-29 00:00:00+00:00,0.0,0.0,0.0,0.0,0.0,0.0,0.0,0.0,-0.1919437037236376,-0.3585541805689027,-0.2904021541789712,-0.0317106982288437,-0.2219228064394029,-0.3554120201969512,True,-0.25642617678666385
2023-01-30 00:00:00+00:00,1.0,1.0,1.0,0.0,0.0,1.0,0.0,1.0,-0.0250398893746535,0.3021562398693136,1.214550564394625,-0.0317106982288437,-0.2219228064394029,3.4536583104494114,True,1.068898538211785
2023-01-31 00:00:00+00:00,1.0,1.0,1.0,20.0,0.0,0.0,0.0,1.0,-0.0250398893746535,0.3021562398693136,1.214550564394625,-0.0286613972651793,-0.2219228064394029,3.4536583104494114,True,1.068898538211785
2023-02-01 00:00:00+00:00,0.0,0.0,0.0,0.0,0.0,0.0,0.0,0.0,-0.1919437037236376,-0.3585541805689027,-0.2904021541789712,-0.0317106982288437,-0.2219228064394029,-0.3554120201969512,True,-0.25642617678666385
2023-02-02 00:00:00+00:00,0.0,0.0,0.0,0.0,0.0,0.0,0.0,0.0,-0.1919437037236376,-0.3585541805689027,-0.2904021541789712,-0.0317106982288437,-0.2219228064394029,-0.3554120201969512,True,-0.25642617678666385
2023-02-03 00:00:00+00:00,0.0,0.0,0.0,0.0,0.0,0.0,0.0,0.0,-0.1919437037236376,-0.3585541805689027,-0.2904021541789712,-0.0317106982288437,-0.2219228064394029,-0.3554120201969512,True,-0.25642617678666385
2023-02-04 00:00:00+00:00,0.0,0.0,0.0,0.0,0.0,0.0,0.0,0.0,-0.1919437037236376,-0.3585541805689027,-0.2904021541789712,-0.0317106982288437,-0.2219228064394029,-0.3554120201969512,True,-0.25642617678666385
2023-02-05 00:00:00+00:00,1.0,1.0,0.0,0.0,0.0,1.0,0.0,0.0,-0.0250398893746535,0.3021562398693136,-0.2904021541789712,-0.0317106982288437,-0.2219228064394029,-0.3554120201969512,True,-0.20079157200366918
2023-02-06 00:00:00+00:00,0.0,0.0,0.0,0.0,0.0,0.0,0.0,0.0,-0.1919437037236376,-0.3585541805689027,-0.2904021541789712,-0.0317106982288437,-0.2219228064394029,-0.3554120201969512,True,-0.25642617678666385
2023-02-07 00:00:00+00:00,0.0,0.0,0.0,0.0,0.0,0.0,0.0,0.0,-0.1919437037236376,-0.3585541805689027,-0.2904021541789712,-0.0317106982288437,-0.2219228064394029,-0.3554120201969512,True,-0.25642617678666385
2023-02-08 00:00:00+00:00,1.0,1.0,1.0,6.0,0.0,0.0,0.0,1.0,-0.0250398893746535,0.3021562398693136,1.214550564394625,-0.0307959079397444,-0.2219228064394029,3.4536583104494114,True,1.068898538211785
2023-02-09 00:00:00+00:00,0.0,0.0,0.0,0.0,0.0,0.0,0.0,0.0,-0.1919437037236376,-0.3585541805689027,-0.2904021541789712,-0.0317106982288437,-0.2219228064394029,-0.3554120201969512,True,-0.25642617678666385
2023-02-10 00:00:00+00:00,0.0,0.0,0.0,0.0,0.0,0.0,0.0,0.0,-0.1919437037236376,-0.3585541805689027,-0.2904021541789712,-0.0317106982288437,-0.2219228064394029,-0.3554120201969512,True,-0.25642617678666385
2023-02-11 00:00:00+00:00,0.0,0.0,0.0,0.0,0.0,0.0,0.0,0.0,-0.1919437037236376,-0.3585541805689027,-0.2904021541789712,-0.0317106982288437,-0.2219228064394029,-0.3554120201969512,True,-0.25642617678666385
2023-02-12 00:00:00+00:00,0.0,0.0,0.0,0.0,0.0,0.0,0.0,0.0,-0.1919437037236376,-0.3585541805689027,-0.2904021541789712,-0.0317106982288437,-0.2219228064394029,-0.3554120201969512,True,-0.25642617678666385
2023-02-13 00:00:00+00:00,2.0,2.0,2.0,1.0,0.5,0.0,0.0,1.0,0.1418639249743304,0.96286666030753,2.7195032829682213,-0.0315582331806605,4.290481659415155,3.4536583104494114,True,2.628667964946299
2023-02-14 00:00:00+00:00,0.0,0.0,0.0,0.0,0.0,0.0,0.0,0.0,-0.1919437037236376,-0.3585541805689027,-0.2904021541789712,-0.0317106982288437,-0.2219228064394029,-0.3554120201969512,True,-0.25642617678666385
2023-02-15 00:00:00+00:00,0.0,0.0,0.0,0.0,0.0,0.0,0.0,0.0,-0.1919437037236376,-0.3585541805689027,-0.2904021541789712,-0.0317106982288437,-0.2219228064394029,-0.3554120201969512,True,-0.25642617678666385
2023-02-16 00:00:00+00:00,0.0,0.0,0.0,0.0,0.0,0.0,0.0,0.0,-0.1919437037236376,-0.3585541805689027,-0.2904021541789712,-0.0317106982288437,-0.2219228064394029,-0.3554120201969512,True,-0.25642617678666385
2023-02-17 00:00:00+00:00,1.0,1.0,1.0,0.0,0.0,0.0,0.0,1.0,-0.0250398893746535,0.3021562398693136,1.214550564394625,-0.0317106982288437,-0.2219228064394029,3.4536583104494114,True,1.068898538211785
2023-02-18 00:00:00+00:00,2.0,2.0,1.0,30.0,0.5,0.0,0.0,0.5,0.1418639249743304,0.96286666030753,1.214550564394625,-0.0271367467833471,4.290481659415155,1.54912314512623,True,1.993822909838572
2023-02-19 00:00:00+00:00,0.0,0.0,0.0,0.0,0.0,0.0,0.0,0.0,-0.1919437037236376,-0.3585541805689027,-0.2904021541789712,-0.0317106982288437,-0.2219228064394029,-0.3554120201969512,True,-0.25642617678666385
2023-02-20 00:00:00+00:00,0.0,0.0,0.0,0.0,0.0,0.0,0.0,0.0,-0.1919437037236376,-0.3585541805689027,-0.2904021541789712,-0.0317106982288437,-0.2219228064394029,-0.3554120201969512,True,-0.25642617678666385
2023-02-21 00:00:00+00:00,1.0,1.0,0.0,2.0,0.0,0.0,0.0,0.0,-0.0250398893746535,0.3021562398693136,-0.2904021541789712,-0.0314057681324773,-0.2219228064394029,-0.3554120201969512,True,-0.20079157200366918
2023-02-22 00:00:00+00:00,1.0,1.0,1.0,45.0,0.0,0.0,0.0,1.0,-0.0250398893746535,0.3021562398693136,1.214550564394625,-0.0248497710605988,-0.2219228064394029,3.4536583104494114,True,1.068898538211785
2023-02-23 00:00:00+00:00,2.0,1.0,0.0,2.0,0.0,0.0,0.0,0.0,0.1418639249743304,0.3021562398693136,-0.2904021541789712,-0.0314057681324773,-0.2219228064394029,-0.3554120201969512,True,-0.14515696722067456
2023-02-24 00:00:00+00:00,5.0,3.0,1.0,231.8,0.0,0.0,0.0,0.3333333333333333,0.6425753680212826,1.6235770807457464,1.214550564394625,0.0036306999400264,-0.2219228064394029,0.9142780900185028,True,0.4449768838667942
2023-02-25 00:00:00+00:00,0.0,0.0,0.0,0.0,0.0,0.0,0.0,0.0,-0.1919437037236376,-0.3585541805689027,-0.2904021541789712,-0.0317106982288437,-0.2219228064394029,-0.3554120201969512,True,-0.25642617678666385
2023-02-26 00:00:00+00:00,0.0,0.0,0.0,0.0,0.0,0.0,0.0,0.0,-0.1919437037236376,-0.3585541805689027,-0.2904021541789712,-0.0317106982288437,-0.2219228064394029,-0.3554120201969512,True,-0.25642617678666385
2023-02-27 00:00:00+00:00,1.0,1.0,0.0,5.0,0.0,0.0,0.0,0.0,-0.0250398893746535,0.3021562398693136,-0.2904021541789712,-0.0309483729879276,-0.2219228064394029,-0.3554120201969512,True,-0.20079157200366918
2023-02-28 00:00:00+00:00,1.0,1.0,0.0,41.0,0.0,0.0,0.0,0.0,-0.0250398893746535,0.3021562398693136,-0.2904021541789712,-0.0254596312533317,-0.2219228064394029,-0.3554120201969512,True,-0.20079157200366918
2023-03-01 00:00:00+00:00,4.0,3.0,2.0,8.5,0.5,0.0,0.0,0.6666666666666666,0.4756715536722986,1.6235770807457464,2.7195032829682213,-0.0304147453192863,4.290481659415155,2.183968200233957,True,2.3167071377738035
2023-03-02 00:00:00+00:00,0.0,0.0,0.0,0.0,0.0,0.0,0.0,0.0,-0.1919437037236376,-0.3585541805689027,-0.2904021541789712,-0.0317106982288437,-0.2219228064394029,-0.3554120201969512,True,-0.25642617678666385
2023-03-03 00:00:00+00:00,0.0,0.0,0.0,0.0,0.0,0.0,0.0,0.0,-0.1919437037236376,-0.3585541805689027,-0.2904021541789712,-0.0317106982288437,-0.2219228064394029,-0.3554120201969512,True,-0.25642617678666385
2023-03-04 00:00:00+00:00,0.0,0.0,0.0,0.0,0.0,0.0,0.0,0.0,-0.1919437037236376,-0.3585541805689027,-0.2904021541789712,-0.0317106982288437,-0.2219228064394029,-0.3554120201969512,True,-0.25642617678666385
2023-03-05 00:00:00+00:00,2.0,2.0,1.0,86.5,0.5,0.0,0.0,0.5,0.1418639249743304,0.96286666030753,1.214550564394625,-0.0185224715609952,4.290481659415155,1.54912314512623,True,1.993822909838572
2023-03-06 00:00:00+00:00,2.0,2.0,0.0,852.0,0.5,0.0,0.0,0.0,0.1418639249743304,0.96286666030753,-0.2904021541789712,0.0981895228232591,4.290481659415155,-0.3554120201969512,True,1.3589778547308449
2023-03-07 00:00:00+00:00,3.0,2.0,1.0,497.6666666666667,0.0,0.0,0.0,0.5,0.3087677393233145,0.96286666030753,1.214550564394625,0.0441660740836717,-0.2219228064394029,1.54912314512623,True,0.5453226926700472
2023-03-08 00:00:00+00:00,2.0,2.0,0.0,398.0,0.5,0.0,0.0,0.0,0.1418639249743304,0.96286666030753,-0.2904021541789712,0.0289703909480775,4.290481659415155,-0.3554120201969512,True,1.3589778547308449
2023-03-09 00:00:00+00:00,0.0,0.0,0.0,0.0,0.0,0.0,0.0,0.0,-0.1919437037236376,-0.3585541805689027,-0.2904021541789712,-0.0317106982288437,-0.2219228064394029,-0.3554120201969512,True,-0.25642617678666385
2023-03-10 00:00:00+00:00,0.0,0.0,0.0,0.0,0.0,0.0,0.0,0.0,-0.1919437037236376,-0.3585541805689027,-0.2904021541789712,-0.0317106982288437,-0.2219228064394029,-0.3554120201969512,True,-0.25642617678666385
2023-03-11 00:00:00+00:00,0.0,0.0,0.0,0.0,0.0,0.0,0.0,0.0,-0.1919437037236376,-0.3585541805689027,-0.2904021541789712,-0.0317106982288437,-0.2219228064394029,-0.3554120201969512,True,-0.25642617678666385
2023-03-12 00:00:00+00:00,0.0,0.0,0.0,0.0,0.0,0.0,0.0,0.0,-0.1919437037236376,-0.3585541805689027,-0.2904021541789712,-0.0317106982288437,-0.2219228064394029,-0.3554120201969512,True,-0.25642617678666385
2023-03-13 00:00:00+00:00,0.0,0.0,0.0,0.0,0.0,0.0,0.0,0.0,-0.1919437037236376,-0.3585541805689027,-0.2904021541789712,-0.0317106982288437,-0.2219228064394029,-0.3554120201969512,True,-0.25642617678666385
2023-03-14 00:00:00+00:00,0.0,0.0,0.0,0.0,0.0,0.0,0.0,0.0,-0.1919437037236376,-0.3585541805689027,-0.2904021541789712,-0.0317106982288437,-0.2219228064394029,-0.3554120201969512,True,-0.25642617678666385
2023-03-15 00:00:00+00:00,6.0,2.0,1.0,2.0,0.1666666666666666,0.0,0.0,0.5,0.8094791823702667,0.96286666030753,1.214550564394625,-0.0314057681324773,1.2822120155121155,1.54912314512623,True,1.2136047810028707
2023-03-16 00:00:00+00:00,0.0,0.0,0.0,0.0,0.0,0.0,0.0,0.0,-0.1919437037236376,-0.3585541805689027,-0.2904021541789712,-0.0317106982288437,-0.2219228064394029,-0.3554120201969512,True,-0.25642617678666385
2023-03-17 00:00:00+00:00,0.0,0.0,0.0,0.0,0.0,0.0,0.0,0.0,-0.1919437037236376,-0.3585541805689027,-0.2904021541789712,-0.0317106982288437,-0.2219228064394029,-0.3554120201969512,True,-0.25642617678666385
2023-03-18 00:00:00+00:00,0.0,0.0,0.0,0.0,0.0,0.0,0.0,0.0,-0.1919437037236376,-0.3585541805689027,-0.2904021541789712,-0.0317106982288437,-0.2219228064394029,-0.3554120201969512,True,-0.25642617678666385
2023-03-19 00:00:00+00:00,0.0,0.0,0.0,0.0,0.0,0.0,0.0,0.0,-0.1919437037236376,-0.3585541805689027,-0.2904021541789712,-0.0317106982288437,-0.2219228064394029,-0.3554120201969512,True,-0.25642617678666385
2023-03-20 00:00:00+00:00,0.0,0.0,0.0,0.0,0.0,0.0,0.0,0.0,-0.1919437037236376,-0.3585541805689027,-0.2904021541789712,-0.0317106982288437,-0.2219228064394029,-0.3554120201969512,True,-0.25642617678666385
2023-03-21 00:00:00+00:00,0.0,0.0,0.0,0.0,0.0,0.0,0.0,0.0,-0.1919437037236376,-0.3585541805689027,-0.2904021541789712,-0.0317106982288437,-0.2219228064394029,-0.3554120201969512,True,-0.25642617678666385
2023-03-22 00:00:00+00:00,3.0,3.0,2.0,62.66666666666666,0.3333333333333333,0.0,0.0,0.6666666666666666,0.3087677393233145,1.6235770807457464,2.7195032829682213,-0.0221562218760286,2.786346837463636,2.183968200233957,True,1.7596942590069693
2023-03-23 00:00:00+00:00,8.0,2.0,1.0,14.5,0.25,0.0,0.0,0.5,1.1432868110682348,0.96286666030753,1.214550564394625,-0.029499955030187,2.034279426487876,1.54912314512623,True,1.5755631275607802
2023-03-24 00:00:00+00:00,0.0,0.0,0.0,0.0,0.0,0.0,0.0,0.0,-0.1919437037236376,-0.3585541805689027,-0.2904021541789712,-0.0317106982288437,-0.2219228064394029,-0.3554120201969512,True,-0.25642617678666385
2023-03-25 00:00:00+00:00,0.0,0.0,0.0,0.0,0.0,0.0,0.0,0.0,-0.1919437037236376,-0.3585541805689027,-0.2904021541789712,-0.0317106982288437,-0.2219228064394029,-0.3554120201969512,True,-0.25642617678666385
2023-03-26 00:00:00+00:00,1.0,1.0,0.0,82.0,0.0,0.0,0.0,0.0,-0.0250398893746535,0.3021562398693136,-0.2904021541789712,-0.0192085642778197,-0.2219228064394029,-0.3554120201969512,True,-0.20079157200366918
2023-03-27 00:00:00+00:00,0.0,0.0,0.0,0.0,0.0,0.0,0.0,0.0,-0.1919437037236376,-0.3585541805689027,-0.2904021541789712,-0.0317106982288437,-0.2219228064394029,-0.3554120201969512,True,-0.25642617678666385
2023-03-28 00:00:00+00:00,0.0,0.0,0.0,0.0,0.0,0.0,0.0,0.0,-0.1919437037236376,-0.3585541805689027,-0.2904021541789712,-0.0317106982288437,-0.2219228064394029,-0.3554120201969512,True,-0.25642617678666385
2023-03-29 00:00:00+00:00,0.0,0.0,0.0,0.0,0.0,0.0,0.0,0.0,-0.1919437037236376,-0.3585541805689027,-0.2904021541789712,-0.0317106982288437,-0.2219228064394029,-0.3554120201969512,True,-0.25642617678666385
2023-03-30 00:00:00+00:00,0.0,0.0,0.0,0.0,0.0,0.0,0.0,0.0,-0.1919437037236376,-0.3585541805689027,-0.2904021541789712,-0.0317106982288437,-0.2219228064394029,-0.3554120201969512,True,-0.25642617678666385
2023-03-31 00:00:00+00:00,0.0,0.0,0.0,0.0,0.0,0.0,0.0,0.0,-0.1919437037236376,-0.3585541805689027,-0.2904021541789712,-0.0317106982288437,-0.2219228064394029,-0.3554120201969512,True,-0.25642617678666385
2023-04-01 00:00:00+00:00,0.0,0.0,0.0,0.0,0.0,0.0,0.0,0.0,-0.1919437037236376,-0.3585541805689027,-0.2904021541789712,-0.0317106982288437,-0.2219228064394029,-0.3554120201969512,True,-0.25642617678666385
2023-04-02 00:00:00+00:00,0.0,0.0,0.0,0.0,0.0,0.0,0.0,0.0,-0.1919437037236376,-0.3585541805689027,-0.2904021541789712,-0.0317106982288437,-0.2219228064394029,-0.3554120201969512,True,-0.25642617678666385
2023-04-03 00:00:00+00:00,0.0,0.0,0.0,0.0,0.0,0.0,0.0,0.0,-0.1919437037236376,-0.3585541805689027,-0.2904021541789712,-0.0317106982288437,-0.2219228064394029,-0.3554120201969512,True,-0.25642617678666385
2023-04-04 00:00:00+00:00,0.0,0.0,0.0,0.0,0.0,0.0,0.0,0.0,-0.1919437037236376,-0.3585541805689027,-0.2904021541789712,-0.0317106982288437,-0.2219228064394029,-0.3554120201969512,True,-0.25642617678666385
2023-04-05 00:00:00+00:00,0.0,0.0,0.0,0.0,0.0,0.0,0.0,0.0,-0.1919437037236376,-0.3585541805689027,-0.2904021541789712,-0.0317106982288437,-0.2219228064394029,-0.3554120201969512,True,-0.25642617678666385
2023-04-06 00:00:00+00:00,2.0,1.0,0.0,287.0,0.0,0.0,0.0,0.0,0.1418639249743304,0.3021562398693136,-0.2904021541789712,0.0120467705997402,-0.2219228064394029,-0.3554120201969512,True,-0.14515696722067456
2023-04-07 00:00:00+00:00,3.0,3.0,2.0,379.6666666666667,0.0,0.0,0.0,0.6666666666666666,0.3087677393233145,1.6235770807457464,2.7195032829682213,0.0261751983980518,-0.2219228064394029,2.183968200233957,True,0.7569377110392895
2023-04-08 00:00:00+00:00,1.0,1.0,0.0,31.0,0.0,0.0,0.0,0.0,-0.0250398893746535,0.3021562398693136,-0.2904021541789712,-0.0269842817351639,-0.2219228064394029,-0.3554120201969512,True,-0.20079157200366918
2023-04-09 00:00:00+00:00,4.0,3.0,1.0,175.33333333333334,0.25,0.25,0.0,0.3333333333333333,0.4756715536722986,1.6235770807457464,1.214550564394625,-0.0049784931140526,2.034279426487876,0.9142780900185028,True,1.141409690059559
2023-04-10 00:00:00+00:00,0.0,0.0,0.0,0.0,0.0,0.0,0.0,0.0,-0.1919437037236376,-0.3585541805689027,-0.2904021541789712,-0.0317106982288437,-0.2219228064394029,-0.3554120201969512,True,-0.25642617678666385
2023-04-11 00:00:00+00:00,1.0,1.0,1.0,14.0,0.0,0.0,0.0,1.0,-0.0250398893746535,0.3021562398693136,1.214550564394625,-0.0295761875542786,-0.2219228064394029,3.4536583104494114,True,1.068898538211785
2023-04-12 00:00:00+00:00,2.0,2.0,1.0,253.0,0.0,0.5,0.0,0.5,0.1418639249743304,0.96286666030753,1.214550564394625,0.0068629589615107,-0.2219228064394029,1.54912314512623,True,0.4896880878870525
2023-04-13 00:00:00+00:00,0.0,0.0,0.0,0.0,0.0,0.0,0.0,0.0,-0.1919437037236376,-0.3585541805689027,-0.2904021541789712,-0.0317106982288437,-0.2219228064394029,-0.3554120201969512,True,-0.25642617678666385
2023-04-14 00:00:00+00:00,0.0,0.0,0.0,0.0,0.0,0.0,0.0,0.0,-0.1919437037236376,-0.3585541805689027,-0.2904021541789712,-0.0317106982288437,-0.2219228064394029,-0.3554120201969512,True,-0.25642617678666385
2023-04-15 00:00:00+00:00,0.0,0.0,0.0,0.0,0.0,0.0,0.0,0.0,-0.1919437037236376,-0.3585541805689027,-0.2904021541789712,-0.0317106982288437,-0.2219228064394029,-0.3554120201969512,True,-0.25642617678666385
2023-04-16 00:00:00+00:00,9.0,5.0,2.0,805.7777777777778,0.1111111111111111,0.0,0.0,0.4,1.3101906254172189,2.944997921622179,2.7195032829682213,0.0911422494850125,0.7808337415282764,1.1682161120615937,True,1.086413493002363
2023-04-17 00:00:00+00:00,4.0,3.0,1.0,502.25,0.25,0.0,0.0,0.3333333333333333,0.4756715536722986,1.6235770807457464,1.214550564394625,0.0448648722211781,2.034279426487876,0.9142780900185028,True,1.141409690059559
2023-04-18 00:00:00+00:00,0.0,0.0,0.0,0.0,0.0,0.0,0.0,0.0,-0.1919437037236376,-0.3585541805689027,-0.2904021541789712,-0.0317106982288437,-0.2219228064394029,-0.3554120201969512,True,-0.25642617678666385
2023-04-19 00:00:00+00:00,0.0,0.0,0.0,0.0,0.0,0.0,0.0,0.0,-0.1919437037236376,-0.3585541805689027,-0.2904021541789712,-0.0317106982288437,-0.2219228064394029,-0.3554120201969512,True,-0.25642617678666385
2023-04-20 00:00:00+00:00,0.0,0.0,0.0,0.0,0.0,0.0,0.0,0.0,-0.1919437037236376,-0.3585541805689027,-0.2904021541789712,-0.0317106982288437,-0.2219228064394029,-0.3554120201969512,True,-0.25642617678666385
2023-04-21 00:00:00+00:00,0.0,0.0,0.0,0.0,0.0,0.0,0.0,0.0,-0.1919437037236376,-0.3585541805689027,-0.2904021541789712,-0.0317106982288437,-0.2219228064394029,-0.3554120201969512,True,-0.25642617678666385
2023-04-22 00:00:00+00:00,1.0,1.0,0.0,169.0,0.0,0.0,0.0,0.0,-0.0250398893746535,0.3021562398693136,-0.2904021541789712,-0.0059441050858796,-0.2219228064394029,-0.3554120201969512,True,-0.20079157200366918
2023-04-23 00:00:00+00:00,1.0,1.0,1.0,0.0,0.0,0.0,0.0,1.0,-0.0250398893746535,0.3021562398693136,1.214550564394625,-0.0317106982288437,-0.2219228064394029,3.4536583104494114,True,1.068898538211785
2023-04-24 00:00:00+00:00,0.0,0.0,0.0,0.0,0.0,0.0,0.0,0.0,-0.1919437037236376,-0.3585541805689027,-0.2904021541789712,-0.0317106982288437,-0.2219228064394029,-0.3554120201969512,True,-0.25642617678666385
2023-04-25 00:00:00+00:00,7.0,4.0,2.0,17.571428571428573,0.1428571428571428,0.0,0.0,0.5,0.9763829967192508,2.2842875011839627,2.7195032829682213,-0.0290316695250529,1.0673356123761844,1.54912314512623,True,1.1976139180738883
2023-04-26 00:00:00+00:00,2.0,2.0,0.0,7.0,0.5,0.0,0.0,0.0,0.1418639249743304,0.96286666030753,-0.2904021541789712,-0.0306434428915612,4.290481659415155,-0.3554120201969512,True,1.3589778547308449
2023-04-27 00:00:00+00:00,0.0,0.0,0.0,0.0,0.0,0.0,0.0,0.0,-0.1919437037236376,-0.3585541805689027,-0.2904021541789712,-0.0317106982288437,-0.2219228064394029,-0.3554120201969512,True,-0.25642617678666385
2023-04-28 00:00:00+00:00,0.0,0.0,0.0,0.0,0.0,0.0,0.0,0.0,-0.1919437037236376,-0.3585541805689027,-0.2904021541789712,-0.0317106982288437,-0.2219228064394029,-0.3554120201969512,True,-0.25642617678666385
2023-04-29 00:00:00+00:00,0.0,0.0,0.0,0.0,0.0,0.0,0.0,0.0,-0.1919437037236376,-0.3585541805689027,-0.2904021541789712,-0.0317106982288437,-0.2219228064394029,-0.3554120201969512,True,-0.25642617678666385
2023-04-30 00:00:00+00:00,0.0,0.0,0.0,0.0,0.0,0.0,0.0,0.0,-0.1919437037236376,-0.3585541805689027,-0.2904021541789712,-0.0317106982288437,-0.2219228064394029,-0.3554120201969512,True,-0.25642617678666385
2023-05-01 00:00:00+00:00,0.0,0.0,0.0,0.0,0.0,0.0,0.0,0.0,-0.1919437037236376,-0.3585541805689027,-0.2904021541789712,-0.0317106982288437,-0.2219228064394029,-0.3554120201969512,True,-0.25642617678666385
2023-05-02 00:00:00+00:00,0.0,0.0,0.0,0.0,0.0,0.0,0.0,0.0,-0.1919437037236376,-0.3585541805689027,-0.2904021541789712,-0.0317106982288437,-0.2219228064394029,-0.3554120201969512,True,-0.25642617678666385
2023-05-03 00:00:00+00:00,9.0,2.0,0.0,675.25,0.0,0.1111111111111111,0.0,0.0,1.3101906254172189,0.96286666030753,-0.2904021541789712,0.0712413255568751,-0.2219228064394029,-0.3554120201969512,True,0.24428526626028824
2023-05-04 00:00:00+00:00,0.0,0.0,0.0,0.0,0.0,0.0,0.0,0.0,-0.1919437037236376,-0.3585541805689027,-0.2904021541789712,-0.0317106982288437,-0.2219228064394029,-0.3554120201969512,True,-0.25642617678666385
2023-05-05 00:00:00+00:00,1.0,1.0,0.0,64.0,0.0,0.0,0.0,0.0,-0.0250398893746535,0.3021562398693136,-0.2904021541789712,-0.0219529351451177,-0.2219228064394029,-0.3554120201969512,True,-0.20079157200366918
2023-05-06 00:00:00+00:00,1.0,1.0,0.0,40.0,0.0,0.0,0.0,0.0,-0.0250398893746535,0.3021562398693136,-0.2904021541789712,-0.0256120963015149,-0.2219228064394029,-0.3554120201969512,True,-0.20079157200366918
2023-05-07 00:00:00+00:00,2.0,2.0,1.0,20.0,0.0,0.5,0.0,0.5,0.1418639249743304,0.96286666030753,1.214550564394625,-0.0286613972651793,-0.2219228064394029,1.54912314512623,True,0.4896880878870525
2023-05-08 00:00:00+00:00,1.0,1.0,0.0,76.0,0.0,0.0,0.0,0.0,-0.0250398893746535,0.3021562398693136,-0.2904021541789712,-0.020123354566919,-0.2219228064394029,-0.3554120201969512,True,-0.20079157200366918
2023-05-09 00:00:00+00:00,0.0,0.0,0.0,0.0,0.0,0.0,0.0,0.0,-0.1919437037236376,-0.3585541805689027,-0.2904021541789712,-0.0317106982288437,-0.2219228064394029,-0.3554120201969512,True,-0.25642617678666385
2023-05-10 00:00:00+00:00,1.0,1.0,0.0,0.0,0.0,1.0,0.0,0.0,-0.0250398893746535,0.3021562398693136,-0.2904021541789712,-0.0317106982288437,-0.2219228064394029,-0.3554120201969512,True,-0.20079157200366918
2023-05-11 00:00:00+00:00,0.0,0.0,0.0,0.0,0.0,0.0,0.0,0.0,-0.1919437037236376,-0.3585541805689027,-0.2904021541789712,-0.0317106982288437,-0.2219228064394029,-0.3554120201969512,True,-0.25642617678666385
2023-05-12 00:00:00+00:00,0.0,0.0,0.0,0.0,0.0,0.0,0.0,0.0,-0.1919437037236376,-0.3585541805689027,-0.2904021541789712,-0.0317106982288437,-0.2219228064394029,-0.3554120201969512,True,-0.25642617678666385
2023-05-13 00:00:00+00:00,0.0,0.0,0.0,0.0,0.0,0.0,0.0,0.0,-0.1919437037236376,-0.3585541805689027,-0.2904021541789712,-0.0317106982288437,-0.2219228064394029,-0.3554120201969512,True,-0.25642617678666385
2023-05-14 00:00:00+00:00,1.0,1.0,1.0,0.0,0.0,0.0,0.0,1.0,-0.0250398893746535,0.3021562398693136,1.214550564394625,-0.0317106982288437,-0.2219228064394029,3.4536583104494114,True,1.068898538211785
2023-05-15 00:00:00+00:00,1.0,1.0,0.0,0.0,0.0,1.0,0.0,0.0,-0.0250398893746535,0.3021562398693136,-0.2904021541789712,-0.0317106982288437,-0.2219228064394029,-0.3554120201969512,True,-0.20079157200366918
2023-05-16 00:00:00+00:00,2.0,2.0,1.0,620.0,0.5,0.0,0.0,0.5,0.1418639249743304,0.96286666030753,1.214550564394625,0.0628176316447522,4.290481659415155,1.54912314512623,True,1.993822909838572
2023-05-17 00:00:00+00:00,2.0,2.0,0.0,207.0,0.0,0.0,0.0,0.0,0.1418639249743304,0.96286666030753,-0.2904021541789712,-0.0001504332549173,-0.2219228064394029,-0.3554120201969512,True,-0.14515696722067456
2023-05-18 00:00:00+00:00,0.0,0.0,0.0,0.0,0.0,0.0,0.0,0.0,-0.1919437037236376,-0.3585541805689027,-0.2904021541789712,-0.0317106982288437,-0.2219228064394029,-0.3554120201969512,True,-0.25642617678666385
2023-05-19 00:00:00+00:00,0.0,0.0,0.0,0.0,0.0,0.0,0.0,0.0,-0.1919437037236376,-0.3585541805689027,-0.2904021541789712,-0.0317106982288437,-0.2219228064394029,-0.3554120201969512,True,-0.25642617678666385
2023-05-20 00:00:00+00:00,0.0,0.0,0.0,0.0,0.0,0.0,0.0,0.0,-0.1919437037236376,-0.3585541805689027,-0.2904021541789712,-0.0317106982288437,-0.2219228064394029,-0.3554120201969512,True,-0.25642617678666385
2023-05-21 00:00:00+00:00,0.0,0.0,0.0,0.0,0.0,0.0,0.0,0.0,-0.1919437037236376,-0.3585541805689027,-0.2904021541789712,-0.0317106982288437,-0.2219228064394029,-0.3554120201969512,True,-0.25642617678666385
2023-05-22 00:00:00+00:00,0.0,0.0,0.0,0.0,0.0,0.0,0.0,0.0,-0.1919437037236376,-0.3585541805689027,-0.2904021541789712,-0.0317106982288437,-0.2219228064394029,-0.3554120201969512,True,-0.25642617678666385
2023-05-23 00:00:00+00:00,0.0,0.0,0.0,0.0,0.0,0.0,0.0,0.0,-0.1919437037236376,-0.3585541805689027,-0.2904021541789712,-0.0317106982288437,-0.2219228064394029,-0.3554120201969512,True,-0.25642617678666385
2023-05-24 00:00:00+00:00,0.0,0.0,0.0,0.0,0.0,0.0,0.0,0.0,-0.1919437037236376,-0.3585541805689027,-0.2904021541789712,-0.0317106982288437,-0.2219228064394029,-0.3554120201969512,True,-0.25642617678666385
2023-05-25 00:00:00+00:00,0.0,0.0,0.0,0.0,0.0,0.0,0.0,0.0,-0.1919437037236376,-0.3585541805689027,-0.2904021541789712,-0.0317106982288437,-0.2219228064394029,-0.3554120201969512,True,-0.25642617678666385
2023-05-26 00:00:00+00:00,0.0,0.0,0.0,0.0,0.0,0.0,0.0,0.0,-0.1919437037236376,-0.3585541805689027,-0.2904021541789712,-0.0317106982288437,-0.2219228064394029,-0.3554120201969512,True,-0.25642617678666385
2023-05-27 00:00:00+00:00,1.0,1.0,1.0,352.0,0.0,0.0,0.0,1.0,-0.0250398893746535,0.3021562398693136,1.214550564394625,0.0219569987316494,-0.2219228064394029,3.4536583104494114,True,1.068898538211785
2023-05-28 00:00:00+00:00,2.0,2.0,2.0,2.0,0.0,0.0,0.0,1.0,0.1418639249743304,0.96286666030753,2.7195032829682213,-0.0314057681324773,-0.2219228064394029,3.4536583104494114,True,1.1245331429947796
2023-05-29 00:00:00+00:00,0.0,0.0,0.0,0.0,0.0,0.0,0.0,0.0,-0.1919437037236376,-0.3585541805689027,-0.2904021541789712,-0.0317106982288437,-0.2219228064394029,-0.3554120201969512,True,-0.25642617678666385
2023-05-30 00:00:00+00:00,2.0,1.0,0.0,100.5,0.0,0.0,0.0,0.0,0.1418639249743304,0.3021562398693136,-0.2904021541789712,-0.0163879608864302,-0.2219228064394029,-0.3554120201969512,True,-0.14515696722067456
2023-05-31 00:00:00+00:00,0.0,0.0,0.0,0.0,0.0,0.0,0.0,0.0,-0.1919437037236376,-0.3585541805689027,-0.2904021541789712,-0.0317106982288437,-0.2219228064394029,-0.3554120201969512,True,-0.25642617678666385
2023-06-01 00:00:00+00:00,0.0,0.0,0.0,0.0,0.0,0.0,0.0,0.0,-0.1919437037236376,-0.3585541805689027,-0.2904021541789712,-0.0317106982288437,-0.2219228064394029,-0.3554120201969512,True,-0.25642617678666385
2023-06-02 00:00:00+00:00,0.0,0.0,0.0,0.0,0.0,0.0,0.0,0.0,-0.1919437037236376,-0.3585541805689027,-0.2904021541789712,-0.0317106982288437,-0.2219228064394029,-0.3554120201969512,True,-0.25642617678666385
2023-06-03 00:00:00+00:00,0.0,0.0,0.0,0.0,0.0,0.0,0.0,0.0,-0.1919437037236376,-0.3585541805689027,-0.2904021541789712,-0.0317106982288437,-0.2219228064394029,-0.3554120201969512,True,-0.25642617678666385
2023-06-04 00:00:00+00:00,2.0,2.0,1.0,17.0,0.5,0.0,0.0,0.5,0.1418639249743304,0.96286666030753,1.214550564394625,-0.029118792409729,4.290481659415155,1.54912314512623,True,1.993822909838572
2023-06-05 00:00:00+00:00,0.0,0.0,0.0,0.0,0.0,0.0,0.0,0.0,-0.1919437037236376,-0.3585541805689027,-0.2904021541789712,-0.0317106982288437,-0.2219228064394029,-0.3554120201969512,True,-0.25642617678666385
2023-06-06 00:00:00+00:00,0.0,0.0,0.0,0.0,0.0,0.0,0.0,0.0,-0.1919437037236376,-0.3585541805689027,-0.2904021541789712,-0.0317106982288437,-0.2219228064394029,-0.3554120201969512,True,-0.25642617678666385
2023-06-07 00:00:00+00:00,0.0,0.0,0.0,0.0,0.0,0.0,0.0,0.0,-0.1919437037236376,-0.3585541805689027,-0.2904021541789712,-0.0317106982288437,-0.2219228064394029,-0.3554120201969512,True,-0.25642617678666385
2023-06-08 00:00:00+00:00,1.0,1.0,1.0,34.0,0.0,0.0,0.0,1.0,-0.0250398893746535,0.3021562398693136,1.214550564394625,-0.0265268865906142,-0.2219228064394029,3.4536583104494114,True,1.068898538211785
2023-06-09 00:00:00+00:00,0.0,0.0,0.0,0.0,0.0,0.0,0.0,0.0,-0.1919437037236376,-0.3585541805689027,-0.2904021541789712,-0.0317106982288437,-0.2219228064394029,-0.3554120201969512,True,-0.25642617678666385
2023-06-10 00:00:00+00:00,1.0,1.0,0.0,0.0,0.0,1.0,0.0,0.0,-0.0250398893746535,0.3021562398693136,-0.2904021541789712,-0.0317106982288437,-0.2219228064394029,-0.3554120201969512,True,-0.20079157200366918
2023-06-11 00:00:00+00:00,1.0,1.0,1.0,985.0,0.0,0.0,0.0,1.0,-0.0250398893746535,0.3021562398693136,1.214550564394625,0.1184673742316273,-0.2219228064394029,3.4536583104494114,True,1.068898538211785
2023-06-12 00:00:00+00:00,1.0,1.0,0.0,37.0,0.0,0.0,0.0,0.0,-0.0250398893746535,0.3021562398693136,-0.2904021541789712,-0.0260694914460646,-0.2219228064394029,-0.3554120201969512,True,-0.20079157200366918
2023-06-13 00:00:00+00:00,0.0,0.0,0.0,0.0,0.0,0.0,0.0,0.0,-0.1919437037236376,-0.3585541805689027,-0.2904021541789712,-0.0317106982288437,-0.2219228064394029,-0.3554120201969512,True,-0.25642617678666385
2023-06-14 00:00:00+00:00,2.0,2.0,1.0,35.0,0.0,0.0,0.0,0.5,0.1418639249743304,0.96286666030753,1.214550564394625,-0.026374421542431,-0.2219228064394029,1.54912314512623,True,0.4896880878870525
2023-06-15 00:00:00+00:00,6.0,4.0,1.0,163.33333333333334,0.0,0.0,0.0,0.25,0.8094791823702667,2.2842875011839627,1.214550564394625,-0.0068080736922512,-0.2219228064394029,0.5968555624646393,True,0.3948039794651677
2023-06-16 00:00:00+00:00,0.0,0.0,0.0,0.0,0.0,0.0,0.0,0.0,-0.1919437037236376,-0.3585541805689027,-0.2904021541789712,-0.0317106982288437,-0.2219228064394029,-0.3554120201969512,True,-0.25642617678666385
2023-06-17 00:00:00+00:00,0.0,0.0,0.0,0.0,0.0,0.0,0.0,0.0,-0.1919437037236376,-0.3585541805689027,-0.2904021541789712,-0.0317106982288437,-0.2219228064394029,-0.3554120201969512,True,-0.25642617678666385
2023-06-18 00:00:00+00:00,0.0,0.0,0.0,0.0,0.0,0.0,0.0,0.0,-0.1919437037236376,-0.3585541805689027,-0.2904021541789712,-0.0317106982288437,-0.2219228064394029,-0.3554120201969512,True,-0.25642617678666385
2023-06-19 00:00:00+00:00,0.0,0.0,0.0,0.0,0.0,0.0,0.0,0.0,-0.1919437037236376,-0.3585541805689027,-0.2904021541789712,-0.0317106982288437,-0.2219228064394029,-0.3554120201969512,True,-0.25642617678666385
2023-06-20 00:00:00+00:00,0.0,0.0,0.0,0.0,0.0,0.0,0.0,0.0,-0.1919437037236376,-0.3585541805689027,-0.2904021541789712,-0.0317106982288437,-0.2219228064394029,-0.3554120201969512,True,-0.25642617678666385
2023-06-21 00:00:00+00:00,0.0,0.0,0.0,0.0,0.0,0.0,0.0,0.0,-0.1919437037236376,-0.3585541805689027,-0.2904021541789712,-0.0317106982288437,-0.2219228064394029,-0.3554120201969512,True,-0.25642617678666385
2023-06-22 00:00:00+00:00,0.0,0.0,0.0,0.0,0.0,0.0,0.0,0.0,-0.1919437037236376,-0.3585541805689027,-0.2904021541789712,-0.0317106982288437,-0.2219228064394029,-0.3554120201969512,True,-0.25642617678666385
2023-06-23 00:00:00+00:00,0.0,0.0,0.0,0.0,0.0,0.0,0.0,0.0,-0.1919437037236376,-0.3585541805689027,-0.2904021541789712,-0.0317106982288437,-0.2219228064394029,-0.3554120201969512,True,-0.25642617678666385
2023-06-24 00:00:00+00:00,5.0,4.0,0.0,318.4,0.2,0.0,0.0,0.0,0.6425753680212826,2.2842875011839627,-0.2904021541789712,0.0168341731126932,1.5830389799024205,-0.3554120201969512,True,0.6234007759089173
2023-06-25 00:00:00+00:00,0.0,0.0,0.0,0.0,0.0,0.0,0.0,0.0,-0.1919437037236376,-0.3585541805689027,-0.2904021541789712,-0.0317106982288437,-0.2219228064394029,-0.3554120201969512,True,-0.25642617678666385
2023-06-26 00:00:00+00:00,7.0,5.0,3.0,19.428571428571427,0.1428571428571428,0.0,0.0,0.6,0.9763829967192508,2.944997921622179,4.224456001541817,-0.0287485201498554,1.0673356123761844,1.9300301781908664,True,1.3245829290954338
2023-06-27 00:00:00+00:00,0.0,0.0,0.0,0.0,0.0,0.0,0.0,0.0,-0.1919437037236376,-0.3585541805689027,-0.2904021541789712,-0.0317106982288437,-0.2219228064394029,-0.3554120201969512,True,-0.25642617678666385
2023-06-28 00:00:00+00:00,0.0,0.0,0.0,0.0,0.0,0.0,0.0,0.0,-0.1919437037236376,-0.3585541805689027,-0.2904021541789712,-0.0317106982288437,-0.2219228064394029,-0.3554120201969512,True,-0.25642617678666385
2023-06-29 00:00:00+00:00,0.0,0.0,0.0,0.0,0.0,0.0,0.0,0.0,-0.1919437037236376,-0.3585541805689027,-0.2904021541789712,-0.0317106982288437,-0.2219228064394029,-0.3554120201969512,True,-0.25642617678666385
2023-06-30 00:00:00+00:00,2.0,1.0,0.0,474.0,0.0,0.0,0.0,0.0,0.1418639249743304,0.3021562398693136,-0.2904021541789712,0.0405577346100022,-0.2219228064394029,-0.3554120201969512,True,-0.14515696722067456
2023-07-01 00:00:00+00:00,0.0,0.0,0.0,0.0,0.0,0.0,0.0,0.0,-0.1919437037236376,-0.3585541805689027,-0.2904021541789712,-0.0317106982288437,-0.2219228064394029,-0.3554120201969512,True,-0.25642617678666385
2023-07-02 00:00:00+00:00,1.0,1.0,0.0,895.0,1.0,0.0,0.0,0.0,-0.0250398893746535,0.3021562398693136,-0.2904021541789712,0.1047455198951375,8.802886125269712,-0.3554120201969512,True,2.8074780718993693
2023-07-03 00:00:00+00:00,0.0,0.0,0.0,0.0,0.0,0.0,0.0,0.0,-0.1919437037236376,-0.3585541805689027,-0.2904021541789712,-0.0317106982288437,-0.2219228064394029,-0.3554120201969512,True,-0.25642617678666385
2023-07-04 00:00:00+00:00,0.0,0.0,0.0,0.0,0.0,0.0,0.0,0.0,-0.1919437037236376,-0.3585541805689027,-0.2904021541789712,-0.0317106982288437,-0.2219228064394029,-0.3554120201969512,True,-0.25642617678666385
2023-07-05 00:00:00+00:00,2.0,2.0,1.0,47.0,0.5,0.0,0.0,0.5,0.1418639249743304,0.96286666030753,1.214550564394625,-0.0245448409642324,4.290481659415155,1.54912314512623,True,1.993822909838572
2023-07-06 00:00:00+00:00,0.0,0.0,0.0,0.0,0.0,0.0,0.0,0.0,-0.1919437037236376,-0.3585541805689027,-0.2904021541789712,-0.0317106982288437,-0.2219228064394029,-0.3554120201969512,True,-0.25642617678666385
2023-07-07 00:00:00+00:00,3.0,2.0,1.0,18.0,0.0,0.3333333333333333,0.0,0.5,0.3087677393233145,0.96286666030753,1.214550564394625,-0.0289663273615458,-0.2219228064394029,1.54912314512623,True,0.5453226926700472
2023-07-08 00:00:00+00:00,1.0,1.0,1.0,19.0,0.0,0.0,0.0,1.0,-0.0250398893746535,0.3021562398693136,1.214550564394625,-0.0288138623133625,-0.2219228064394029,3.4536583104494114,True,1.068898538211785
2023-07-09 00:00:00+00:00,4.0,1.0,0.0,2520.5,0.0,0.0,0.0,0.0,0.4756715536722986,0.3021562398693136,-0.2904021541789712,0.3525774557169606,-0.2219228064394029,-0.3554120201969512,True,-0.03388775765468518
2023-07-10 00:00:00+00:00,1.0,1.0,0.0,21.0,0.0,0.0,0.0,0.0,-0.0250398893746535,0.3021562398693136,-0.2904021541789712,-0.0285089322169961,-0.2219228064394029,-0.3554120201969512,True,-0.20079157200366918
2023-07-11 00:00:00+00:00,0.0,0.0,0.0,0.0,0.0,0.0,0.0,0.0,-0.1919437037236376,-0.3585541805689027,-0.2904021541789712,-0.0317106982288437,-0.2219228064394029,-0.3554120201969512,True,-0.25642617678666385
2023-07-12 00:00:00+00:00,0.0,0.0,0.0,0.0,0.0,0.0,0.0,0.0,-0.1919437037236376,-0.3585541805689027,-0.2904021541789712,-0.0317106982288437,-0.2219228064394029,-0.3554120201969512,True,-0.25642617678666385
2023-07-13 00:00:00+00:00,0.0,0.0,0.0,0.0,0.0,0.0,0.0,0.0,-0.1919437037236376,-0.3585541805689027,-0.2904021541789712,-0.0317106982288437,-0.2219228064394029,-0.3554120201969512,True,-0.25642617678666385
2023-07-14 00:00:00+00:00,2.0,2.0,1.0,13.0,0.5,0.0,0.0,0.5,0.1418639249743304,0.96286666030753,1.214550564394625,-0.0297286526024619,4.290481659415155,1.54912314512623,True,1.993822909838572
2023-07-15 00:00:00+00:00,0.0,0.0,0.0,0.0,0.0,0.0,0.0,0.0,-0.1919437037236376,-0.3585541805689027,-0.2904021541789712,-0.0317106982288437,-0.2219228064394029,-0.3554120201969512,True,-0.25642617678666385
2023-07-16 00:00:00+00:00,1.0,1.0,0.0,4.0,0.0,0.0,0.0,0.0,-0.0250398893746535,0.3021562398693136,-0.2904021541789712,-0.0311008380361108,-0.2219228064394029,-0.3554120201969512,True,-0.20079157200366918
2023-07-17 00:00:00+00:00,4.0,3.0,0.0,2286.75,0.5,0.0,0.0,0.0,0.4756715536722986,1.6235770807457464,-0.2904021541789712,0.3169387507041331,4.290481659415155,-0.3554120201969512,True,1.4702470642968342
2023-07-18 00:00:00+00:00,0.0,0.0,0.0,0.0,0.0,0.0,0.0,0.0,-0.1919437037236376,-0.3585541805689027,-0.2904021541789712,-0.0317106982288437,-0.2219228064394029,-0.3554120201969512,True,-0.25642617678666385
2023-07-19 00:00:00+00:00,0.0,0.0,0.0,0.0,0.0,0.0,0.0,0.0,-0.1919437037236376,-0.3585541805689027,-0.2904021541789712,-0.0317106982288437,-0.2219228064394029,-0.3554120201969512,True,-0.25642617678666385
2023-07-20 00:00:00+00:00,1.0,1.0,1.0,19.0,0.0,0.0,0.0,1.0,-0.0250398893746535,0.3021562398693136,1.214550564394625,-0.0288138623133625,-0.2219228064394029,3.4536583104494114,True,1.068898538211785
2023-07-21 00:00:00+00:00,8.0,5.0,2.0,14.571428571428571,0.125,0.125,0.0,0.4,1.1432868110682348,2.944997921622179,2.7195032829682213,-0.0294890646696025,0.9061783100242364,1.1682161120615937,True,1.072560411051355
2023-07-22 00:00:00+00:00,0.0,0.0,0.0,0.0,0.0,0.0,0.0,0.0,-0.1919437037236376,-0.3585541805689027,-0.2904021541789712,-0.0317106982288437,-0.2219228064394029,-0.3554120201969512,True,-0.25642617678666385
2023-07-23 00:00:00+00:00,2.0,2.0,2.0,32.0,0.0,0.0,0.0,1.0,0.1418639249743304,0.96286666030753,2.7195032829682213,-0.0268318166869807,-0.2219228064394029,3.4536583104494114,True,1.1245331429947796
2023-07-24 00:00:00+00:00,1.0,1.0,0.0,1.0,0.0,0.0,0.0,0.0,-0.0250398893746535,0.3021562398693136,-0.2904021541789712,-0.0315582331806605,-0.2219228064394029,-0.3554120201969512,True,-0.20079157200366918
2023-07-25 00:00:00+00:00,1.0,1.0,0.0,0.0,0.0,1.0,0.0,0.0,-0.0250398893746535,0.3021562398693136,-0.2904021541789712,-0.0317106982288437,-0.2219228064394029,-0.3554120201969512,True,-0.20079157200366918
2023-07-26 00:00:00+00:00,1.0,1.0,1.0,10.0,0.0,0.0,0.0,1.0,-0.0250398893746535,0.3021562398693136,1.214550564394625,-0.0301860477470115,-0.2219228064394029,3.4536583104494114,True,1.068898538211785
2023-07-27 00:00:00+00:00,0.0,0.0,0.0,0.0,0.0,0.0,0.0,0.0,-0.1919437037236376,-0.3585541805689027,-0.2904021541789712,-0.0317106982288437,-0.2219228064394029,-0.3554120201969512,True,-0.25642617678666385
2023-07-28 00:00:00+00:00,0.0,0.0,0.0,0.0,0.0,0.0,0.0,0.0,-0.1919437037236376,-0.3585541805689027,-0.2904021541789712,-0.0317106982288437,-0.2219228064394029,-0.3554120201969512,True,-0.25642617678666385
2023-07-29 00:00:00+00:00,1.0,1.0,1.0,8.0,0.0,0.0,0.0,1.0,-0.0250398893746535,0.3021562398693136,1.214550564394625,-0.030490977843378,-0.2219228064394029,3.4536583104494114,True,1.068898538211785
2023-07-30 00:00:00+00:00,1.0,1.0,1.0,0.0,0.0,0.0,0.0,1.0,-0.0250398893746535,0.3021562398693136,1.214550564394625,-0.0317106982288437,-0.2219228064394029,3.4536583104494114,True,1.068898538211785
2023-07-31 00:00:00+00:00,1.0,1.0,1.0,67.0,0.0,0.0,0.0,1.0,-0.0250398893746535,0.3021562398693136,1.214550564394625,-0.021495540000568,-0.2219228064394029,3.4536583104494114,True,1.068898538211785
2023-08-01 00:00:00+00:00,0.0,0.0,0.0,0.0,0.0,0.0,0.0,0.0,-0.1919437037236376,-0.3585541805689027,-0.2904021541789712,-0.0317106982288437,-0.2219228064394029,-0.3554120201969512,True,-0.25642617678666385
2023-08-02 00:00:00+00:00,0.0,0.0,0.0,0.0,0.0,0.0,0.0,0.0,-0.1919437037236376,-0.3585541805689027,-0.2904021541789712,-0.0317106982288437,-0.2219228064394029,-0.3554120201969512,True,-0.25642617678666385
2023-08-03 00:00:00+00:00,0.0,0.0,0.0,0.0,0.0,0.0,0.0,0.0,-0.1919437037236376,-0.3585541805689027,-0.2904021541789712,-0.0317106982288437,-0.2219228064394029,-0.3554120201969512,True,-0.25642617678666385
2023-08-04 00:00:00+00:00,0.0,0.0,0.0,0.0,0.0,0.0,0.0,0.0,-0.1919437037236376,-0.3585541805689027,-0.2904021541789712,-0.0317106982288437,-0.2219228064394029,-0.3554120201969512,True,-0.25642617678666385
2023-08-05 00:00:00+00:00,1.0,1.0,0.0,96.0,0.0,0.0,0.0,0.0,-0.0250398893746535,0.3021562398693136,-0.2904021541789712,-0.0170740536032546,-0.2219228064394029,-0.3554120201969512,True,-0.20079157200366918
2023-08-06 00:00:00+00:00,0.0,0.0,0.0,0.0,0.0,0.0,0.0,0.0,-0.1919437037236376,-0.3585541805689027,-0.2904021541789712,-0.0317106982288437,-0.2219228064394029,-0.3554120201969512,True,-0.25642617678666385
2023-08-07 00:00:00+00:00,0.0,0.0,0.0,0.0,0.0,0.0,0.0,0.0,-0.1919437037236376,-0.3585541805689027,-0.2904021541789712,-0.0317106982288437,-0.2219228064394029,-0.3554120201969512,True,-0.25642617678666385
2023-08-08 00:00:00+00:00,1.0,1.0,0.0,403.0,0.0,0.0,0.0,0.0,-0.0250398893746535,0.3021562398693136,-0.2904021541789712,0.0297327161889936,-0.2219228064394029,-0.3554120201969512,True,-0.20079157200366918
2023-08-09 00:00:00+00:00,0.0,0.0,0.0,0.0,0.0,0.0,0.0,0.0,-0.1919437037236376,-0.3585541805689027,-0.2904021541789712,-0.0317106982288437,-0.2219228064394029,-0.3554120201969512,True,-0.25642617678666385
2023-08-10 00:00:00+00:00,2.0,1.0,0.0,1.0,0.0,0.0,0.0,0.0,0.1418639249743304,0.3021562398693136,-0.2904021541789712,-0.0315582331806605,-0.2219228064394029,-0.3554120201969512,True,-0.14515696722067456
2023-08-11 00:00:00+00:00,0.0,0.0,0.0,0.0,0.0,0.0,0.0,0.0,-0.1919437037236376,-0.3585541805689027,-0.2904021541789712,-0.0317106982288437,-0.2219228064394029,-0.3554120201969512,True,-0.25642617678666385
2023-08-12 00:00:00+00:00,0.0,0.0,0.0,0.0,0.0,0.0,0.0,0.0,-0.1919437037236376,-0.3585541805689027,-0.2904021541789712,-0.0317106982288437,-0.2219228064394029,-0.3554120201969512,True,-0.25642617678666385
2023-08-13 00:00:00+00:00,0.0,0.0,0.0,0.0,0.0,0.0,0.0,0.0,-0.1919437037236376,-0.3585541805689027,-0.2904021541789712,-0.0317106982288437,-0.2219228064394029,-0.3554120201969512,True,-0.25642617678666385
2023-08-14 00:00:00+00:00,1.0,1.0,1.0,0.0,0.0,1.0,0.0,1.0,-0.0250398893746535,0.3021562398693136,1.214550564394625,-0.0317106982288437,-0.2219228064394029,3.4536583104494114,True,1.068898538211785
2023-08-15 00:00:00+00:00,1.0,1.0,0.0,0.0,0.0,0.0,0.0,0.0,-0.0250398893746535,0.3021562398693136,-0.2904021541789712,-0.0317106982288437,-0.2219228064394029,-0.3554120201969512,True,-0.20079157200366918
2023-08-16 00:00:00+00:00,0.0,0.0,0.0,0.0,0.0,0.0,0.0,0.0,-0.1919437037236376,-0.3585541805689027,-0.2904021541789712,-0.0317106982288437,-0.2219228064394029,-0.3554120201969512,True,-0.25642617678666385
2023-08-17 00:00:00+00:00,0.0,0.0,0.0,0.0,0.0,0.0,0.0,0.0,-0.1919437037236376,-0.3585541805689027,-0.2904021541789712,-0.0317106982288437,-0.2219228064394029,-0.3554120201969512,True,-0.25642617678666385
2023-08-18 00:00:00+00:00,4.0,2.0,1.0,1176.75,0.25,0.0,0.0,0.5,0.4756715536722986,0.96286666030753,1.214550564394625,0.1477025472207596,2.034279426487876,1.54912314512623,True,1.3530247084288014
2023-08-19 00:00:00+00:00,0.0,0.0,0.0,0.0,0.0,0.0,0.0,0.0,-0.1919437037236376,-0.3585541805689027,-0.2904021541789712,-0.0317106982288437,-0.2219228064394029,-0.3554120201969512,True,-0.25642617678666385
2023-08-20 00:00:00+00:00,0.0,0.0,0.0,0.0,0.0,0.0,0.0,0.0,-0.1919437037236376,-0.3585541805689027,-0.2904021541789712,-0.0317106982288437,-0.2219228064394029,-0.3554120201969512,True,-0.25642617678666385
2023-08-21 00:00:00+00:00,0.0,0.0,0.0,0.0,0.0,0.0,0.0,0.0,-0.1919437037236376,-0.3585541805689027,-0.2904021541789712,-0.0317106982288437,-0.2219228064394029,-0.3554120201969512,True,-0.25642617678666385
2023-08-22 00:00:00+00:00,0.0,0.0,0.0,0.0,0.0,0.0,0.0,0.0,-0.1919437037236376,-0.3585541805689027,-0.2904021541789712,-0.0317106982288437,-0.2219228064394029,-0.3554120201969512,True,-0.25642617678666385
2023-08-23 00:00:00+00:00,8.0,1.0,0.0,1200.125,0.0,0.0,0.0,0.0,1.1432868110682348,0.3021562398693136,-0.2904021541789712,0.1512664177220424,-0.2219228064394029,-0.3554120201969512,True,0.1886506614772936
2023-08-24 00:00:00+00:00,0.0,0.0,0.0,0.0,0.0,0.0,0.0,0.0,-0.1919437037236376,-0.3585541805689027,-0.2904021541789712,-0.0317106982288437,-0.2219228064394029,-0.3554120201969512,True,-0.25642617678666385
2023-08-25 00:00:00+00:00,0.0,0.0,0.0,0.0,0.0,0.0,0.0,0.0,-0.1919437037236376,-0.3585541805689027,-0.2904021541789712,-0.0317106982288437,-0.2219228064394029,-0.3554120201969512,True,-0.25642617678666385
2023-08-26 00:00:00+00:00,1.0,1.0,0.0,41.0,0.0,0.0,0.0,0.0,-0.0250398893746535,0.3021562398693136,-0.2904021541789712,-0.0254596312533317,-0.2219228064394029,-0.3554120201969512,True,-0.20079157200366918
2023-08-27 00:00:00+00:00,2.0,2.0,1.0,102.0,0.5,0.0,0.0,0.5,0.1418639249743304,0.96286666030753,1.214550564394625,-0.0161592633141553,4.290481659415155,1.54912314512623,True,1.993822909838572
2023-08-28 00:00:00+00:00,0.0,0.0,0.0,0.0,0.0,0.0,0.0,0.0,-0.1919437037236376,-0.3585541805689027,-0.2904021541789712,-0.0317106982288437,-0.2219228064394029,-0.3554120201969512,True,-0.25642617678666385
2023-08-29 00:00:00+00:00,0.0,0.0,0.0,0.0,0.0,0.0,0.0,0.0,-0.1919437037236376,-0.3585541805689027,-0.2904021541789712,-0.0317106982288437,-0.2219228064394029,-0.3554120201969512,True,-0.25642617678666385
2023-08-30 00:00:00+00:00,1.0,1.0,1.0,7.0,0.0,0.0,0.0,1.0,-0.0250398893746535,0.3021562398693136,1.214550564394625,-0.0306434428915612,-0.2219228064394029,3.4536583104494114,True,1.068898538211785
2023-08-31 00:00:00+00:00,0.0,0.0,0.0,0.0,0.0,0.0,0.0,0.0,-0.1919437037236376,-0.3585541805689027,-0.2904021541789712,-0.0317106982288437,-0.2219228064394029,-0.3554120201969512,True,-0.25642617678666385
2023-09-01 00:00:00+00:00,2.0,1.0,0.0,24.5,0.0,0.0,0.0,0.0,0.1418639249743304,0.3021562398693136,-0.2904021541789712,-0.0279753045483548,-0.2219228064394029,-0.3554120201969512,True,-0.14515696722067456
2023-09-02 00:00:00+00:00,1.0,1.0,0.0,22.0,0.0,0.0,0.0,0.0,-0.0250398893746535,0.3021562398693136,-0.2904021541789712,-0.0283564671688129,-0.2219228064394029,-0.3554120201969512,True,-0.20079157200366918
2023-09-03 00:00:00+00:00,0.0,0.0,0.0,0.0,0.0,0.0,0.0,0.0,-0.1919437037236376,-0.3585541805689027,-0.2904021541789712,-0.0317106982288437,-0.2219228064394029,-0.3554120201969512,True,-0.25642617678666385
2023-09-04 00:00:00+00:00,0.0,0.0,0.0,0.0,0.0,0.0,0.0,0.0,-0.1919437037236376,-0.3585541805689027,-0.2904021541789712,-0.0317106982288437,-0.2219228064394029,-0.3554120201969512,True,-0.25642617678666385
2023-09-05 00:00:00+00:00,3.0,2.0,2.0,55.0,0.0,0.0,0.0,1.0,0.3087677393233145,0.96286666030753,2.7195032829682213,-0.0233251205787666,-0.2219228064394029,3.4536583104494114,True,1.1801677477777743
2023-09-06 00:00:00+00:00,1.0,1.0,0.0,1380.0,1.0,0.0,0.0,0.0,-0.0250398893746535,0.3021562398693136,-0.2904021541789712,0.178691068263999,8.802886125269712,-0.3554120201969512,True,2.8074780718993693
2023-09-07 00:00:00+00:00,1.0,1.0,0.0,72.0,0.0,0.0,0.0,0.0,-0.0250398893746535,0.3021562398693136,-0.2904021541789712,-0.0207332147596519,-0.2219228064394029,-0.3554120201969512,True,-0.20079157200366918
2023-09-08 00:00:00+00:00,16.0,5.0,2.0,595.7333333333333,0.125,0.0625,0.0,0.4,2.478517325860107,2.944997921622179,2.7195032829682213,0.0591178131421728,0.9061783100242364,1.1682161120615937,True,1.5176372493153123
2023-09-09 00:00:00+00:00,1.0,1.0,1.0,34.0,0.0,0.0,0.0,1.0,-0.0250398893746535,0.3021562398693136,1.214550564394625,-0.0265268865906142,-0.2219228064394029,3.4536583104494114,True,1.068898538211785
2023-09-10 00:00:00+00:00,2.0,1.0,0.0,63.5,0.0,0.0,0.0,0.0,0.1418639249743304,0.3021562398693136,-0.2904021541789712,-0.0220291676692093,-0.2219228064394029,-0.3554120201969512,True,-0.14515696722067456
2023-09-11 00:00:00+00:00,0.0,0.0,0.0,0.0,0.0,0.0,0.0,0.0,-0.1919437037236376,-0.3585541805689027,-0.2904021541789712,-0.0317106982288437,-0.2219228064394029,-0.3554120201969512,True,-0.25642617678666385
2023-09-12 00:00:00+00:00,1.0,1.0,0.0,66.0,0.0,0.0,0.0,0.0,-0.0250398893746535,0.3021562398693136,-0.2904021541789712,-0.0216480050487512,-0.2219228064394029,-0.3554120201969512,True,-0.20079157200366918
2023-09-13 00:00:00+00:00,9.0,3.0,1.0,441.22222222222223,0.0,0.0,0.0,0.3333333333333333,1.3101906254172189,1.6235770807457464,1.214550564394625,0.0355602691417744,-0.2219228064394029,0.9142780900185028,True,0.6675153029987729
2023-09-14 00:00:00+00:00,2.0,2.0,0.0,773.5,0.0,0.0,0.0,0.0,0.1418639249743304,0.96286666030753,-0.2904021541789712,0.0862210165408764,-0.2219228064394029,-0.3554120201969512,True,-0.14515696722067456
2023-09-15 00:00:00+00:00,2.0,1.0,0.0,12.0,0.0,0.0,0.0,0.0,0.1418639249743304,0.3021562398693136,-0.2904021541789712,-0.0298811176506451,-0.2219228064394029,-0.3554120201969512,True,-0.14515696722067456
2023-09-16 00:00:00+00:00,0.0,0.0,0.0,0.0,0.0,0.0,0.0,0.0,-0.1919437037236376,-0.3585541805689027,-0.2904021541789712,-0.0317106982288437,-0.2219228064394029,-0.3554120201969512,True,-0.25642617678666385
2023-09-17 00:00:00+00:00,5.0,3.0,1.0,312.0,0.0,0.2,0.0,0.3333333333333333,0.6425753680212826,1.6235770807457464,1.214550564394625,0.0158583968043206,-0.2219228064394029,0.9142780900185028,True,0.4449768838667942
2023-09-18 00:00:00+00:00,19.0,7.0,1.0,1038.4444444444443,0.2105263157894736,0.0526315789473684,0.0,0.1428571428571428,2.97922876890706,4.266418762498612,1.214550564394625,0.1266157840289749,1.678036968657252,0.1887408841811003,True,1.615335540581804
2023-09-19 00:00:00+00:00,4.0,2.0,1.0,121.25,0.0,0.0,0.0,0.5,0.4756715536722986,0.96286666030753,1.214550564394625,-0.0132243111366284,-0.2219228064394029,1.54912314512623,True,0.6009572974530418
2023-09-20 00:00:00+00:00,2.0,2.0,0.0,75.0,0.0,0.0,0.0,0.0,0.1418639249743304,0.96286666030753,-0.2904021541789712,-0.0202758196151023,-0.2219228064394029,-0.3554120201969512,True,-0.14515696722067456
2023-09-21 00:00:00+00:00,2.0,2.0,2.0,4.5,0.0,0.0,0.0,1.0,0.1418639249743304,0.96286666030753,2.7195032829682213,-0.0310246055120192,-0.2219228064394029,3.4536583104494114,True,1.1245331429947796
2023-09-22 00:00:00+00:00,4.0,2.0,1.0,22.0,0.0,0.0,0.0,0.5,0.4756715536722986,0.96286666030753,1.214550564394625,-0.0283564671688129,-0.2219228064394029,1.54912314512623,True,0.6009572974530418
2023-09-23 00:00:00+00:00,0.0,0.0,0.0,0.0,0.0,0.0,0.0,0.0,-0.1919437037236376,-0.3585541805689027,-0.2904021541789712,-0.0317106982288437,-0.2219228064394029,-0.3554120201969512,True,-0.25642617678666385
2023-09-24 00:00:00+00:00,0.0,0.0,0.0,0.0,0.0,0.0,0.0,0.0,-0.1919437037236376,-0.3585541805689027,-0.2904021541789712,-0.0317106982288437,-0.2219228064394029,-0.3554120201969512,True,-0.25642617678666385
2023-09-25 00:00:00+00:00,6.0,3.0,2.0,486.3333333333333,0.0,0.0,0.0,0.6666666666666666,0.8094791823702667,1.6235770807457464,2.7195032829682213,0.0424381368709286,-0.2219228064394029,2.183968200233957,True,0.9238415253882737
2023-09-26 00:00:00+00:00,1.0,1.0,0.0,0.0,0.0,0.0,0.0,0.0,-0.0250398893746535,0.3021562398693136,-0.2904021541789712,-0.0317106982288437,-0.2219228064394029,-0.3554120201969512,True,-0.20079157200366918
2023-09-27 00:00:00+00:00,1.0,1.0,0.0,43.0,0.0,0.0,0.0,0.0,-0.0250398893746535,0.3021562398693136,-0.2904021541789712,-0.0251547011569653,-0.2219228064394029,-0.3554120201969512,True,-0.20079157200366918
2023-09-28 00:00:00+00:00,0.0,0.0,0.0,0.0,0.0,0.0,0.0,0.0,-0.1919437037236376,-0.3585541805689027,-0.2904021541789712,-0.0317106982288437,-0.2219228064394029,-0.3554120201969512,True,-0.25642617678666385
2023-09-29 00:00:00+00:00,7.0,4.0,1.0,376.2857142857143,0.1428571428571428,0.0,0.0,0.25,0.9763829967192508,2.2842875011839627,1.214550564394625,0.0256597213303847,1.0673356123761844,0.5968555624646393,True,0.8801913905200248
2023-09-30 00:00:00+00:00,0.0,0.0,0.0,0.0,0.0,0.0,0.0,0.0,-0.1919437037236376,-0.3585541805689027,-0.2904021541789712,-0.0317106982288437,-0.2219228064394029,-0.3554120201969512,True,-0.25642617678666385
2023-10-01 00:00:00+00:00,0.0,0.0,0.0,0.0,0.0,0.0,0.0,0.0,-0.1919437037236376,-0.3585541805689027,-0.2904021541789712,-0.0317106982288437,-0.2219228064394029,-0.3554120201969512,True,-0.25642617678666385
2023-10-02 00:00:00+00:00,1.0,1.0,0.0,2.0,0.0,0.0,0.0,0.0,-0.0250398893746535,0.3021562398693136,-0.2904021541789712,-0.0314057681324773,-0.2219228064394029,-0.3554120201969512,True,-0.20079157200366918
2023-10-03 00:00:00+00:00,0.0,0.0,0.0,0.0,0.0,0.0,0.0,0.0,-0.1919437037236376,-0.3585541805689027,-0.2904021541789712,-0.0317106982288437,-0.2219228064394029,-0.3554120201969512,True,-0.25642617678666385
2023-10-04 00:00:00+00:00,0.0,0.0,0.0,0.0,0.0,0.0,0.0,0.0,-0.1919437037236376,-0.3585541805689027,-0.2904021541789712,-0.0317106982288437,-0.2219228064394029,-0.3554120201969512,True,-0.25642617678666385
2023-10-05 00:00:00+00:00,0.0,0.0,0.0,0.0,0.0,0.0,0.0,0.0,-0.1919437037236376,-0.3585541805689027,-0.2904021541789712,-0.0317106982288437,-0.2219228064394029,-0.3554120201969512,True,-0.25642617678666385
2023-10-06 00:00:00+00:00,0.0,0.0,0.0,0.0,0.0,0.0,0.0,0.0,-0.1919437037236376,-0.3585541805689027,-0.2904021541789712,-0.0317106982288437,-0.2219228064394029,-0.3554120201969512,True,-0.25642617678666385
2023-10-07 00:00:00+00:00,0.0,0.0,0.0,0.0,0.0,0.0,0.0,0.0,-0.1919437037236376,-0.3585541805689027,-0.2904021541789712,-0.0317106982288437,-0.2219228064394029,-0.3554120201969512,True,-0.25642617678666385
2023-10-08 00:00:00+00:00,0.0,0.0,0.0,0.0,0.0,0.0,0.0,0.0,-0.1919437037236376,-0.3585541805689027,-0.2904021541789712,-0.0317106982288437,-0.2219228064394029,-0.3554120201969512,True,-0.25642617678666385
2023-10-09 00:00:00+00:00,1.0,1.0,1.0,252.0,0.0,0.0,0.0,1.0,-0.0250398893746535,0.3021562398693136,1.214550564394625,0.0067104939133275,-0.2219228064394029,3.4536583104494114,True,1.068898538211785
2023-10-10 00:00:00+00:00,0.0,0.0,0.0,0.0,0.0,0.0,0.0,0.0,-0.1919437037236376,-0.3585541805689027,-0.2904021541789712,-0.0317106982288437,-0.2219228064394029,-0.3554120201969512,True,-0.25642617678666385
2023-10-11 00:00:00+00:00,0.0,0.0,0.0,0.0,0.0,0.0,0.0,0.0,-0.1919437037236376,-0.3585541805689027,-0.2904021541789712,-0.0317106982288437,-0.2219228064394029,-0.3554120201969512,True,-0.25642617678666385
2023-10-12 00:00:00+00:00,0.0,0.0,0.0,0.0,0.0,0.0,0.0,0.0,-0.1919437037236376,-0.3585541805689027,-0.2904021541789712,-0.0317106982288437,-0.2219228064394029,-0.3554120201969512,True,-0.25642617678666385
2023-10-13 00:00:00+00:00,0.0,0.0,0.0,0.0,0.0,0.0,0.0,0.0,-0.1919437037236376,-0.3585541805689027,-0.2904021541789712,-0.0317106982288437,-0.2219228064394029,-0.3554120201969512,True,-0.25642617678666385
2023-10-14 00:00:00+00:00,0.0,0.0,0.0,0.0,0.0,0.0,0.0,0.0,-0.1919437037236376,-0.3585541805689027,-0.2904021541789712,-0.0317106982288437,-0.2219228064394029,-0.3554120201969512,True,-0.25642617678666385
2023-10-15 00:00:00+00:00,0.0,0.0,0.0,0.0,0.0,0.0,0.0,0.0,-0.1919437037236376,-0.3585541805689027,-0.2904021541789712,-0.0317106982288437,-0.2219228064394029,-0.3554120201969512,True,-0.25642617678666385
2023-10-16 00:00:00+00:00,1.0,1.0,0.0,112.0,0.0,0.0,0.0,0.0,-0.0250398893746535,0.3021562398693136,-0.2904021541789712,-0.0146346128323231,-0.2219228064394029,-0.3554120201969512,True,-0.20079157200366918
2023-10-17 00:00:00+00:00,0.0,0.0,0.0,0.0,0.0,0.0,0.0,0.0,-0.1919437037236376,-0.3585541805689027,-0.2904021541789712,-0.0317106982288437,-0.2219228064394029,-0.3554120201969512,True,-0.25642617678666385
2023-10-18 00:00:00+00:00,0.0,0.0,0.0,0.0,0.0,0.0,0.0,0.0,-0.1919437037236376,-0.3585541805689027,-0.2904021541789712,-0.0317106982288437,-0.2219228064394029,-0.3554120201969512,True,-0.25642617678666385
2023-10-19 00:00:00+00:00,0.0,0.0,0.0,0.0,0.0,0.0,0.0,0.0,-0.1919437037236376,-0.3585541805689027,-0.2904021541789712,-0.0317106982288437,-0.2219228064394029,-0.3554120201969512,True,-0.25642617678666385
2023-10-20 00:00:00+00:00,0.0,0.0,0.0,0.0,0.0,0.0,0.0,0.0,-0.1919437037236376,-0.3585541805689027,-0.2904021541789712,-0.0317106982288437,-0.2219228064394029,-0.3554120201969512,True,-0.25642617678666385
2023-10-21 00:00:00+00:00,0.0,0.0,0.0,0.0,0.0,0.0,0.0,0.0,-0.1919437037236376,-0.3585541805689027,-0.2904021541789712,-0.0317106982288437,-0.2219228064394029,-0.3554120201969512,True,-0.25642617678666385
2023-10-22 00:00:00+00:00,0.0,0.0,0.0,0.0,0.0,0.0,0.0,0.0,-0.1919437037236376,-0.3585541805689027,-0.2904021541789712,-0.0317106982288437,-0.2219228064394029,-0.3554120201969512,True,-0.25642617678666385
2023-10-23 00:00:00+00:00,0.0,0.0,0.0,0.0,0.0,0.0,0.0,0.0,-0.1919437037236376,-0.3585541805689027,-0.2904021541789712,-0.0317106982288437,-0.2219228064394029,-0.3554120201969512,True,-0.25642617678666385
2023-10-24 00:00:00+00:00,1.0,1.0,1.0,953.0,0.0,0.0,0.0,1.0,-0.0250398893746535,0.3021562398693136,1.214550564394625,0.1135884926897643,-0.2219228064394029,3.4536583104494114,True,1.068898538211785
2023-10-25 00:00:00+00:00,1.0,1.0,0.0,72.0,0.0,0.0,0.0,0.0,-0.0250398893746535,0.3021562398693136,-0.2904021541789712,-0.0207332147596519,-0.2219228064394029,-0.3554120201969512,True,-0.20079157200366918
2023-10-26 00:00:00+00:00,0.0,0.0,0.0,0.0,0.0,0.0,0.0,0.0,-0.1919437037236376,-0.3585541805689027,-0.2904021541789712,-0.0317106982288437,-0.2219228064394029,-0.3554120201969512,True,-0.25642617678666385
2023-10-27 00:00:00+00:00,3.0,3.0,2.0,1.0,0.3333333333333333,0.0,0.0,0.6666666666666666,0.3087677393233145,1.6235770807457464,2.7195032829682213,-0.0315582331806605,2.786346837463636,2.183968200233957,True,1.7596942590069693
2023-10-28 00:00:00+00:00,0.0,0.0,0.0,0.0,0.0,0.0,0.0,0.0,-0.1919437037236376,-0.3585541805689027,-0.2904021541789712,-0.0317106982288437,-0.2219228064394029,-0.3554120201969512,True,-0.25642617678666385
2023-10-29 00:00:00+00:00,1.0,1.0,1.0,4.0,0.0,0.0,0.0,1.0,-0.0250398893746535,0.3021562398693136,1.214550564394625,-0.0311008380361108,-0.2219228064394029,3.4536583104494114,True,1.068898538211785
2023-10-30 00:00:00+00:00,0.0,0.0,0.0,0.0,0.0,0.0,0.0,0.0,-0.1919437037236376,-0.3585541805689027,-0.2904021541789712,-0.0317106982288437,-0.2219228064394029,-0.3554120201969512,True,-0.25642617678666385
2023-10-31 00:00:00+00:00,1.0,1.0,0.0,1.0,0.0,0.0,0.0,0.0,-0.0250398893746535,0.3021562398693136,-0.2904021541789712,-0.0315582331806605,-0.2219228064394029,-0.3554120201969512,True,-0.20079157200366918
2023-11-01 00:00:00+00:00,0.0,0.0,0.0,0.0,0.0,0.0,0.0,0.0,-0.1919437037236376,-0.3585541805689027,-0.2904021541789712,-0.0317106982288437,-0.2219228064394029,-0.3554120201969512,True,-0.25642617678666385
2023-11-02 00:00:00+00:00,0.0,0.0,0.0,0.0,0.0,0.0,0.0,0.0,-0.1919437037236376,-0.3585541805689027,-0.2904021541789712,-0.0317106982288437,-0.2219228064394029,-0.3554120201969512,True,-0.25642617678666385
2023-11-03 00:00:00+00:00,0.0,0.0,0.0,0.0,0.0,0.0,0.0,0.0,-0.1919437037236376,-0.3585541805689027,-0.2904021541789712,-0.0317106982288437,-0.2219228064394029,-0.3554120201969512,True,-0.25642617678666385
2023-11-04 00:00:00+00:00,0.0,0.0,0.0,0.0,0.0,0.0,0.0,0.0,-0.1919437037236376,-0.3585541805689027,-0.2904021541789712,-0.0317106982288437,-0.2219228064394029,-0.3554120201969512,True,-0.25642617678666385
2023-11-05 00:00:00+00:00,0.0,0.0,0.0,0.0,0.0,0.0,0.0,0.0,-0.1919437037236376,-0.3585541805689027,-0.2904021541789712,-0.0317106982288437,-0.2219228064394029,-0.3554120201969512,True,-0.25642617678666385
2023-11-06 00:00:00+00:00,0.0,0.0,0.0,0.0,0.0,0.0,0.0,0.0,-0.1919437037236376,-0.3585541805689027,-0.2904021541789712,-0.0317106982288437,-0.2219228064394029,-0.3554120201969512,True,-0.25642617678666385
2023-11-07 00:00:00+00:00,2.0,2.0,1.0,1.0,0.5,0.0,0.0,0.5,0.1418639249743304,0.96286666030753,1.214550564394625,-0.0315582331806605,4.290481659415155,1.54912314512623,True,1.993822909838572
2023-11-08 00:00:00+00:00,3.0,2.0,1.0,151.0,0.0,0.0,0.0,0.5,0.3087677393233145,0.96286666030753,1.214550564394625,-0.0086884759531776,-0.2219228064394029,1.54912314512623,True,0.5453226926700472
2023-11-09 00:00:00+00:00,1.0,1.0,0.0,128.0,0.0,0.0,0.0,0.0,-0.0250398893746535,0.3021562398693136,-0.2904021541789712,-0.0121951720613916,-0.2219228064394029,-0.3554120201969512,True,-0.20079157200366918
2023-11-10 00:00:00+00:00,0.0,0.0,0.0,0.0,0.0,0.0,0.0,0.0,-0.1919437037236376,-0.3585541805689027,-0.2904021541789712,-0.0317106982288437,-0.2219228064394029,-0.3554120201969512,True,-0.25642617678666385
2023-11-11 00:00:00+00:00,0.0,0.0,0.0,0.0,0.0,0.0,0.0,0.0,-0.1919437037236376,-0.3585541805689027,-0.2904021541789712,-0.0317106982288437,-0.2219228064394029,-0.3554120201969512,True,-0.25642617678666385
2023-11-12 00:00:00+00:00,7.0,3.0,0.0,372.0,0.0,0.0,0.0,0.0,0.9763829967192508,1.6235770807457464,-0.2904021541789712,0.0250062996953138,-0.2219228064394029,-0.3554120201969512,True,0.13301605669429892
2023-11-13 00:00:00+00:00,10.0,3.0,0.0,63.1,0.0,0.0,0.0,0.0,1.477094439766203,1.6235770807457464,-0.2904021541789712,-0.0220901536884826,-0.2219228064394029,-0.3554120201969512,True,0.29991987104328294
2023-11-14 00:00:00+00:00,0.0,0.0,0.0,0.0,0.0,0.0,0.0,0.0,-0.1919437037236376,-0.3585541805689027,-0.2904021541789712,-0.0317106982288437,-0.2219228064394029,-0.3554120201969512,True,-0.25642617678666385
2023-11-15 00:00:00+00:00,2.0,2.0,0.0,32.0,0.0,0.0,0.0,0.0,0.1418639249743304,0.96286666030753,-0.2904021541789712,-0.0268318166869807,-0.2219228064394029,-0.3554120201969512,True,-0.14515696722067456
2023-11-16 00:00:00+00:00,1.0,1.0,1.0,65.0,0.0,0.0,0.0,1.0,-0.0250398893746535,0.3021562398693136,1.214550564394625,-0.0218004700969344,-0.2219228064394029,3.4536583104494114,True,1.068898538211785
2023-11-17 00:00:00+00:00,1.0,1.0,0.0,4.0,0.0,0.0,0.0,0.0,-0.0250398893746535,0.3021562398693136,-0.2904021541789712,-0.0311008380361108,-0.2219228064394029,-0.3554120201969512,True,-0.20079157200366918
2023-11-18 00:00:00+00:00,0.0,0.0,0.0,0.0,0.0,0.0,0.0,0.0,-0.1919437037236376,-0.3585541805689027,-0.2904021541789712,-0.0317106982288437,-0.2219228064394029,-0.3554120201969512,True,-0.25642617678666385
2023-11-19 00:00:00+00:00,1.0,1.0,0.0,0.0,0.0,1.0,0.0,0.0,-0.0250398893746535,0.3021562398693136,-0.2904021541789712,-0.0317106982288437,-0.2219228064394029,-0.3554120201969512,True,-0.20079157200366918
2023-11-20 00:00:00+00:00,0.0,0.0,0.0,0.0,0.0,0.0,0.0,0.0,-0.1919437037236376,-0.3585541805689027,-0.2904021541789712,-0.0317106982288437,-0.2219228064394029,-0.3554120201969512,True,-0.25642617678666385
2023-11-21 00:00:00+00:00,0.0,0.0,0.0,0.0,0.0,0.0,0.0,0.0,-0.1919437037236376,-0.3585541805689027,-0.2904021541789712,-0.0317106982288437,-0.2219228064394029,-0.3554120201969512,True,-0.25642617678666385
2023-11-22 00:00:00+00:00,1.0,1.0,0.0,0.0,0.0,1.0,0.0,0.0,-0.0250398893746535,0.3021562398693136,-0.2904021541789712,-0.0317106982288437,-0.2219228064394029,-0.3554120201969512,True,-0.20079157200366918
2023-11-23 00:00:00+00:00,1.0,1.0,0.0,32.0,0.0,0.0,0.0,0.0,-0.0250398893746535,0.3021562398693136,-0.2904021541789712,-0.0268318166869807,-0.2219228064394029,-0.3554120201969512,True,-0.20079157200366918
2023-11-24 00:00:00+00:00,0.0,0.0,0.0,0.0,0.0,0.0,0.0,0.0,-0.1919437037236376,-0.3585541805689027,-0.2904021541789712,-0.0317106982288437,-0.2219228064394029,-0.3554120201969512,True,-0.25642617678666385
2023-11-25 00:00:00+00:00,1.0,1.0,1.0,726.0,0.0,0.0,0.0,1.0,-0.0250398893746535,0.3021562398693136,1.214550564394625,0.0789789267521735,-0.2219228064394029,3.4536583104494114,True,1.068898538211785
2023-11-26 00:00:00+00:00,2.0,2.0,0.0,0.0,0.0,0.5,0.0,0.0,0.1418639249743304,0.96286666030753,-0.2904021541789712,-0.0317106982288437,-0.2219228064394029,-0.3554120201969512,True,-0.14515696722067456
2023-11-27 00:00:00+00:00,0.0,0.0,0.0,0.0,0.0,0.0,0.0,0.0,-0.1919437037236376,-0.3585541805689027,-0.2904021541789712,-0.0317106982288437,-0.2219228064394029,-0.3554120201969512,True,-0.25642617678666385
2023-11-28 00:00:00+00:00,0.0,0.0,0.0,0.0,0.0,0.0,0.0,0.0,-0.1919437037236376,-0.3585541805689027,-0.2904021541789712,-0.0317106982288437,-0.2219228064394029,-0.3554120201969512,True,-0.25642617678666385
2023-11-29 00:00:00+00:00,0.0,0.0,0.0,0.0,0.0,0.0,0.0,0.0,-0.1919437037236376,-0.3585541805689027,-0.2904021541789712,-0.0317106982288437,-0.2219228064394029,-0.3554120201969512,True,-0.25642617678666385
2023-11-30 00:00:00+00:00,0.0,0.0,0.0,0.0,0.0,0.0,0.0,0.0,-0.1919437037236376,-0.3585541805689027,-0.2904021541789712,-0.0317106982288437,-0.2219228064394029,-0.3554120201969512,True,-0.25642617678666385
2023-12-01 00:00:00+00:00,1.0,1.0,1.0,4.0,0.0,0.0,0.0,1.0,-0.0250398893746535,0.3021562398693136,1.214550564394625,-0.0311008380361108,-0.2219228064394029,3.4536583104494114,True,1.068898538211785
2023-12-02 00:00:00+00:00,2.0,1.0,1.0,2.0,0.5,0.0,0.0,1.0,0.1418639249743304,0.3021562398693136,1.214550564394625,-0.0314057681324773,4.290481659415155,3.4536583104494114,True,2.628667964946299
2023-12-03 00:00:00+00:00,0.0,0.0,0.0,0.0,0.0,0.0,0.0,0.0,-0.1919437037236376,-0.3585541805689027,-0.2904021541789712,-0.0317106982288437,-0.2219228064394029,-0.3554120201969512,True,-0.25642617678666385
2023-12-04 00:00:00+00:00,0.0,0.0,0.0,0.0,0.0,0.0,0.0,0.0,-0.1919437037236376,-0.3585541805689027,-0.2904021541789712,-0.0317106982288437,-0.2219228064394029,-0.3554120201969512,True,-0.25642617678666385
2023-12-05 00:00:00+00:00,0.0,0.0,0.0,0.0,0.0,0.0,0.0,0.0,-0.1919437037236376,-0.3585541805689027,-0.2904021541789712,-0.0317106982288437,-0.2219228064394029,-0.3554120201969512,True,-0.25642617678666385
2023-12-06 00:00:00+00:00,0.0,0.0,0.0,0.0,0.0,0.0,0.0,0.0,-0.1919437037236376,-0.3585541805689027,-0.2904021541789712,-0.0317106982288437,-0.2219228064394029,-0.3554120201969512,True,-0.25642617678666385
2023-12-07 00:00:00+00:00,0.0,0.0,0.0,0.0,0.0,0.0,0.0,0.0,-0.1919437037236376,-0.3585541805689027,-0.2904021541789712,-0.0317106982288437,-0.2219228064394029,-0.3554120201969512,True,-0.25642617678666385
2023-12-08 00:00:00+00:00,0.0,0.0,0.0,0.0,0.0,0.0,0.0,0.0,-0.1919437037236376,-0.3585541805689027,-0.2904021541789712,-0.0317106982288437,-0.2219228064394029,-0.3554120201969512,True,-0.25642617678666385
2023-12-09 00:00:00+00:00,0.0,0.0,0.0,0.0,0.0,0.0,0.0,0.0,-0.1919437037236376,-0.3585541805689027,-0.2904021541789712,-0.0317106982288437,-0.2219228064394029,-0.3554120201969512,True,-0.25642617678666385
2023-12-10 00:00:00+00:00,0.0,0.0,0.0,0.0,0.0,0.0,0.0,0.0,-0.1919437037236376,-0.3585541805689027,-0.2904021541789712,-0.0317106982288437,-0.2219228064394029,-0.3554120201969512,True,-0.25642617678666385
2023-12-11 00:00:00+00:00,1.0,1.0,1.0,1.0,0.0,0.0,0.0,1.0,-0.0250398893746535,0.3021562398693136,1.214550564394625,-0.0315582331806605,-0.2219228064394029,3.4536583104494114,True,1.068898538211785
2023-12-12 00:00:00+00:00,0.0,0.0,0.0,0.0,0.0,0.0,0.0,0.0,-0.1919437037236376,-0.3585541805689027,-0.2904021541789712,-0.0317106982288437,-0.2219228064394029,-0.3554120201969512,True,-0.25642617678666385
2023-12-13 00:00:00+00:00,0.0,0.0,0.0,0.0,0.0,0.0,0.0,0.0,-0.1919437037236376,-0.3585541805689027,-0.2904021541789712,-0.0317106982288437,-0.2219228064394029,-0.3554120201969512,True,-0.25642617678666385
2023-12-14 00:00:00+00:00,0.0,0.0,0.0,0.0,0.0,0.0,0.0,0.0,-0.1919437037236376,-0.3585541805689027,-0.2904021541789712,-0.0317106982288437,-0.2219228064394029,-0.3554120201969512,True,-0.25642617678666385
2023-12-15 00:00:00+00:00,3.0,2.0,0.0,318.0,0.0,0.3333333333333333,0.0,0.0,0.3087677393233145,0.96286666030753,-0.2904021541789712,0.01677318709342,-0.2219228064394029,-0.3554120201969512,True,-0.08952236243767986
2023-12-16 00:00:00+00:00,0.0,0.0,0.0,0.0,0.0,0.0,0.0,0.0,-0.1919437037236376,-0.3585541805689027,-0.2904021541789712,-0.0317106982288437,-0.2219228064394029,-0.3554120201969512,True,-0.25642617678666385
2023-12-17 00:00:00+00:00,1.0,1.0,0.0,45.0,0.0,0.0,0.0,0.0,-0.0250398893746535,0.3021562398693136,-0.2904021541789712,-0.0248497710605988,-0.2219228064394029,-0.3554120201969512,True,-0.20079157200366918
2023-12-18 00:00:00+00:00,0.0,0.0,0.0,0.0,0.0,0.0,0.0,0.0,-0.1919437037236376,-0.3585541805689027,-0.2904021541789712,-0.0317106982288437,-0.2219228064394029,-0.3554120201969512,True,-0.25642617678666385
2023-12-19 00:00:00+00:00,0.0,0.0,0.0,0.0,0.0,0.0,0.0,0.0,-0.1919437037236376,-0.3585541805689027,-0.2904021541789712,-0.0317106982288437,-0.2219228064394029,-0.3554120201969512,True,-0.25642617678666385
2023-12-20 00:00:00+00:00,2.0,2.0,2.0,26.0,0.0,0.5,0.0,1.0,0.1418639249743304,0.96286666030753,2.7195032829682213,-0.02774660697608,-0.2219228064394029,3.4536583104494114,True,1.1245331429947796
2023-12-21 00:00:00+00:00,3.0,2.0,1.0,411.0,0.0,0.0,0.0,0.5,0.3087677393233145,0.96286666030753,1.214550564394625,0.0309524365744594,-0.2219228064394029,1.54912314512623,True,0.5453226926700472
2023-12-22 00:00:00+00:00,0.0,0.0,0.0,0.0,0.0,0.0,0.0,0.0,-0.1919437037236376,-0.3585541805689027,-0.2904021541789712,-0.0317106982288437,-0.2219228064394029,-0.3554120201969512,True,-0.25642617678666385
2023-12-23 00:00:00+00:00,1.0,1.0,0.0,7.0,0.0,0.0,0.0,0.0,-0.0250398893746535,0.3021562398693136,-0.2904021541789712,-0.0306434428915612,-0.2219228064394029,-0.3554120201969512,True,-0.20079157200366918
2023-12-24 00:00:00+00:00,1.0,1.0,1.0,4.0,0.0,0.0,0.0,1.0,-0.0250398893746535,0.3021562398693136,1.214550564394625,-0.0311008380361108,-0.2219228064394029,3.4536583104494114,True,1.068898538211785
2023-12-25 00:00:00+00:00,0.0,0.0,0.0,0.0,0.0,0.0,0.0,0.0,-0.1919437037236376,-0.3585541805689027,-0.2904021541789712,-0.0317106982288437,-0.2219228064394029,-0.3554120201969512,True,-0.25642617678666385
2023-12-26 00:00:00+00:00,0.0,0.0,0.0,0.0,0.0,0.0,0.0,0.0,-0.1919437037236376,-0.3585541805689027,-0.2904021541789712,-0.0317106982288437,-0.2219228064394029,-0.3554120201969512,True,-0.25642617678666385
2023-12-27 00:00:00+00:00,0.0,0.0,0.0,0.0,0.0,0.0,0.0,0.0,-0.1919437037236376,-0.3585541805689027,-0.2904021541789712,-0.0317106982288437,-0.2219228064394029,-0.3554120201969512,True,-0.25642617678666385
2023-12-28 00:00:00+00:00,0.0,0.0,0.0,0.0,0.0,0.0,0.0,0.0,-0.1919437037236376,-0.3585541805689027,-0.2904021541789712,-0.0317106982288437,-0.2219228064394029,-0.3554120201969512,True,-0.25642617678666385
2023-12-29 00:00:00+00:00,0.0,0.0,0.0,0.0,0.0,0.0,0.0,0.0,-0.1919437037236376,-0.3585541805689027,-0.2904021541789712,-0.0317106982288437,-0.2219228064394029,-0.3554120201969512,True,-0.25642617678666385
2023-12-30 00:00:00+00:00,0.0,0.0,0.0,0.0,0.0,0.0,0.0,0.0,-0.1919437037236376,-0.3585541805689027,-0.2904021541789712,-0.0317106982288437,-0.2219228064394029,-0.3554120201969512,True,-0.25642617678666385
2023-12-31 00:00:00+00:00,0.0,0.0,0.0,0.0,0.0,0.0,0.0,0.0,-0.1919437037236376,-0.3585541805689027,-0.2904021541789712,-0.0317106982288437,-0.2219228064394029,-0.3554120201969512,True,-0.25642617678666385
2024-01-01 00:00:00+00:00,0.0,0.0,0.0,0.0,0.0,0.0,0.0,0.0,-0.1919437037236376,-0.3585541805689027,-0.2904021541789712,-0.0317106982288437,-0.2219228064394029,-0.3554120201969512,True,-0.25642617678666385
2024-01-02 00:00:00+00:00,0.0,0.0,0.0,0.0,0.0,0.0,0.0,0.0,-0.1919437037236376,-0.3585541805689027,-0.2904021541789712,-0.0317106982288437,-0.2219228064394029,-0.3554120201969512,True,-0.25642617678666385
2024-01-03 00:00:00+00:00,0.0,0.0,0.0,0.0,0.0,0.0,0.0,0.0,-0.1919437037236376,-0.3585541805689027,-0.2904021541789712,-0.0317106982288437,-0.2219228064394029,-0.3554120201969512,True,-0.25642617678666385
2024-01-04 00:00:00+00:00,0.0,0.0,0.0,0.0,0.0,0.0,0.0,0.0,-0.1919437037236376,-0.3585541805689027,-0.2904021541789712,-0.0317106982288437,-0.2219228064394029,-0.3554120201969512,True,-0.25642617678666385
2024-01-05 00:00:00+00:00,1.0,1.0,0.0,0.0,0.0,1.0,0.0,0.0,-0.0250398893746535,0.3021562398693136,-0.2904021541789712,-0.0317106982288437,-0.2219228064394029,-0.3554120201969512,True,-0.20079157200366918
2024-01-06 00:00:00+00:00,1.0,1.0,0.0,1340.0,0.0,0.0,0.0,0.0,-0.0250398893746535,0.3021562398693136,-0.2904021541789712,0.1725924663366702,-0.2219228064394029,-0.3554120201969512,True,-0.20079157200366918
2024-01-07 00:00:00+00:00,4.0,1.0,1.0,109.0,0.0,0.0,0.0,1.0,0.4756715536722986,0.3021562398693136,1.214550564394625,-0.0150920079768728,-0.2219228064394029,3.4536583104494114,True,1.2358023525607689
2024-01-08 00:00:00+00:00,0.0,0.0,0.0,0.0,0.0,0.0,0.0,0.0,-0.1919437037236376,-0.3585541805689027,-0.2904021541789712,-0.0317106982288437,-0.2219228064394029,-0.3554120201969512,True,-0.25642617678666385
2024-01-09 00:00:00+00:00,6.0,2.0,0.0,522.1666666666666,0.0,0.0,0.0,0.0,0.8094791823702667,0.96286666030753,-0.2904021541789712,0.0479014677641606,-0.2219228064394029,-0.3554120201969512,True,0.07738145191130423
2024-01-10 00:00:00+00:00,10.0,4.0,2.0,193.9,0.0,0.0,0.0,0.5,1.477094439766203,2.2842875011839627,2.7195032829682213,-0.0021477253861175,-0.2219228064394029,1.54912314512623,True,0.9347649261510099
2024-01-11 00:00:00+00:00,1.0,1.0,1.0,4.0,0.0,0.0,0.0,1.0,-0.0250398893746535,0.3021562398693136,1.214550564394625,-0.0311008380361108,-0.2219228064394029,3.4536583104494114,True,1.068898538211785
2024-01-12 00:00:00+00:00,1.0,1.0,1.0,266.0,0.0,0.0,0.0,1.0,-0.0250398893746535,0.3021562398693136,1.214550564394625,0.0088450045878925,-0.2219228064394029,3.4536583104494114,True,1.068898538211785
2024-01-13 00:00:00+00:00,0.0,0.0,0.0,0.0,0.0,0.0,0.0,0.0,-0.1919437037236376,-0.3585541805689027,-0.2904021541789712,-0.0317106982288437,-0.2219228064394029,-0.3554120201969512,True,-0.25642617678666385
2024-01-14 00:00:00+00:00,0.0,0.0,0.0,0.0,0.0,0.0,0.0,0.0,-0.1919437037236376,-0.3585541805689027,-0.2904021541789712,-0.0317106982288437,-0.2219228064394029,-0.3554120201969512,True,-0.25642617678666385
2024-01-15 00:00:00+00:00,0.0,0.0,0.0,0.0,0.0,0.0,0.0,0.0,-0.1919437037236376,-0.3585541805689027,-0.2904021541789712,-0.0317106982288437,-0.2219228064394029,-0.3554120201969512,True,-0.25642617678666385
2024-01-16 00:00:00+00:00,1.0,1.0,0.0,0.0,0.0,1.0,0.0,0.0,-0.0250398893746535,0.3021562398693136,-0.2904021541789712,-0.0317106982288437,-0.2219228064394029,-0.3554120201969512,True,-0.20079157200366918
2024-01-17 00:00:00+00:00,0.0,0.0,0.0,0.0,0.0,0.0,0.0,0.0,-0.1919437037236376,-0.3585541805689027,-0.2904021541789712,-0.0317106982288437,-0.2219228064394029,-0.3554120201969512,True,-0.25642617678666385
2024-01-18 00:00:00+00:00,0.0,0.0,0.0,0.0,0.0,0.0,0.0,0.0,-0.1919437037236376,-0.3585541805689027,-0.2904021541789712,-0.0317106982288437,-0.2219228064394029,-0.3554120201969512,True,-0.25642617678666385
2024-01-19 00:00:00+00:00,0.0,0.0,0.0,0.0,0.0,0.0,0.0,0.0,-0.1919437037236376,-0.3585541805689027,-0.2904021541789712,-0.0317106982288437,-0.2219228064394029,-0.3554120201969512,True,-0.25642617678666385
2024-01-20 00:00:00+00:00,0.0,0.0,0.0,0.0,0.0,0.0,0.0,0.0,-0.1919437037236376,-0.3585541805689027,-0.2904021541789712,-0.0317106982288437,-0.2219228064394029,-0.3554120201969512,True,-0.25642617678666385
2024-01-21 00:00:00+00:00,0.0,0.0,0.0,0.0,0.0,0.0,0.0,0.0,-0.1919437037236376,-0.3585541805689027,-0.2904021541789712,-0.0317106982288437,-0.2219228064394029,-0.3554120201969512,True,-0.25642617678666385
2024-01-22 00:00:00+00:00,0.0,0.0,0.0,0.0,0.0,0.0,0.0,0.0,-0.1919437037236376,-0.3585541805689027,-0.2904021541789712,-0.0317106982288437,-0.2219228064394029,-0.3554120201969512,True,-0.25642617678666385
2024-01-23 00:00:00+00:00,0.0,0.0,0.0,0.0,0.0,0.0,0.0,0.0,-0.1919437037236376,-0.3585541805689027,-0.2904021541789712,-0.0317106982288437,-0.2219228064394029,-0.3554120201969512,True,-0.25642617678666385
2024-01-24 00:00:00+00:00,0.0,0.0,0.0,0.0,0.0,0.0,0.0,0.0,-0.1919437037236376,-0.3585541805689027,-0.2904021541789712,-0.0317106982288437,-0.2219228064394029,-0.3554120201969512,True,-0.25642617678666385
2024-01-25 00:00:00+00:00,0.0,0.0,0.0,0.0,0.0,0.0,0.0,0.0,-0.1919437037236376,-0.3585541805689027,-0.2904021541789712,-0.0317106982288437,-0.2219228064394029,-0.3554120201969512,True,-0.25642617678666385
2024-01-26 00:00:00+00:00,1.0,1.0,0.0,8.0,0.0,0.0,0.0,0.0,-0.0250398893746535,0.3021562398693136,-0.2904021541789712,-0.030490977843378,-0.2219228064394029,-0.3554120201969512,True,-0.20079157200366918
2024-01-27 00:00:00+00:00,0.0,0.0,0.0,0.0,0.0,0.0,0.0,0.0,-0.1919437037236376,-0.3585541805689027,-0.2904021541789712,-0.0317106982288437,-0.2219228064394029,-0.3554120201969512,True,-0.25642617678666385
2024-01-28 00:00:00+00:00,0.0,0.0,0.0,0.0,0.0,0.0,0.0,0.0,-0.1919437037236376,-0.3585541805689027,-0.2904021541789712,-0.0317106982288437,-0.2219228064394029,-0.3554120201969512,True,-0.25642617678666385
2024-01-29 00:00:00+00:00,0.0,0.0,0.0,0.0,0.0,0.0,0.0,0.0,-0.1919437037236376,-0.3585541805689027,-0.2904021541789712,-0.0317106982288437,-0.2219228064394029,-0.3554120201969512,True,-0.25642617678666385
2024-01-30 00:00:00+00:00,0.0,0.0,0.0,0.0,0.0,0.0,0.0,0.0,-0.1919437037236376,-0.3585541805689027,-0.2904021541789712,-0.0317106982288437,-0.2219228064394029,-0.3554120201969512,True,-0.25642617678666385
2024-01-31 00:00:00+00:00,0.0,0.0,0.0,0.0,0.0,0.0,0.0,0.0,-0.1919437037236376,-0.3585541805689027,-0.2904021541789712,-0.0317106982288437,-0.2219228064394029,-0.3554120201969512,True,-0.25642617678666385
2024-02-01 00:00:00+00:00,0.0,0.0,0.0,0.0,0.0,0.0,0.0,0.0,-0.1919437037236376,-0.3585541805689027,-0.2904021541789712,-0.0317106982288437,-0.2219228064394029,-0.3554120201969512,True,-0.25642617678666385
2024-02-02 00:00:00+00:00,0.0,0.0,0.0,0.0,0.0,0.0,0.0,0.0,-0.1919437037236376,-0.3585541805689027,-0.2904021541789712,-0.0317106982288437,-0.2219228064394029,-0.3554120201969512,True,-0.25642617678666385
2024-02-03 00:00:00+00:00,0.0,0.0,0.0,0.0,0.0,0.0,0.0,0.0,-0.1919437037236376,-0.3585541805689027,-0.2904021541789712,-0.0317106982288437,-0.2219228064394029,-0.3554120201969512,True,-0.25642617678666385
2024-02-04 00:00:00+00:00,1.0,1.0,0.0,0.0,0.0,1.0,0.0,0.0,-0.0250398893746535,0.3021562398693136,-0.2904021541789712,-0.0317106982288437,-0.2219228064394029,-0.3554120201969512,True,-0.20079157200366918
2024-02-05 00:00:00+00:00,1.0,1.0,1.0,0.0,0.0,1.0,0.0,1.0,-0.0250398893746535,0.3021562398693136,1.214550564394625,-0.0317106982288437,-0.2219228064394029,3.4536583104494114,True,1.068898538211785
2024-02-06 00:00:00+00:00,3.0,2.0,0.0,532.0,0.6666666666666666,0.0,0.0,0.0,0.3087677393233145,0.96286666030753,-0.2904021541789712,0.0494007074046289,5.794616481366673,-0.3554120201969512,True,1.9159907334976787
2024-02-07 00:00:00+00:00,0.0,0.0,0.0,0.0,0.0,0.0,0.0,0.0,-0.1919437037236376,-0.3585541805689027,-0.2904021541789712,-0.0317106982288437,-0.2219228064394029,-0.3554120201969512,True,-0.25642617678666385
2024-02-08 00:00:00+00:00,0.0,0.0,0.0,0.0,0.0,0.0,0.0,0.0,-0.1919437037236376,-0.3585541805689027,-0.2904021541789712,-0.0317106982288437,-0.2219228064394029,-0.3554120201969512,True,-0.25642617678666385
2024-02-09 00:00:00+00:00,0.0,0.0,0.0,0.0,0.0,0.0,0.0,0.0,-0.1919437037236376,-0.3585541805689027,-0.2904021541789712,-0.0317106982288437,-0.2219228064394029,-0.3554120201969512,True,-0.25642617678666385
2024-02-10 00:00:00+00:00,0.0,0.0,0.0,0.0,0.0,0.0,0.0,0.0,-0.1919437037236376,-0.3585541805689027,-0.2904021541789712,-0.0317106982288437,-0.2219228064394029,-0.3554120201969512,True,-0.25642617678666385
2024-02-11 00:00:00+00:00,0.0,0.0,0.0,0.0,0.0,0.0,0.0,0.0,-0.1919437037236376,-0.3585541805689027,-0.2904021541789712,-0.0317106982288437,-0.2219228064394029,-0.3554120201969512,True,-0.25642617678666385
2024-02-12 00:00:00+00:00,0.0,0.0,0.0,0.0,0.0,0.0,0.0,0.0,-0.1919437037236376,-0.3585541805689027,-0.2904021541789712,-0.0317106982288437,-0.2219228064394029,-0.3554120201969512,True,-0.25642617678666385
2024-02-13 00:00:00+00:00,1.0,1.0,1.0,0.0,0.0,1.0,0.0,1.0,-0.0250398893746535,0.3021562398693136,1.214550564394625,-0.0317106982288437,-0.2219228064394029,3.4536583104494114,True,1.068898538211785
2024-02-14 00:00:00+00:00,0.0,0.0,0.0,0.0,0.0,0.0,0.0,0.0,-0.1919437037236376,-0.3585541805689027,-0.2904021541789712,-0.0317106982288437,-0.2219228064394029,-0.3554120201969512,True,-0.25642617678666385
2024-02-15 00:00:00+00:00,0.0,0.0,0.0,0.0,0.0,0.0,0.0,0.0,-0.1919437037236376,-0.3585541805689027,-0.2904021541789712,-0.0317106982288437,-0.2219228064394029,-0.3554120201969512,True,-0.25642617678666385
2024-02-16 00:00:00+00:00,0.0,0.0,0.0,0.0,0.0,0.0,0.0,0.0,-0.1919437037236376,-0.3585541805689027,-0.2904021541789712,-0.0317106982288437,-0.2219228064394029,-0.3554120201969512,True,-0.25642617678666385
2024-02-17 00:00:00+00:00,1.0,1.0,0.0,474.0,0.0,0.0,0.0,0.0,-0.0250398893746535,0.3021562398693136,-0.2904021541789712,0.0405577346100022,-0.2219228064394029,-0.3554120201969512,True,-0.20079157200366918
2024-02-18 00:00:00+00:00,0.0,0.0,0.0,0.0,0.0,0.0,0.0,0.0,-0.1919437037236376,-0.3585541805689027,-0.2904021541789712,-0.0317106982288437,-0.2219228064394029,-0.3554120201969512,True,-0.25642617678666385
2024-02-19 00:00:00+00:00,1.0,1.0,1.0,25.0,0.0,0.0,0.0,1.0,-0.0250398893746535,0.3021562398693136,1.214550564394625,-0.0278990720242632,-0.2219228064394029,3.4536583104494114,True,1.068898538211785
2024-02-20 00:00:00+00:00,0.0,0.0,0.0,0.0,0.0,0.0,0.0,0.0,-0.1919437037236376,-0.3585541805689027,-0.2904021541789712,-0.0317106982288437,-0.2219228064394029,-0.3554120201969512,True,-0.25642617678666385
2024-02-21 00:00:00+00:00,0.0,0.0,0.0,0.0,0.0,0.0,0.0,0.0,-0.1919437037236376,-0.3585541805689027,-0.2904021541789712,-0.0317106982288437,-0.2219228064394029,-0.3554120201969512,True,-0.25642617678666385
2024-02-22 00:00:00+00:00,2.0,2.0,1.0,1.0,0.0,0.0,0.0,0.5,0.1418639249743304,0.96286666030753,1.214550564394625,-0.0315582331806605,-0.2219228064394029,1.54912314512623,True,0.4896880878870525
2024-02-23 00:00:00+00:00,0.0,0.0,0.0,0.0,0.0,0.0,0.0,0.0,-0.1919437037236376,-0.3585541805689027,-0.2904021541789712,-0.0317106982288437,-0.2219228064394029,-0.3554120201969512,True,-0.25642617678666385
2024-02-24 00:00:00+00:00,1.0,1.0,1.0,39.0,0.0,0.0,0.0,1.0,-0.0250398893746535,0.3021562398693136,1.214550564394625,-0.0257645613496982,-0.2219228064394029,3.4536583104494114,True,1.068898538211785
2024-02-25 00:00:00+00:00,1.0,1.0,1.0,148.0,0.0,0.0,0.0,1.0,-0.0250398893746535,0.3021562398693136,1.214550564394625,-0.0091458710977272,-0.2219228064394029,3.4536583104494114,True,1.068898538211785
2024-02-26 00:00:00+00:00,9.0,3.0,1.0,283.25,0.0,0.1111111111111111,0.0,0.3333333333333333,1.3101906254172189,1.6235770807457464,1.214550564394625,0.0114750266690531,-0.2219228064394029,0.9142780900185028,True,0.6675153029987729
2024-02-27 00:00:00+00:00,23.0,3.0,1.0,568.7391304347826,0.1304347826086956,0.0,0.0,0.3333333333333333,3.646844026302996,1.6235770807457464,1.214550564394625,0.0550021406965776,0.9552261846530898,0.9142780900185028,True,1.8387827669915293
2024-02-28 00:00:00+00:00,3.0,2.0,0.0,1265.3333333333333,0.6666666666666666,0.0,0.0,0.0,0.3087677393233145,0.96286666030753,-0.2904021541789712,0.1612084094056564,5.794616481366673,-0.3554120201969512,True,1.9159907334976787
2024-02-29 00:00:00+00:00,16.0,3.0,1.0,484.125,0.0,0.0,0.0,0.3333333333333333,2.478517325860107,1.6235770807457464,1.214550564394625,0.0421014432228573,-0.2219228064394029,0.9142780900185028,True,1.0569575364797357
2024-03-01 00:00:00+00:00,5.0,2.0,0.0,1090.2,0.0,0.0,0.0,0.0,0.6425753680212826,0.96286666030753,-0.2904021541789712,0.134506697300502,-0.2219228064394029,-0.3554120201969512,True,0.021746847128309505
2024-03-02 00:00:00+00:00,2.0,1.0,0.0,46.0,0.0,0.0,0.0,0.0,0.1418639249743304,0.3021562398693136,-0.2904021541789712,-0.0246973060124156,-0.2219228064394029,-0.3554120201969512,True,-0.14515696722067456
2024-03-03 00:00:00+00:00,2.0,2.0,1.0,524.0,0.0,0.0,0.0,0.5,0.1418639249743304,0.96286666030753,1.214550564394625,0.0481809870191632,-0.2219228064394029,1.54912314512623,True,0.4896880878870525
2024-03-04 00:00:00+00:00,4.0,4.0,2.0,344.0,0.0,0.0,0.0,0.5,0.4756715536722986,2.2842875011839627,2.7195032829682213,0.0207372783461837,-0.2219228064394029,1.54912314512623,True,0.6009572974530418
2024-03-05 00:00:00+00:00,12.0,4.0,1.0,63.0,0.0833333333333333,0.0,0.0,0.25,1.810902068464171,2.2842875011839627,1.214550564394625,-0.0221054001933009,0.5301446045363564,0.5968555624646393,True,0.9793007451550556
2024-03-06 00:00:00+00:00,1.0,1.0,1.0,107.0,0.0,0.0,0.0,1.0,-0.0250398893746535,0.3021562398693136,1.214550564394625,-0.0153969380732392,-0.2219228064394029,3.4536583104494114,True,1.068898538211785
2024-03-07 00:00:00+00:00,1.0,1.0,0.0,0.0,0.0,1.0,0.0,0.0,-0.0250398893746535,0.3021562398693136,-0.2904021541789712,-0.0317106982288437,-0.2219228064394029,-0.3554120201969512,True,-0.20079157200366918
2024-03-08 00:00:00+00:00,1.0,1.0,1.0,49.0,0.0,0.0,0.0,1.0,-0.0250398893746535,0.3021562398693136,1.214550564394625,-0.024239910867866,-0.2219228064394029,3.4536583104494114,True,1.068898538211785
2024-03-09 00:00:00+00:00,0.0,0.0,0.0,0.0,0.0,0.0,0.0,0.0,-0.1919437037236376,-0.3585541805689027,-0.2904021541789712,-0.0317106982288437,-0.2219228064394029,-0.3554120201969512,True,-0.25642617678666385
2024-03-10 00:00:00+00:00,0.0,0.0,0.0,0.0,0.0,0.0,0.0,0.0,-0.1919437037236376,-0.3585541805689027,-0.2904021541789712,-0.0317106982288437,-0.2219228064394029,-0.3554120201969512,True,-0.25642617678666385
2024-03-11 00:00:00+00:00,2.0,2.0,1.0,8.0,0.0,0.5,0.0,0.5,0.1418639249743304,0.96286666030753,1.214550564394625,-0.030490977843378,-0.2219228064394029,1.54912314512623,True,0.4896880878870525
2024-03-12 00:00:00+00:00,0.0,0.0,0.0,0.0,0.0,0.0,0.0,0.0,-0.1919437037236376,-0.3585541805689027,-0.2904021541789712,-0.0317106982288437,-0.2219228064394029,-0.3554120201969512,True,-0.25642617678666385
2024-03-13 00:00:00+00:00,0.0,0.0,0.0,0.0,0.0,0.0,0.0,0.0,-0.1919437037236376,-0.3585541805689027,-0.2904021541789712,-0.0317106982288437,-0.2219228064394029,-0.3554120201969512,True,-0.25642617678666385
2024-03-14 00:00:00+00:00,1.0,1.0,1.0,27.0,0.0,0.0,0.0,1.0,-0.0250398893746535,0.3021562398693136,1.214550564394625,-0.0275941419278968,-0.2219228064394029,3.4536583104494114,True,1.068898538211785
2024-03-15 00:00:00+00:00,0.0,0.0,0.0,0.0,0.0,0.0,0.0,0.0,-0.1919437037236376,-0.3585541805689027,-0.2904021541789712,-0.0317106982288437,-0.2219228064394029,-0.3554120201969512,True,-0.25642617678666385
2024-03-16 00:00:00+00:00,0.0,0.0,0.0,0.0,0.0,0.0,0.0,0.0,-0.1919437037236376,-0.3585541805689027,-0.2904021541789712,-0.0317106982288437,-0.2219228064394029,-0.3554120201969512,True,-0.25642617678666385
2024-03-17 00:00:00+00:00,0.0,0.0,0.0,0.0,0.0,0.0,0.0,0.0,-0.1919437037236376,-0.3585541805689027,-0.2904021541789712,-0.0317106982288437,-0.2219228064394029,-0.3554120201969512,True,-0.25642617678666385
2024-03-18 00:00:00+00:00,0.0,0.0,0.0,0.0,0.0,0.0,0.0,0.0,-0.1919437037236376,-0.3585541805689027,-0.2904021541789712,-0.0317106982288437,-0.2219228064394029,-0.3554120201969512,True,-0.25642617678666385
2024-03-19 00:00:00+00:00,1.0,1.0,0.0,10.0,0.0,0.0,0.0,0.0,-0.0250398893746535,0.3021562398693136,-0.2904021541789712,-0.0301860477470115,-0.2219228064394029,-0.3554120201969512,True,-0.20079157200366918
2024-03-20 00:00:00+00:00,0.0,0.0,0.0,0.0,0.0,0.0,0.0,0.0,-0.1919437037236376,-0.3585541805689027,-0.2904021541789712,-0.0317106982288437,-0.2219228064394029,-0.3554120201969512,True,-0.25642617678666385
2024-03-21 00:00:00+00:00,0.0,0.0,0.0,0.0,0.0,0.0,0.0,0.0,-0.1919437037236376,-0.3585541805689027,-0.2904021541789712,-0.0317106982288437,-0.2219228064394029,-0.3554120201969512,True,-0.25642617678666385
2024-03-22 00:00:00+00:00,0.0,0.0,0.0,0.0,0.0,0.0,0.0,0.0,-0.1919437037236376,-0.3585541805689027,-0.2904021541789712,-0.0317106982288437,-0.2219228064394029,-0.3554120201969512,True,-0.25642617678666385
2024-03-23 00:00:00+00:00,0.0,0.0,0.0,0.0,0.0,0.0,0.0,0.0,-0.1919437037236376,-0.3585541805689027,-0.2904021541789712,-0.0317106982288437,-0.2219228064394029,-0.3554120201969512,True,-0.25642617678666385
2024-03-24 00:00:00+00:00,1.0,1.0,1.0,3.0,0.0,0.0,0.0,1.0,-0.0250398893746535,0.3021562398693136,1.214550564394625,-0.031253303084294,-0.2219228064394029,3.4536583104494114,True,1.068898538211785
2024-03-25 00:00:00+00:00,0.0,0.0,0.0,0.0,0.0,0.0,0.0,0.0,-0.1919437037236376,-0.3585541805689027,-0.2904021541789712,-0.0317106982288437,-0.2219228064394029,-0.3554120201969512,True,-0.25642617678666385
2024-03-26 00:00:00+00:00,3.0,3.0,1.0,27.0,0.3333333333333333,0.3333333333333333,0.0,0.3333333333333333,0.3087677393233145,1.6235770807457464,1.214550564394625,-0.0275941419278968,2.786346837463636,0.9142780900185028,True,1.3364642222684846
2024-03-27 00:00:00+00:00,0.0,0.0,0.0,0.0,0.0,0.0,0.0,0.0,-0.1919437037236376,-0.3585541805689027,-0.2904021541789712,-0.0317106982288437,-0.2219228064394029,-0.3554120201969512,True,-0.25642617678666385
2024-03-28 00:00:00+00:00,0.0,0.0,0.0,0.0,0.0,0.0,0.0,0.0,-0.1919437037236376,-0.3585541805689027,-0.2904021541789712,-0.0317106982288437,-0.2219228064394029,-0.3554120201969512,True,-0.25642617678666385
2024-03-29 00:00:00+00:00,0.0,0.0,0.0,0.0,0.0,0.0,0.0,0.0,-0.1919437037236376,-0.3585541805689027,-0.2904021541789712,-0.0317106982288437,-0.2219228064394029,-0.3554120201969512,True,-0.25642617678666385
2024-03-30 00:00:00+00:00,1.0,1.0,1.0,16.0,0.0,0.0,0.0,1.0,-0.0250398893746535,0.3021562398693136,1.214550564394625,-0.0292712574579122,-0.2219228064394029,3.4536583104494114,True,1.068898538211785
2024-03-31 00:00:00+00:00,0.0,0.0,0.0,0.0,0.0,0.0,0.0,0.0,-0.1919437037236376,-0.3585541805689027,-0.2904021541789712,-0.0317106982288437,-0.2219228064394029,-0.3554120201969512,True,-0.25642617678666385
2024-04-01 00:00:00+00:00,0.0,0.0,0.0,0.0,0.0,0.0,0.0,0.0,-0.1919437037236376,-0.3585541805689027,-0.2904021541789712,-0.0317106982288437,-0.2219228064394029,-0.3554120201969512,True,-0.25642617678666385
2024-04-02 00:00:00+00:00,0.0,0.0,0.0,0.0,0.0,0.0,0.0,0.0,-0.1919437037236376,-0.3585541805689027,-0.2904021541789712,-0.0317106982288437,-0.2219228064394029,-0.3554120201969512,True,-0.25642617678666385
2024-04-03 00:00:00+00:00,6.0,3.0,0.0,651.5,0.1666666666666666,0.0,0.0,0.0,0.8094791823702667,1.6235770807457464,-0.2904021541789712,0.0676202806625236,1.2822120155121155,-0.3554120201969512,True,0.5787597258951438
2024-04-04 00:00:00+00:00,0.0,0.0,0.0,0.0,0.0,0.0,0.0,0.0,-0.1919437037236376,-0.3585541805689027,-0.2904021541789712,-0.0317106982288437,-0.2219228064394029,-0.3554120201969512,True,-0.25642617678666385
2024-04-05 00:00:00+00:00,0.0,0.0,0.0,0.0,0.0,0.0,0.0,0.0,-0.1919437037236376,-0.3585541805689027,-0.2904021541789712,-0.0317106982288437,-0.2219228064394029,-0.3554120201969512,True,-0.25642617678666385
2024-04-06 00:00:00+00:00,0.0,0.0,0.0,0.0,0.0,0.0,0.0,0.0,-0.1919437037236376,-0.3585541805689027,-0.2904021541789712,-0.0317106982288437,-0.2219228064394029,-0.3554120201969512,True,-0.25642617678666385
2024-04-07 00:00:00+00:00,0.0,0.0,0.0,0.0,0.0,0.0,0.0,0.0,-0.1919437037236376,-0.3585541805689027,-0.2904021541789712,-0.0317106982288437,-0.2219228064394029,-0.3554120201969512,True,-0.25642617678666385
2024-04-08 00:00:00+00:00,0.0,0.0,0.0,0.0,0.0,0.0,0.0,0.0,-0.1919437037236376,-0.3585541805689027,-0.2904021541789712,-0.0317106982288437,-0.2219228064394029,-0.3554120201969512,True,-0.25642617678666385
2024-04-09 00:00:00+00:00,0.0,0.0,0.0,0.0,0.0,0.0,0.0,0.0,-0.1919437037236376,-0.3585541805689027,-0.2904021541789712,-0.0317106982288437,-0.2219228064394029,-0.3554120201969512,True,-0.25642617678666385
2024-04-10 00:00:00+00:00,3.0,2.0,0.0,364.6666666666667,0.3333333333333333,0.0,0.0,0.0,0.3087677393233145,0.96286666030753,-0.2904021541789712,0.0238882226753035,2.786346837463636,-0.3554120201969512,True,0.9132341855299999
2024-04-11 00:00:00+00:00,0.0,0.0,0.0,0.0,0.0,0.0,0.0,0.0,-0.1919437037236376,-0.3585541805689027,-0.2904021541789712,-0.0317106982288437,-0.2219228064394029,-0.3554120201969512,True,-0.25642617678666385
2024-04-12 00:00:00+00:00,0.0,0.0,0.0,0.0,0.0,0.0,0.0,0.0,-0.1919437037236376,-0.3585541805689027,-0.2904021541789712,-0.0317106982288437,-0.2219228064394029,-0.3554120201969512,True,-0.25642617678666385
2024-04-13 00:00:00+00:00,0.0,0.0,0.0,0.0,0.0,0.0,0.0,0.0,-0.1919437037236376,-0.3585541805689027,-0.2904021541789712,-0.0317106982288437,-0.2219228064394029,-0.3554120201969512,True,-0.25642617678666385
2024-04-14 00:00:00+00:00,3.0,3.0,2.0,53.66666666666666,0.3333333333333333,0.0,0.0,0.6666666666666666,0.3087677393233145,1.6235770807457464,2.7195032829682213,-0.0235284073096776,2.786346837463636,2.183968200233957,True,1.7596942590069693
2024-04-15 00:00:00+00:00,0.0,0.0,0.0,0.0,0.0,0.0,0.0,0.0,-0.1919437037236376,-0.3585541805689027,-0.2904021541789712,-0.0317106982288437,-0.2219228064394029,-0.3554120201969512,True,-0.25642617678666385
2024-04-16 00:00:00+00:00,0.0,0.0,0.0,0.0,0.0,0.0,0.0,0.0,-0.1919437037236376,-0.3585541805689027,-0.2904021541789712,-0.0317106982288437,-0.2219228064394029,-0.3554120201969512,True,-0.25642617678666385
2024-04-17 00:00:00+00:00,2.0,2.0,2.0,237.0,0.5,0.0,0.0,1.0,0.1418639249743304,0.96286666030753,2.7195032829682213,0.0044235181905792,4.290481659415155,3.4536583104494114,True,2.628667964946299
2024-04-18 00:00:00+00:00,2.0,2.0,1.0,287915.0,0.5,0.0,0.0,0.5,0.1418639249743304,0.96286666030753,1.214550564394625,43.86526364944277,4.290481659415155,1.54912314512623,True,1.993822909838572
2024-04-19 00:00:00+00:00,0.0,0.0,0.0,0.0,0.0,0.0,0.0,0.0,-0.1919437037236376,-0.3585541805689027,-0.2904021541789712,-0.0317106982288437,-0.2219228064394029,-0.3554120201969512,True,-0.25642617678666385
2024-04-20 00:00:00+00:00,0.0,0.0,0.0,0.0,0.0,0.0,0.0,0.0,-0.1919437037236376,-0.3585541805689027,-0.2904021541789712,-0.0317106982288437,-0.2219228064394029,-0.3554120201969512,True,-0.25642617678666385
2024-04-21 00:00:00+00:00,0.0,0.0,0.0,0.0,0.0,0.0,0.0,0.0,-0.1919437037236376,-0.3585541805689027,-0.2904021541789712,-0.0317106982288437,-0.2219228064394029,-0.3554120201969512,True,-0.25642617678666385
2024-04-22 00:00:00+00:00,0.0,0.0,0.0,0.0,0.0,0.0,0.0,0.0,-0.1919437037236376,-0.3585541805689027,-0.2904021541789712,-0.0317106982288437,-0.2219228064394029,-0.3554120201969512,True,-0.25642617678666385
2024-04-23 00:00:00+00:00,1.0,1.0,1.0,1.0,0.0,0.0,0.0,1.0,-0.0250398893746535,0.3021562398693136,1.214550564394625,-0.0315582331806605,-0.2219228064394029,3.4536583104494114,True,1.068898538211785
2024-04-24 00:00:00+00:00,4.0,4.0,1.0,28.666666666666668,0.0,0.25,0.0,0.25,0.4756715536722986,2.2842875011839627,1.214550564394625,-0.0273400335142581,-0.2219228064394029,0.5968555624646393,True,0.2835347698991783
2024-04-25 00:00:00+00:00,0.0,0.0,0.0,0.0,0.0,0.0,0.0,0.0,-0.1919437037236376,-0.3585541805689027,-0.2904021541789712,-0.0317106982288437,-0.2219228064394029,-0.3554120201969512,True,-0.25642617678666385
2024-04-26 00:00:00+00:00,1.0,1.0,0.0,0.0,0.0,1.0,0.0,0.0,-0.0250398893746535,0.3021562398693136,-0.2904021541789712,-0.0317106982288437,-0.2219228064394029,-0.3554120201969512,True,-0.20079157200366918
2024-04-27 00:00:00+00:00,0.0,0.0,0.0,0.0,0.0,0.0,0.0,0.0,-0.1919437037236376,-0.3585541805689027,-0.2904021541789712,-0.0317106982288437,-0.2219228064394029,-0.3554120201969512,True,-0.25642617678666385
2024-04-28 00:00:00+00:00,0.0,0.0,0.0,0.0,0.0,0.0,0.0,0.0,-0.1919437037236376,-0.3585541805689027,-0.2904021541789712,-0.0317106982288437,-0.2219228064394029,-0.3554120201969512,True,-0.25642617678666385
2024-04-29 00:00:00+00:00,0.0,0.0,0.0,0.0,0.0,0.0,0.0,0.0,-0.1919437037236376,-0.3585541805689027,-0.2904021541789712,-0.0317106982288437,-0.2219228064394029,-0.3554120201969512,True,-0.25642617678666385
2024-04-30 00:00:00+00:00,0.0,0.0,0.0,0.0,0.0,0.0,0.0,0.0,-0.1919437037236376,-0.3585541805689027,-0.2904021541789712,-0.0317106982288437,-0.2219228064394029,-0.3554120201969512,True,-0.25642617678666385
2024-05-01 00:00:00+00:00,0.0,0.0,0.0,0.0,0.0,0.0,0.0,0.0,-0.1919437037236376,-0.3585541805689027,-0.2904021541789712,-0.0317106982288437,-0.2219228064394029,-0.3554120201969512,True,-0.25642617678666385
2024-05-02 00:00:00+00:00,1.0,1.0,0.0,63.0,0.0,0.0,0.0,0.0,-0.0250398893746535,0.3021562398693136,-0.2904021541789712,-0.0221054001933009,-0.2219228064394029,-0.3554120201969512,True,-0.20079157200366918
2024-05-03 00:00:00+00:00,0.0,0.0,0.0,0.0,0.0,0.0,0.0,0.0,-0.1919437037236376,-0.3585541805689027,-0.2904021541789712,-0.0317106982288437,-0.2219228064394029,-0.3554120201969512,True,-0.25642617678666385
2024-05-04 00:00:00+00:00,0.0,0.0,0.0,0.0,0.0,0.0,0.0,0.0,-0.1919437037236376,-0.3585541805689027,-0.2904021541789712,-0.0317106982288437,-0.2219228064394029,-0.3554120201969512,True,-0.25642617678666385
2024-05-05 00:00:00+00:00,1.0,1.0,1.0,19.0,0.0,0.0,0.0,1.0,-0.0250398893746535,0.3021562398693136,1.214550564394625,-0.0288138623133625,-0.2219228064394029,3.4536583104494114,True,1.068898538211785
2024-05-06 00:00:00+00:00,0.0,0.0,0.0,0.0,0.0,0.0,0.0,0.0,-0.1919437037236376,-0.3585541805689027,-0.2904021541789712,-0.0317106982288437,-0.2219228064394029,-0.3554120201969512,True,-0.25642617678666385
2024-05-07 00:00:00+00:00,1.0,1.0,1.0,2.0,0.0,0.0,0.0,1.0,-0.0250398893746535,0.3021562398693136,1.214550564394625,-0.0314057681324773,-0.2219228064394029,3.4536583104494114,True,1.068898538211785
2024-05-08 00:00:00+00:00,0.0,0.0,0.0,0.0,0.0,0.0,0.0,0.0,-0.1919437037236376,-0.3585541805689027,-0.2904021541789712,-0.0317106982288437,-0.2219228064394029,-0.3554120201969512,True,-0.25642617678666385
2024-05-09 00:00:00+00:00,0.0,0.0,0.0,0.0,0.0,0.0,0.0,0.0,-0.1919437037236376,-0.3585541805689027,-0.2904021541789712,-0.0317106982288437,-0.2219228064394029,-0.3554120201969512,True,-0.25642617678666385
2024-05-10 00:00:00+00:00,0.0,0.0,0.0,0.0,0.0,0.0,0.0,0.0,-0.1919437037236376,-0.3585541805689027,-0.2904021541789712,-0.0317106982288437,-0.2219228064394029,-0.3554120201969512,True,-0.25642617678666385
2024-05-11 00:00:00+00:00,0.0,0.0,0.0,0.0,0.0,0.0,0.0,0.0,-0.1919437037236376,-0.3585541805689027,-0.2904021541789712,-0.0317106982288437,-0.2219228064394029,-0.3554120201969512,True,-0.25642617678666385
2024-05-12 00:00:00+00:00,2.0,1.0,1.0,1.0,0.0,0.0,0.0,1.0,0.1418639249743304,0.3021562398693136,1.214550564394625,-0.0315582331806605,-0.2219228064394029,3.4536583104494114,True,1.1245331429947796
2024-05-13 00:00:00+00:00,0.0,0.0,0.0,0.0,0.0,0.0,0.0,0.0,-0.1919437037236376,-0.3585541805689027,-0.2904021541789712,-0.0317106982288437,-0.2219228064394029,-0.3554120201969512,True,-0.25642617678666385
2024-05-14 00:00:00+00:00,1.0,1.0,0.0,72.0,0.0,0.0,0.0,0.0,-0.0250398893746535,0.3021562398693136,-0.2904021541789712,-0.0207332147596519,-0.2219228064394029,-0.3554120201969512,True,-0.20079157200366918
2024-05-15 00:00:00+00:00,1.0,1.0,0.0,15.0,0.0,0.0,0.0,0.0,-0.0250398893746535,0.3021562398693136,-0.2904021541789712,-0.0294237225060954,-0.2219228064394029,-0.3554120201969512,True,-0.20079157200366918
2024-05-16 00:00:00+00:00,0.0,0.0,0.0,0.0,0.0,0.0,0.0,0.0,-0.1919437037236376,-0.3585541805689027,-0.2904021541789712,-0.0317106982288437,-0.2219228064394029,-0.3554120201969512,True,-0.25642617678666385
2024-05-17 00:00:00+00:00,0.0,0.0,0.0,0.0,0.0,0.0,0.0,0.0,-0.1919437037236376,-0.3585541805689027,-0.2904021541789712,-0.0317106982288437,-0.2219228064394029,-0.3554120201969512,True,-0.25642617678666385
2024-05-18 00:00:00+00:00,0.0,0.0,0.0,0.0,0.0,0.0,0.0,0.0,-0.1919437037236376,-0.3585541805689027,-0.2904021541789712,-0.0317106982288437,-0.2219228064394029,-0.3554120201969512,True,-0.25642617678666385
2024-05-19 00:00:00+00:00,0.0,0.0,0.0,0.0,0.0,0.0,0.0,0.0,-0.1919437037236376,-0.3585541805689027,-0.2904021541789712,-0.0317106982288437,-0.2219228064394029,-0.3554120201969512,True,-0.25642617678666385
2024-05-20 00:00:00+00:00,0.0,0.0,0.0,0.0,0.0,0.0,0.0,0.0,-0.1919437037236376,-0.3585541805689027,-0.2904021541789712,-0.0317106982288437,-0.2219228064394029,-0.3554120201969512,True,-0.25642617678666385
2024-05-21 00:00:00+00:00,0.0,0.0,0.0,0.0,0.0,0.0,0.0,0.0,-0.1919437037236376,-0.3585541805689027,-0.2904021541789712,-0.0317106982288437,-0.2219228064394029,-0.3554120201969512,True,-0.25642617678666385
2024-05-22 00:00:00+00:00,0.0,0.0,0.0,0.0,0.0,0.0,0.0,0.0,-0.1919437037236376,-0.3585541805689027,-0.2904021541789712,-0.0317106982288437,-0.2219228064394029,-0.3554120201969512,True,-0.25642617678666385
2024-05-23 00:00:00+00:00,0.0,0.0,0.0,0.0,0.0,0.0,0.0,0.0,-0.1919437037236376,-0.3585541805689027,-0.2904021541789712,-0.0317106982288437,-0.2219228064394029,-0.3554120201969512,True,-0.25642617678666385
2024-05-24 00:00:00+00:00,0.0,0.0,0.0,0.0,0.0,0.0,0.0,0.0,-0.1919437037236376,-0.3585541805689027,-0.2904021541789712,-0.0317106982288437,-0.2219228064394029,-0.3554120201969512,True,-0.25642617678666385
2024-05-25 00:00:00+00:00,0.0,0.0,0.0,0.0,0.0,0.0,0.0,0.0,-0.1919437037236376,-0.3585541805689027,-0.2904021541789712,-0.0317106982288437,-0.2219228064394029,-0.3554120201969512,True,-0.25642617678666385
2024-05-26 00:00:00+00:00,0.0,0.0,0.0,0.0,0.0,0.0,0.0,0.0,-0.1919437037236376,-0.3585541805689027,-0.2904021541789712,-0.0317106982288437,-0.2219228064394029,-0.3554120201969512,True,-0.25642617678666385
2024-05-27 00:00:00+00:00,1.0,1.0,0.0,123.0,0.0,0.0,0.0,0.0,-0.0250398893746535,0.3021562398693136,-0.2904021541789712,-0.0129574973023077,-0.2219228064394029,-0.3554120201969512,True,-0.20079157200366918
2024-05-28 00:00:00+00:00,2.0,2.0,0.0,693.5,0.0,0.0,0.0,0.0,0.1418639249743304,0.96286666030753,-0.2904021541789712,0.0740238126862188,-0.2219228064394029,-0.3554120201969512,True,-0.14515696722067456
2024-05-29 00:00:00+00:00,1.0,1.0,0.0,72.0,0.0,0.0,0.0,0.0,-0.0250398893746535,0.3021562398693136,-0.2904021541789712,-0.0207332147596519,-0.2219228064394029,-0.3554120201969512,True,-0.20079157200366918
2024-05-30 00:00:00+00:00,0.0,0.0,0.0,0.0,0.0,0.0,0.0,0.0,-0.1919437037236376,-0.3585541805689027,-0.2904021541789712,-0.0317106982288437,-0.2219228064394029,-0.3554120201969512,True,-0.25642617678666385
2024-05-31 00:00:00+00:00,1.0,1.0,1.0,382.0,0.0,0.0,0.0,1.0,-0.0250398893746535,0.3021562398693136,1.214550564394625,0.026530950177146,-0.2219228064394029,3.4536583104494114,True,1.068898538211785
2024-06-01 00:00:00+00:00,0.0,0.0,0.0,0.0,0.0,0.0,0.0,0.0,-0.1919437037236376,-0.3585541805689027,-0.2904021541789712,-0.0317106982288437,-0.2219228064394029,-0.3554120201969512,True,-0.25642617678666385
2024-06-02 00:00:00+00:00,0.0,0.0,0.0,0.0,0.0,0.0,0.0,0.0,-0.1919437037236376,-0.3585541805689027,-0.2904021541789712,-0.0317106982288437,-0.2219228064394029,-0.3554120201969512,True,-0.25642617678666385
2024-06-03 00:00:00+00:00,0.0,0.0,0.0,0.0,0.0,0.0,0.0,0.0,-0.1919437037236376,-0.3585541805689027,-0.2904021541789712,-0.0317106982288437,-0.2219228064394029,-0.3554120201969512,True,-0.25642617678666385
2024-06-04 00:00:00+00:00,0.0,0.0,0.0,0.0,0.0,0.0,0.0,0.0,-0.1919437037236376,-0.3585541805689027,-0.2904021541789712,-0.0317106982288437,-0.2219228064394029,-0.3554120201969512,True,-0.25642617678666385
2024-06-05 00:00:00+00:00,0.0,0.0,0.0,0.0,0.0,0.0,0.0,0.0,-0.1919437037236376,-0.3585541805689027,-0.2904021541789712,-0.0317106982288437,-0.2219228064394029,-0.3554120201969512,True,-0.25642617678666385
2024-06-06 00:00:00+00:00,3.0,3.0,2.0,837.6666666666666,0.3333333333333333,0.0,0.0,0.6666666666666666,0.3087677393233145,1.6235770807457464,2.7195032829682213,0.0960041904659663,2.786346837463636,2.183968200233957,True,1.7596942590069693
2024-06-07 00:00:00+00:00,0.0,0.0,0.0,0.0,0.0,0.0,0.0,0.0,-0.1919437037236376,-0.3585541805689027,-0.2904021541789712,-0.0317106982288437,-0.2219228064394029,-0.3554120201969512,True,-0.25642617678666385
2024-06-08 00:00:00+00:00,0.0,0.0,0.0,0.0,0.0,0.0,0.0,0.0,-0.1919437037236376,-0.3585541805689027,-0.2904021541789712,-0.0317106982288437,-0.2219228064394029,-0.3554120201969512,True,-0.25642617678666385
2024-06-09 00:00:00+00:00,0.0,0.0,0.0,0.0,0.0,0.0,0.0,0.0,-0.1919437037236376,-0.3585541805689027,-0.2904021541789712,-0.0317106982288437,-0.2219228064394029,-0.3554120201969512,True,-0.25642617678666385
2024-06-10 00:00:00+00:00,0.0,0.0,0.0,0.0,0.0,0.0,0.0,0.0,-0.1919437037236376,-0.3585541805689027,-0.2904021541789712,-0.0317106982288437,-0.2219228064394029,-0.3554120201969512,True,-0.25642617678666385
2024-06-11 00:00:00+00:00,2.0,2.0,0.0,57.0,0.5,0.0,0.0,0.0,0.1418639249743304,0.96286666030753,-0.2904021541789712,-0.0230201904824002,4.290481659415155,-0.3554120201969512,True,1.3589778547308449
2024-06-12 00:00:00+00:00,0.0,0.0,0.0,0.0,0.0,0.0,0.0,0.0,-0.1919437037236376,-0.3585541805689027,-0.2904021541789712,-0.0317106982288437,-0.2219228064394029,-0.3554120201969512,True,-0.25642617678666385
2024-06-13 00:00:00+00:00,0.0,0.0,0.0,0.0,0.0,0.0,0.0,0.0,-0.1919437037236376,-0.3585541805689027,-0.2904021541789712,-0.0317106982288437,-0.2219228064394029,-0.3554120201969512,True,-0.25642617678666385
2024-06-14 00:00:00+00:00,0.0,0.0,0.0,0.0,0.0,0.0,0.0,0.0,-0.1919437037236376,-0.3585541805689027,-0.2904021541789712,-0.0317106982288437,-0.2219228064394029,-0.3554120201969512,True,-0.25642617678666385
2024-06-15 00:00:00+00:00,0.0,0.0,0.0,0.0,0.0,0.0,0.0,0.0,-0.1919437037236376,-0.3585541805689027,-0.2904021541789712,-0.0317106982288437,-0.2219228064394029,-0.3554120201969512,True,-0.25642617678666385
2024-06-16 00:00:00+00:00,0.0,0.0,0.0,0.0,0.0,0.0,0.0,0.0,-0.1919437037236376,-0.3585541805689027,-0.2904021541789712,-0.0317106982288437,-0.2219228064394029,-0.3554120201969512,True,-0.25642617678666385
2024-06-17 00:00:00+00:00,0.0,0.0,0.0,0.0,0.0,0.0,0.0,0.0,-0.1919437037236376,-0.3585541805689027,-0.2904021541789712,-0.0317106982288437,-0.2219228064394029,-0.3554120201969512,True,-0.25642617678666385
2024-06-18 00:00:00+00:00,0.0,0.0,0.0,0.0,0.0,0.0,0.0,0.0,-0.1919437037236376,-0.3585541805689027,-0.2904021541789712,-0.0317106982288437,-0.2219228064394029,-0.3554120201969512,True,-0.25642617678666385
2024-06-19 00:00:00+00:00,0.0,0.0,0.0,0.0,0.0,0.0,0.0,0.0,-0.1919437037236376,-0.3585541805689027,-0.2904021541789712,-0.0317106982288437,-0.2219228064394029,-0.3554120201969512,True,-0.25642617678666385
2024-06-20 00:00:00+00:00,1.0,1.0,1.0,4.0,0.0,0.0,0.0,1.0,-0.0250398893746535,0.3021562398693136,1.214550564394625,-0.0311008380361108,-0.2219228064394029,3.4536583104494114,True,1.068898538211785
2024-06-21 00:00:00+00:00,1.0,1.0,0.0,17.0,0.0,0.0,0.0,0.0,-0.0250398893746535,0.3021562398693136,-0.2904021541789712,-0.029118792409729,-0.2219228064394029,-0.3554120201969512,True,-0.20079157200366918
2024-06-22 00:00:00+00:00,0.0,0.0,0.0,0.0,0.0,0.0,0.0,0.0,-0.1919437037236376,-0.3585541805689027,-0.2904021541789712,-0.0317106982288437,-0.2219228064394029,-0.3554120201969512,True,-0.25642617678666385
2024-06-23 00:00:00+00:00,0.0,0.0,0.0,0.0,0.0,0.0,0.0,0.0,-0.1919437037236376,-0.3585541805689027,-0.2904021541789712,-0.0317106982288437,-0.2219228064394029,-0.3554120201969512,True,-0.25642617678666385
2024-06-24 00:00:00+00:00,0.0,0.0,0.0,0.0,0.0,0.0,0.0,0.0,-0.1919437037236376,-0.3585541805689027,-0.2904021541789712,-0.0317106982288437,-0.2219228064394029,-0.3554120201969512,True,-0.25642617678666385
2024-06-25 00:00:00+00:00,0.0,0.0,0.0,0.0,0.0,0.0,0.0,0.0,-0.1919437037236376,-0.3585541805689027,-0.2904021541789712,-0.0317106982288437,-0.2219228064394029,-0.3554120201969512,True,-0.25642617678666385
2024-06-26 00:00:00+00:00,0.0,0.0,0.0,0.0,0.0,0.0,0.0,0.0,-0.1919437037236376,-0.3585541805689027,-0.2904021541789712,-0.0317106982288437,-0.2219228064394029,-0.3554120201969512,True,-0.25642617678666385
2024-06-27 00:00:00+00:00,0.0,0.0,0.0,0.0,0.0,0.0,0.0,0.0,-0.1919437037236376,-0.3585541805689027,-0.2904021541789712,-0.0317106982288437,-0.2219228064394029,-0.3554120201969512,True,-0.25642617678666385
2024-06-28 00:00:00+00:00,1.0,1.0,0.0,0.0,0.0,1.0,0.0,0.0,-0.0250398893746535,0.3021562398693136,-0.2904021541789712,-0.0317106982288437,-0.2219228064394029,-0.3554120201969512,True,-0.20079157200366918
2024-06-29 00:00:00+00:00,0.0,0.0,0.0,0.0,0.0,0.0,0.0,0.0,-0.1919437037236376,-0.3585541805689027,-0.2904021541789712,-0.0317106982288437,-0.2219228064394029,-0.3554120201969512,True,-0.25642617678666385
2024-06-30 00:00:00+00:00,0.0,0.0,0.0,0.0,0.0,0.0,0.0,0.0,-0.1919437037236376,-0.3585541805689027,-0.2904021541789712,-0.0317106982288437,-0.2219228064394029,-0.3554120201969512,True,-0.25642617678666385
2024-07-01 00:00:00+00:00,0.0,0.0,0.0,0.0,0.0,0.0,0.0,0.0,-0.1919437037236376,-0.3585541805689027,-0.2904021541789712,-0.0317106982288437,-0.2219228064394029,-0.3554120201969512,True,-0.25642617678666385
2024-07-02 00:00:00+00:00,0.0,0.0,0.0,0.0,0.0,0.0,0.0,0.0,-0.1919437037236376,-0.3585541805689027,-0.2904021541789712,-0.0317106982288437,-0.2219228064394029,-0.3554120201969512,True,-0.25642617678666385
2024-07-03 00:00:00+00:00,1.0,1.0,1.0,25.0,0.0,0.0,0.0,1.0,-0.0250398893746535,0.3021562398693136,1.214550564394625,-0.0278990720242632,-0.2219228064394029,3.4536583104494114,True,1.068898538211785
2024-07-04 00:00:00+00:00,0.0,0.0,0.0,0.0,0.0,0.0,0.0,0.0,-0.1919437037236376,-0.3585541805689027,-0.2904021541789712,-0.0317106982288437,-0.2219228064394029,-0.3554120201969512,True,-0.25642617678666385
2024-07-05 00:00:00+00:00,0.0,0.0,0.0,0.0,0.0,0.0,0.0,0.0,-0.1919437037236376,-0.3585541805689027,-0.2904021541789712,-0.0317106982288437,-0.2219228064394029,-0.3554120201969512,True,-0.25642617678666385
2024-07-06 00:00:00+00:00,0.0,0.0,0.0,0.0,0.0,0.0,0.0,0.0,-0.1919437037236376,-0.3585541805689027,-0.2904021541789712,-0.0317106982288437,-0.2219228064394029,-0.3554120201969512,True,-0.25642617678666385
2024-07-07 00:00:00+00:00,2.0,1.0,1.0,52.0,0.0,0.0,0.0,1.0,0.1418639249743304,0.3021562398693136,1.214550564394625,-0.0237825157233163,-0.2219228064394029,3.4536583104494114,True,1.1245331429947796
2024-07-08 00:00:00+00:00,0.0,0.0,0.0,0.0,0.0,0.0,0.0,0.0,-0.1919437037236376,-0.3585541805689027,-0.2904021541789712,-0.0317106982288437,-0.2219228064394029,-0.3554120201969512,True,-0.25642617678666385
2024-07-09 00:00:00+00:00,1.0,1.0,0.0,104.0,1.0,0.0,0.0,0.0,-0.0250398893746535,0.3021562398693136,-0.2904021541789712,-0.0158543332177889,8.802886125269712,-0.3554120201969512,True,2.8074780718993693
2024-07-10 00:00:00+00:00,0.0,0.0,0.0,0.0,0.0,0.0,0.0,0.0,-0.1919437037236376,-0.3585541805689027,-0.2904021541789712,-0.0317106982288437,-0.2219228064394029,-0.3554120201969512,True,-0.25642617678666385
2024-07-11 00:00:00+00:00,0.0,0.0,0.0,0.0,0.0,0.0,0.0,0.0,-0.1919437037236376,-0.3585541805689027,-0.2904021541789712,-0.0317106982288437,-0.2219228064394029,-0.3554120201969512,True,-0.25642617678666385
2024-07-12 00:00:00+00:00,0.0,0.0,0.0,0.0,0.0,0.0,0.0,0.0,-0.1919437037236376,-0.3585541805689027,-0.2904021541789712,-0.0317106982288437,-0.2219228064394029,-0.3554120201969512,True,-0.25642617678666385
2024-07-13 00:00:00+00:00,0.0,0.0,0.0,0.0,0.0,0.0,0.0,0.0,-0.1919437037236376,-0.3585541805689027,-0.2904021541789712,-0.0317106982288437,-0.2219228064394029,-0.3554120201969512,True,-0.25642617678666385
2024-07-14 00:00:00+00:00,0.0,0.0,0.0,0.0,0.0,0.0,0.0,0.0,-0.1919437037236376,-0.3585541805689027,-0.2904021541789712,-0.0317106982288437,-0.2219228064394029,-0.3554120201969512,True,-0.25642617678666385
2024-07-15 00:00:00+00:00,0.0,0.0,0.0,0.0,0.0,0.0,0.0,0.0,-0.1919437037236376,-0.3585541805689027,-0.2904021541789712,-0.0317106982288437,-0.2219228064394029,-0.3554120201969512,True,-0.25642617678666385
2024-07-16 00:00:00+00:00,0.0,0.0,0.0,0.0,0.0,0.0,0.0,0.0,-0.1919437037236376,-0.3585541805689027,-0.2904021541789712,-0.0317106982288437,-0.2219228064394029,-0.3554120201969512,True,-0.25642617678666385
2024-07-17 00:00:00+00:00,0.0,0.0,0.0,0.0,0.0,0.0,0.0,0.0,-0.1919437037236376,-0.3585541805689027,-0.2904021541789712,-0.0317106982288437,-0.2219228064394029,-0.3554120201969512,True,-0.25642617678666385
2024-07-18 00:00:00+00:00,0.0,0.0,0.0,0.0,0.0,0.0,0.0,0.0,-0.1919437037236376,-0.3585541805689027,-0.2904021541789712,-0.0317106982288437,-0.2219228064394029,-0.3554120201969512,True,-0.25642617678666385
2024-07-19 00:00:00+00:00,0.0,0.0,0.0,0.0,0.0,0.0,0.0,0.0,-0.1919437037236376,-0.3585541805689027,-0.2904021541789712,-0.0317106982288437,-0.2219228064394029,-0.3554120201969512,True,-0.25642617678666385
2024-07-20 00:00:00+00:00,0.0,0.0,0.0,0.0,0.0,0.0,0.0,0.0,-0.1919437037236376,-0.3585541805689027,-0.2904021541789712,-0.0317106982288437,-0.2219228064394029,-0.3554120201969512,True,-0.25642617678666385
2024-07-21 00:00:00+00:00,0.0,0.0,0.0,0.0,0.0,0.0,0.0,0.0,-0.1919437037236376,-0.3585541805689027,-0.2904021541789712,-0.0317106982288437,-0.2219228064394029,-0.3554120201969512,True,-0.25642617678666385
2024-07-22 00:00:00+00:00,0.0,0.0,0.0,0.0,0.0,0.0,0.0,0.0,-0.1919437037236376,-0.3585541805689027,-0.2904021541789712,-0.0317106982288437,-0.2219228064394029,-0.3554120201969512,True,-0.25642617678666385
2024-07-23 00:00:00+00:00,0.0,0.0,0.0,0.0,0.0,0.0,0.0,0.0,-0.1919437037236376,-0.3585541805689027,-0.2904021541789712,-0.0317106982288437,-0.2219228064394029,-0.3554120201969512,True,-0.25642617678666385
2024-07-24 00:00:00+00:00,0.0,0.0,0.0,0.0,0.0,0.0,0.0,0.0,-0.1919437037236376,-0.3585541805689027,-0.2904021541789712,-0.0317106982288437,-0.2219228064394029,-0.3554120201969512,True,-0.25642617678666385
2024-07-25 00:00:00+00:00,0.0,0.0,0.0,0.0,0.0,0.0,0.0,0.0,-0.1919437037236376,-0.3585541805689027,-0.2904021541789712,-0.0317106982288437,-0.2219228064394029,-0.3554120201969512,True,-0.25642617678666385
2024-07-26 00:00:00+00:00,0.0,0.0,0.0,0.0,0.0,0.0,0.0,0.0,-0.1919437037236376,-0.3585541805689027,-0.2904021541789712,-0.0317106982288437,-0.2219228064394029,-0.3554120201969512,True,-0.25642617678666385
2024-07-27 00:00:00+00:00,0.0,0.0,0.0,0.0,0.0,0.0,0.0,0.0,-0.1919437037236376,-0.3585541805689027,-0.2904021541789712,-0.0317106982288437,-0.2219228064394029,-0.3554120201969512,True,-0.25642617678666385
2024-07-28 00:00:00+00:00,0.0,0.0,0.0,0.0,0.0,0.0,0.0,0.0,-0.1919437037236376,-0.3585541805689027,-0.2904021541789712,-0.0317106982288437,-0.2219228064394029,-0.3554120201969512,True,-0.25642617678666385
2024-07-29 00:00:00+00:00,6.0,2.0,1.0,175.16666666666666,0.0,0.0,0.0,0.5,0.8094791823702667,0.96286666030753,1.214550564394625,-0.0050039039554164,-0.2219228064394029,1.54912314512623,True,0.7122265070190313
2024-07-30 00:00:00+00:00,0.0,0.0,0.0,0.0,0.0,0.0,0.0,0.0,-0.1919437037236376,-0.3585541805689027,-0.2904021541789712,-0.0317106982288437,-0.2219228064394029,-0.3554120201969512,True,-0.25642617678666385
2024-07-31 00:00:00+00:00,1.0,1.0,0.0,35.0,0.0,0.0,0.0,0.0,-0.0250398893746535,0.3021562398693136,-0.2904021541789712,-0.026374421542431,-0.2219228064394029,-0.3554120201969512,True,-0.20079157200366918
2024-08-01 00:00:00+00:00,1.0,1.0,1.0,10.0,0.0,0.0,0.0,1.0,-0.0250398893746535,0.3021562398693136,1.214550564394625,-0.0301860477470115,-0.2219228064394029,3.4536583104494114,True,1.068898538211785
2024-08-02 00:00:00+00:00,0.0,0.0,0.0,0.0,0.0,0.0,0.0,0.0,-0.1919437037236376,-0.3585541805689027,-0.2904021541789712,-0.0317106982288437,-0.2219228064394029,-0.3554120201969512,True,-0.25642617678666385
2024-08-03 00:00:00+00:00,0.0,0.0,0.0,0.0,0.0,0.0,0.0,0.0,-0.1919437037236376,-0.3585541805689027,-0.2904021541789712,-0.0317106982288437,-0.2219228064394029,-0.3554120201969512,True,-0.25642617678666385
2024-08-04 00:00:00+00:00,0.0,0.0,0.0,0.0,0.0,0.0,0.0,0.0,-0.1919437037236376,-0.3585541805689027,-0.2904021541789712,-0.0317106982288437,-0.2219228064394029,-0.3554120201969512,True,-0.25642617678666385
2024-08-05 00:00:00+00:00,0.0,0.0,0.0,0.0,0.0,0.0,0.0,0.0,-0.1919437037236376,-0.3585541805689027,-0.2904021541789712,-0.0317106982288437,-0.2219228064394029,-0.3554120201969512,True,-0.25642617678666385
2024-08-06 00:00:00+00:00,0.0,0.0,0.0,0.0,0.0,0.0,0.0,0.0,-0.1919437037236376,-0.3585541805689027,-0.2904021541789712,-0.0317106982288437,-0.2219228064394029,-0.3554120201969512,True,-0.25642617678666385
2024-08-07 00:00:00+00:00,0.0,0.0,0.0,0.0,0.0,0.0,0.0,0.0,-0.1919437037236376,-0.3585541805689027,-0.2904021541789712,-0.0317106982288437,-0.2219228064394029,-0.3554120201969512,True,-0.25642617678666385
2024-08-08 00:00:00+00:00,0.0,0.0,0.0,0.0,0.0,0.0,0.0,0.0,-0.1919437037236376,-0.3585541805689027,-0.2904021541789712,-0.0317106982288437,-0.2219228064394029,-0.3554120201969512,True,-0.25642617678666385
2024-08-09 00:00:00+00:00,1.0,1.0,1.0,9.0,0.0,0.0,0.0,1.0,-0.0250398893746535,0.3021562398693136,1.214550564394625,-0.0303385127951947,-0.2219228064394029,3.4536583104494114,True,1.068898538211785
2024-08-10 00:00:00+00:00,0.0,0.0,0.0,0.0,0.0,0.0,0.0,0.0,-0.1919437037236376,-0.3585541805689027,-0.2904021541789712,-0.0317106982288437,-0.2219228064394029,-0.3554120201969512,True,-0.25642617678666385
2024-08-11 00:00:00+00:00,0.0,0.0,0.0,0.0,0.0,0.0,0.0,0.0,-0.1919437037236376,-0.3585541805689027,-0.2904021541789712,-0.0317106982288437,-0.2219228064394029,-0.3554120201969512,True,-0.25642617678666385
2024-08-12 00:00:00+00:00,0.0,0.0,0.0,0.0,0.0,0.0,0.0,0.0,-0.1919437037236376,-0.3585541805689027,-0.2904021541789712,-0.0317106982288437,-0.2219228064394029,-0.3554120201969512,True,-0.25642617678666385
2024-08-13 00:00:00+00:00,3.0,1.0,0.0,274.3333333333333,0.0,0.0,0.0,0.0,0.3087677393233145,0.3021562398693136,-0.2904021541789712,0.010115546656086,-0.2219228064394029,-0.3554120201969512,True,-0.08952236243767986
2024-08-14 00:00:00+00:00,0.0,0.0,0.0,0.0,0.0,0.0,0.0,0.0,-0.1919437037236376,-0.3585541805689027,-0.2904021541789712,-0.0317106982288437,-0.2219228064394029,-0.3554120201969512,True,-0.25642617678666385
2024-08-15 00:00:00+00:00,0.0,0.0,0.0,0.0,0.0,0.0,0.0,0.0,-0.1919437037236376,-0.3585541805689027,-0.2904021541789712,-0.0317106982288437,-0.2219228064394029,-0.3554120201969512,True,-0.25642617678666385
2024-08-16 00:00:00+00:00,1.0,1.0,1.0,39.0,0.0,0.0,0.0,1.0,-0.0250398893746535,0.3021562398693136,1.214550564394625,-0.0257645613496982,-0.2219228064394029,3.4536583104494114,True,1.068898538211785
2024-08-17 00:00:00+00:00,1.0,1.0,0.0,4.0,0.0,0.0,0.0,0.0,-0.0250398893746535,0.3021562398693136,-0.2904021541789712,-0.0311008380361108,-0.2219228064394029,-0.3554120201969512,True,-0.20079157200366918
2024-08-18 00:00:00+00:00,0.0,0.0,0.0,0.0,0.0,0.0,0.0,0.0,-0.1919437037236376,-0.3585541805689027,-0.2904021541789712,-0.0317106982288437,-0.2219228064394029,-0.3554120201969512,True,-0.25642617678666385
2024-08-19 00:00:00+00:00,1.0,1.0,0.0,0.0,0.0,1.0,0.0,0.0,-0.0250398893746535,0.3021562398693136,-0.2904021541789712,-0.0317106982288437,-0.2219228064394029,-0.3554120201969512,True,-0.20079157200366918
2024-08-20 00:00:00+00:00,0.0,0.0,0.0,0.0,0.0,0.0,0.0,0.0,-0.1919437037236376,-0.3585541805689027,-0.2904021541789712,-0.0317106982288437,-0.2219228064394029,-0.3554120201969512,True,-0.25642617678666385
2024-08-21 00:00:00+00:00,1.0,1.0,1.0,17.0,0.0,0.0,0.0,1.0,-0.0250398893746535,0.3021562398693136,1.214550564394625,-0.029118792409729,-0.2219228064394029,3.4536583104494114,True,1.068898538211785
2024-08-22 00:00:00+00:00,0.0,0.0,0.0,0.0,0.0,0.0,0.0,0.0,-0.1919437037236376,-0.3585541805689027,-0.2904021541789712,-0.0317106982288437,-0.2219228064394029,-0.3554120201969512,True,-0.25642617678666385
2024-08-23 00:00:00+00:00,0.0,0.0,0.0,0.0,0.0,0.0,0.0,0.0,-0.1919437037236376,-0.3585541805689027,-0.2904021541789712,-0.0317106982288437,-0.2219228064394029,-0.3554120201969512,True,-0.25642617678666385
2024-08-24 00:00:00+00:00,0.0,0.0,0.0,0.0,0.0,0.0,0.0,0.0,-0.1919437037236376,-0.3585541805689027,-0.2904021541789712,-0.0317106982288437,-0.2219228064394029,-0.3554120201969512,True,-0.25642617678666385
2024-08-25 00:00:00+00:00,0.0,0.0,0.0,0.0,0.0,0.0,0.0,0.0,-0.1919437037236376,-0.3585541805689027,-0.2904021541789712,-0.0317106982288437,-0.2219228064394029,-0.3554120201969512,True,-0.25642617678666385
2024-08-26 00:00:00+00:00,0.0,0.0,0.0,0.0,0.0,0.0,0.0,0.0,-0.1919437037236376,-0.3585541805689027,-0.2904021541789712,-0.0317106982288437,-0.2219228064394029,-0.3554120201969512,True,-0.25642617678666385
2024-08-27 00:00:00+00:00,0.0,0.0,0.0,0.0,0.0,0.0,0.0,0.0,-0.1919437037236376,-0.3585541805689027,-0.2904021541789712,-0.0317106982288437,-0.2219228064394029,-0.3554120201969512,True,-0.25642617678666385
2024-08-28 00:00:00+00:00,0.0,0.0,0.0,0.0,0.0,0.0,0.0,0.0,-0.1919437037236376,-0.3585541805689027,-0.2904021541789712,-0.0317106982288437,-0.2219228064394029,-0.3554120201969512,True,-0.25642617678666385
2024-08-29 00:00:00+00:00,0.0,0.0,0.0,0.0,0.0,0.0,0.0,0.0,-0.1919437037236376,-0.3585541805689027,-0.2904021541789712,-0.0317106982288437,-0.2219228064394029,-0.3554120201969512,True,-0.25642617678666385
2024-08-30 00:00:00+00:00,0.0,0.0,0.0,0.0,0.0,0.0,0.0,0.0,-0.1919437037236376,-0.3585541805689027,-0.2904021541789712,-0.0317106982288437,-0.2219228064394029,-0.3554120201969512,True,-0.25642617678666385
2024-08-31 00:00:00+00:00,0.0,0.0,0.0,0.0,0.0,0.0,0.0,0.0,-0.1919437037236376,-0.3585541805689027,-0.2904021541789712,-0.0317106982288437,-0.2219228064394029,-0.3554120201969512,True,-0.25642617678666385
2024-09-01 00:00:00+00:00,1.0,1.0,1.0,17.0,0.0,0.0,0.0,1.0,-0.0250398893746535,0.3021562398693136,1.214550564394625,-0.029118792409729,-0.2219228064394029,3.4536583104494114,True,1.068898538211785
2024-09-02 00:00:00+00:00,0.0,0.0,0.0,0.0,0.0,0.0,0.0,0.0,-0.1919437037236376,-0.3585541805689027,-0.2904021541789712,-0.0317106982288437,-0.2219228064394029,-0.3554120201969512,True,-0.25642617678666385
2024-09-03 00:00:00+00:00,0.0,0.0,0.0,0.0,0.0,0.0,0.0,0.0,-0.1919437037236376,-0.3585541805689027,-0.2904021541789712,-0.0317106982288437,-0.2219228064394029,-0.3554120201969512,True,-0.25642617678666385
2024-09-04 00:00:00+00:00,1.0,1.0,1.0,2.0,0.0,0.0,0.0,1.0,-0.0250398893746535,0.3021562398693136,1.214550564394625,-0.0314057681324773,-0.2219228064394029,3.4536583104494114,True,1.068898538211785
2024-09-05 00:00:00+00:00,0.0,0.0,0.0,0.0,0.0,0.0,0.0,0.0,-0.1919437037236376,-0.3585541805689027,-0.2904021541789712,-0.0317106982288437,-0.2219228064394029,-0.3554120201969512,True,-0.25642617678666385
2024-09-06 00:00:00+00:00,0.0,0.0,0.0,0.0,0.0,0.0,0.0,0.0,-0.1919437037236376,-0.3585541805689027,-0.2904021541789712,-0.0317106982288437,-0.2219228064394029,-0.3554120201969512,True,-0.25642617678666385
2024-09-07 00:00:00+00:00,0.0,0.0,0.0,0.0,0.0,0.0,0.0,0.0,-0.1919437037236376,-0.3585541805689027,-0.2904021541789712,-0.0317106982288437,-0.2219228064394029,-0.3554120201969512,True,-0.25642617678666385
2024-09-08 00:00:00+00:00,0.0,0.0,0.0,0.0,0.0,0.0,0.0,0.0,-0.1919437037236376,-0.3585541805689027,-0.2904021541789712,-0.0317106982288437,-0.2219228064394029,-0.3554120201969512,True,-0.25642617678666385
2024-09-09 00:00:00+00:00,0.0,0.0,0.0,0.0,0.0,0.0,0.0,0.0,-0.1919437037236376,-0.3585541805689027,-0.2904021541789712,-0.0317106982288437,-0.2219228064394029,-0.3554120201969512,True,-0.25642617678666385
2024-09-10 00:00:00+00:00,0.0,0.0,0.0,0.0,0.0,0.0,0.0,0.0,-0.1919437037236376,-0.3585541805689027,-0.2904021541789712,-0.0317106982288437,-0.2219228064394029,-0.3554120201969512,True,-0.25642617678666385
2024-09-11 00:00:00+00:00,0.0,0.0,0.0,0.0,0.0,0.0,0.0,0.0,-0.1919437037236376,-0.3585541805689027,-0.2904021541789712,-0.0317106982288437,-0.2219228064394029,-0.3554120201969512,True,-0.25642617678666385
2024-09-12 00:00:00+00:00,0.0,0.0,0.0,0.0,0.0,0.0,0.0,0.0,-0.1919437037236376,-0.3585541805689027,-0.2904021541789712,-0.0317106982288437,-0.2219228064394029,-0.3554120201969512,True,-0.25642617678666385
2024-09-13 00:00:00+00:00,1.0,1.0,0.0,0.0,0.0,0.0,0.0,0.0,-0.0250398893746535,0.3021562398693136,-0.2904021541789712,-0.0317106982288437,-0.2219228064394029,-0.3554120201969512,True,-0.20079157200366918
2024-09-14 00:00:00+00:00,0.0,0.0,0.0,0.0,0.0,0.0,0.0,0.0,-0.1919437037236376,-0.3585541805689027,-0.2904021541789712,-0.0317106982288437,-0.2219228064394029,-0.3554120201969512,True,-0.25642617678666385
2024-09-15 00:00:00+00:00,1.0,1.0,1.0,2.0,0.0,0.0,0.0,1.0,-0.0250398893746535,0.3021562398693136,1.214550564394625,-0.0314057681324773,-0.2219228064394029,3.4536583104494114,True,1.068898538211785
2024-09-16 00:00:00+00:00,0.0,0.0,0.0,0.0,0.0,0.0,0.0,0.0,-0.1919437037236376,-0.3585541805689027,-0.2904021541789712,-0.0317106982288437,-0.2219228064394029,-0.3554120201969512,True,-0.25642617678666385
2024-09-17 00:00:00+00:00,1.0,1.0,1.0,3.0,0.0,0.0,0.0,1.0,-0.0250398893746535,0.3021562398693136,1.214550564394625,-0.031253303084294,-0.2219228064394029,3.4536583104494114,True,1.068898538211785
2024-09-18 00:00:00+00:00,0.0,0.0,0.0,0.0,0.0,0.0,0.0,0.0,-0.1919437037236376,-0.3585541805689027,-0.2904021541789712,-0.0317106982288437,-0.2219228064394029,-0.3554120201969512,True,-0.25642617678666385
2024-09-19 00:00:00+00:00,1.0,1.0,0.0,17.0,0.0,0.0,0.0,0.0,-0.0250398893746535,0.3021562398693136,-0.2904021541789712,-0.029118792409729,-0.2219228064394029,-0.3554120201969512,True,-0.20079157200366918
2024-09-20 00:00:00+00:00,0.0,0.0,0.0,0.0,0.0,0.0,0.0,0.0,-0.1919437037236376,-0.3585541805689027,-0.2904021541789712,-0.0317106982288437,-0.2219228064394029,-0.3554120201969512,True,-0.25642617678666385
2024-09-21 00:00:00+00:00,0.0,0.0,0.0,0.0,0.0,0.0,0.0,0.0,-0.1919437037236376,-0.3585541805689027,-0.2904021541789712,-0.0317106982288437,-0.2219228064394029,-0.3554120201969512,True,-0.25642617678666385
2024-09-22 00:00:00+00:00,0.0,0.0,0.0,0.0,0.0,0.0,0.0,0.0,-0.1919437037236376,-0.3585541805689027,-0.2904021541789712,-0.0317106982288437,-0.2219228064394029,-0.3554120201969512,True,-0.25642617678666385
2024-09-23 00:00:00+00:00,0.0,0.0,0.0,0.0,0.0,0.0,0.0,0.0,-0.1919437037236376,-0.3585541805689027,-0.2904021541789712,-0.0317106982288437,-0.2219228064394029,-0.3554120201969512,True,-0.25642617678666385
2024-09-24 00:00:00+00:00,0.0,0.0,0.0,0.0,0.0,0.0,0.0,0.0,-0.1919437037236376,-0.3585541805689027,-0.2904021541789712,-0.0317106982288437,-0.2219228064394029,-0.3554120201969512,True,-0.25642617678666385
2024-09-25 00:00:00+00:00,0.0,0.0,0.0,0.0,0.0,0.0,0.0,0.0,-0.1919437037236376,-0.3585541805689027,-0.2904021541789712,-0.0317106982288437,-0.2219228064394029,-0.3554120201969512,True,-0.25642617678666385
2024-09-26 00:00:00+00:00,0.0,0.0,0.0,0.0,0.0,0.0,0.0,0.0,-0.1919437037236376,-0.3585541805689027,-0.2904021541789712,-0.0317106982288437,-0.2219228064394029,-0.3554120201969512,True,-0.25642617678666385
2024-09-27 00:00:00+00:00,0.0,0.0,0.0,0.0,0.0,0.0,0.0,0.0,-0.1919437037236376,-0.3585541805689027,-0.2904021541789712,-0.0317106982288437,-0.2219228064394029,-0.3554120201969512,True,-0.25642617678666385
2024-09-28 00:00:00+00:00,0.0,0.0,0.0,0.0,0.0,0.0,0.0,0.0,-0.1919437037236376,-0.3585541805689027,-0.2904021541789712,-0.0317106982288437,-0.2219228064394029,-0.3554120201969512,True,-0.25642617678666385
2024-09-29 00:00:00+00:00,0.0,0.0,0.0,0.0,0.0,0.0,0.0,0.0,-0.1919437037236376,-0.3585541805689027,-0.2904021541789712,-0.0317106982288437,-0.2219228064394029,-0.3554120201969512,True,-0.25642617678666385
2024-09-30 00:00:00+00:00,0.0,0.0,0.0,0.0,0.0,0.0,0.0,0.0,-0.1919437037236376,-0.3585541805689027,-0.2904021541789712,-0.0317106982288437,-0.2219228064394029,-0.3554120201969512,True,-0.25642617678666385
2024-10-01 00:00:00+00:00,0.0,0.0,0.0,0.0,0.0,0.0,0.0,0.0,-0.1919437037236376,-0.3585541805689027,-0.2904021541789712,-0.0317106982288437,-0.2219228064394029,-0.3554120201969512,True,-0.25642617678666385
2024-10-02 00:00:00+00:00,0.0,0.0,0.0,0.0,0.0,0.0,0.0,0.0,-0.1919437037236376,-0.3585541805689027,-0.2904021541789712,-0.0317106982288437,-0.2219228064394029,-0.3554120201969512,True,-0.25642617678666385
2024-10-03 00:00:00+00:00,0.0,0.0,0.0,0.0,0.0,0.0,0.0,0.0,-0.1919437037236376,-0.3585541805689027,-0.2904021541789712,-0.0317106982288437,-0.2219228064394029,-0.3554120201969512,True,-0.25642617678666385
2024-10-04 00:00:00+00:00,0.0,0.0,0.0,0.0,0.0,0.0,0.0,0.0,-0.1919437037236376,-0.3585541805689027,-0.2904021541789712,-0.0317106982288437,-0.2219228064394029,-0.3554120201969512,True,-0.25642617678666385
2024-10-05 00:00:00+00:00,0.0,0.0,0.0,0.0,0.0,0.0,0.0,0.0,-0.1919437037236376,-0.3585541805689027,-0.2904021541789712,-0.0317106982288437,-0.2219228064394029,-0.3554120201969512,True,-0.25642617678666385
2024-10-06 00:00:00+00:00,0.0,0.0,0.0,0.0,0.0,0.0,0.0,0.0,-0.1919437037236376,-0.3585541805689027,-0.2904021541789712,-0.0317106982288437,-0.2219228064394029,-0.3554120201969512,True,-0.25642617678666385
2024-10-07 00:00:00+00:00,2.0,2.0,0.0,567.0,0.0,0.5,0.0,0.0,0.1418639249743304,0.96286666030753,-0.2904021541789712,0.0547369840910416,-0.2219228064394029,-0.3554120201969512,True,-0.14515696722067456
2024-10-08 00:00:00+00:00,0.0,0.0,0.0,0.0,0.0,0.0,0.0,0.0,-0.1919437037236376,-0.3585541805689027,-0.2904021541789712,-0.0317106982288437,-0.2219228064394029,-0.3554120201969512,True,-0.25642617678666385
2024-10-09 00:00:00+00:00,0.0,0.0,0.0,0.0,0.0,0.0,0.0,0.0,-0.1919437037236376,-0.3585541805689027,-0.2904021541789712,-0.0317106982288437,-0.2219228064394029,-0.3554120201969512,True,-0.25642617678666385
2024-10-10 00:00:00+00:00,0.0,0.0,0.0,0.0,0.0,0.0,0.0,0.0,-0.1919437037236376,-0.3585541805689027,-0.2904021541789712,-0.0317106982288437,-0.2219228064394029,-0.3554120201969512,True,-0.25642617678666385
2024-10-11 00:00:00+00:00,0.0,0.0,0.0,0.0,0.0,0.0,0.0,0.0,-0.1919437037236376,-0.3585541805689027,-0.2904021541789712,-0.0317106982288437,-0.2219228064394029,-0.3554120201969512,True,-0.25642617678666385
2024-10-12 00:00:00+00:00,0.0,0.0,0.0,0.0,0.0,0.0,0.0,0.0,-0.1919437037236376,-0.3585541805689027,-0.2904021541789712,-0.0317106982288437,-0.2219228064394029,-0.3554120201969512,True,-0.25642617678666385
2024-10-13 00:00:00+00:00,0.0,0.0,0.0,0.0,0.0,0.0,0.0,0.0,-0.1919437037236376,-0.3585541805689027,-0.2904021541789712,-0.0317106982288437,-0.2219228064394029,-0.3554120201969512,True,-0.25642617678666385
2024-10-14 00:00:00+00:00,0.0,0.0,0.0,0.0,0.0,0.0,0.0,0.0,-0.1919437037236376,-0.3585541805689027,-0.2904021541789712,-0.0317106982288437,-0.2219228064394029,-0.3554120201969512,True,-0.25642617678666385
2024-10-15 00:00:00+00:00,0.0,0.0,0.0,0.0,0.0,0.0,0.0,0.0,-0.1919437037236376,-0.3585541805689027,-0.2904021541789712,-0.0317106982288437,-0.2219228064394029,-0.3554120201969512,True,-0.25642617678666385
2024-10-16 00:00:00+00:00,0.0,0.0,0.0,0.0,0.0,0.0,0.0,0.0,-0.1919437037236376,-0.3585541805689027,-0.2904021541789712,-0.0317106982288437,-0.2219228064394029,-0.3554120201969512,True,-0.25642617678666385
2024-10-17 00:00:00+00:00,0.0,0.0,0.0,0.0,0.0,0.0,0.0,0.0,-0.1919437037236376,-0.3585541805689027,-0.2904021541789712,-0.0317106982288437,-0.2219228064394029,-0.3554120201969512,True,-0.25642617678666385
2024-10-18 00:00:00+00:00,0.0,0.0,0.0,0.0,0.0,0.0,0.0,0.0,-0.1919437037236376,-0.3585541805689027,-0.2904021541789712,-0.0317106982288437,-0.2219228064394029,-0.3554120201969512,True,-0.25642617678666385
2024-10-19 00:00:00+00:00,0.0,0.0,0.0,0.0,0.0,0.0,0.0,0.0,-0.1919437037236376,-0.3585541805689027,-0.2904021541789712,-0.0317106982288437,-0.2219228064394029,-0.3554120201969512,True,-0.25642617678666385
2024-10-20 00:00:00+00:00,0.0,0.0,0.0,0.0,0.0,0.0,0.0,0.0,-0.1919437037236376,-0.3585541805689027,-0.2904021541789712,-0.0317106982288437,-0.2219228064394029,-0.3554120201969512,True,-0.25642617678666385
2024-10-21 00:00:00+00:00,2.0,1.0,0.0,400.5,0.0,0.0,0.0,0.0,0.1418639249743304,0.3021562398693136,-0.2904021541789712,0.0293515535685356,-0.2219228064394029,-0.3554120201969512,True,-0.14515696722067456
2024-10-22 00:00:00+00:00,1.0,1.0,0.0,87.0,0.0,0.0,0.0,0.0,-0.0250398893746535,0.3021562398693136,-0.2904021541789712,-0.0184462390369036,-0.2219228064394029,-0.3554120201969512,True,-0.20079157200366918
2024-10-23 00:00:00+00:00,0.0,0.0,0.0,0.0,0.0,0.0,0.0,0.0,-0.1919437037236376,-0.3585541805689027,-0.2904021541789712,-0.0317106982288437,-0.2219228064394029,-0.3554120201969512,True,-0.25642617678666385
2024-10-24 00:00:00+00:00,0.0,0.0,0.0,0.0,0.0,0.0,0.0,0.0,-0.1919437037236376,-0.3585541805689027,-0.2904021541789712,-0.0317106982288437,-0.2219228064394029,-0.3554120201969512,True,-0.25642617678666385
2024-10-25 00:00:00+00:00,0.0,0.0,0.0,0.0,0.0,0.0,0.0,0.0,-0.1919437037236376,-0.3585541805689027,-0.2904021541789712,-0.0317106982288437,-0.2219228064394029,-0.3554120201969512,True,-0.25642617678666385
2024-10-26 00:00:00+00:00,1.0,1.0,0.0,25.0,0.0,0.0,0.0,0.0,-0.0250398893746535,0.3021562398693136,-0.2904021541789712,-0.0278990720242632,-0.2219228064394029,-0.3554120201969512,True,-0.20079157200366918
2024-10-27 00:00:00+00:00,5.0,1.0,1.0,366.0,0.0,0.0,0.0,1.0,0.6425753680212826,0.3021562398693136,1.214550564394625,0.0240915094062145,-0.2219228064394029,3.4536583104494114,True,1.2914369573437636
2024-10-28 00:00:00+00:00,1.0,1.0,0.0,29.0,0.0,0.0,0.0,0.0,-0.0250398893746535,0.3021562398693136,-0.2904021541789712,-0.0272892118315303,-0.2219228064394029,-0.3554120201969512,True,-0.20079157200366918
2024-10-29 00:00:00+00:00,0.0,0.0,0.0,0.0,0.0,0.0,0.0,0.0,-0.1919437037236376,-0.3585541805689027,-0.2904021541789712,-0.0317106982288437,-0.2219228064394029,-0.3554120201969512,True,-0.25642617678666385
2024-10-30 00:00:00+00:00,1.0,1.0,1.0,1.0,0.0,0.0,0.0,1.0,-0.0250398893746535,0.3021562398693136,1.214550564394625,-0.0315582331806605,-0.2219228064394029,3.4536583104494114,True,1.068898538211785
2024-10-31 00:00:00+00:00,0.0,0.0,0.0,0.0,0.0,0.0,0.0,0.0,-0.1919437037236376,-0.3585541805689027,-0.2904021541789712,-0.0317106982288437,-0.2219228064394029,-0.3554120201969512,True,-0.25642617678666385
2024-11-01 00:00:00+00:00,0.0,0.0,0.0,0.0,0.0,0.0,0.0,0.0,-0.1919437037236376,-0.3585541805689027,-0.2904021541789712,-0.0317106982288437,-0.2219228064394029,-0.3554120201969512,True,-0.25642617678666385
2024-11-02 00:00:00+00:00,0.0,0.0,0.0,0.0,0.0,0.0,0.0,0.0,-0.1919437037236376,-0.3585541805689027,-0.2904021541789712,-0.0317106982288437,-0.2219228064394029,-0.3554120201969512,True,-0.25642617678666385
2024-11-03 00:00:00+00:00,0.0,0.0,0.0,0.0,0.0,0.0,0.0,0.0,-0.1919437037236376,-0.3585541805689027,-0.2904021541789712,-0.0317106982288437,-0.2219228064394029,-0.3554120201969512,True,-0.25642617678666385
2024-11-04 00:00:00+00:00,0.0,0.0,0.0,0.0,0.0,0.0,0.0,0.0,-0.1919437037236376,-0.3585541805689027,-0.2904021541789712,-0.0317106982288437,-0.2219228064394029,-0.3554120201969512,True,-0.25642617678666385
2024-11-05 00:00:00+00:00,0.0,0.0,0.0,0.0,0.0,0.0,0.0,0.0,-0.1919437037236376,-0.3585541805689027,-0.2904021541789712,-0.0317106982288437,-0.2219228064394029,-0.3554120201969512,True,-0.25642617678666385
2024-11-06 00:00:00+00:00,1.0,1.0,0.0,223.0,0.0,0.0,0.0,0.0,-0.0250398893746535,0.3021562398693136,-0.2904021541789712,0.0022890075160141,-0.2219228064394029,-0.3554120201969512,True,-0.20079157200366918
2024-11-07 00:00:00+00:00,0.0,0.0,0.0,0.0,0.0,0.0,0.0,0.0,-0.1919437037236376,-0.3585541805689027,-0.2904021541789712,-0.0317106982288437,-0.2219228064394029,-0.3554120201969512,True,-0.25642617678666385
2024-11-08 00:00:00+00:00,0.0,0.0,0.0,0.0,0.0,0.0,0.0,0.0,-0.1919437037236376,-0.3585541805689027,-0.2904021541789712,-0.0317106982288437,-0.2219228064394029,-0.3554120201969512,True,-0.25642617678666385
2024-11-09 00:00:00+00:00,0.0,0.0,0.0,0.0,0.0,0.0,0.0,0.0,-0.1919437037236376,-0.3585541805689027,-0.2904021541789712,-0.0317106982288437,-0.2219228064394029,-0.3554120201969512,True,-0.25642617678666385
2024-11-10 00:00:00+00:00,1.0,1.0,0.0,25.0,0.0,0.0,0.0,0.0,-0.0250398893746535,0.3021562398693136,-0.2904021541789712,-0.0278990720242632,-0.2219228064394029,-0.3554120201969512,True,-0.20079157200366918
2024-11-11 00:00:00+00:00,0.0,0.0,0.0,0.0,0.0,0.0,0.0,0.0,-0.1919437037236376,-0.3585541805689027,-0.2904021541789712,-0.0317106982288437,-0.2219228064394029,-0.3554120201969512,True,-0.25642617678666385
2024-11-12 00:00:00+00:00,0.0,0.0,0.0,0.0,0.0,0.0,0.0,0.0,-0.1919437037236376,-0.3585541805689027,-0.2904021541789712,-0.0317106982288437,-0.2219228064394029,-0.3554120201969512,True,-0.25642617678666385
2024-11-13 00:00:00+00:00,1.0,1.0,0.0,0.0,0.0,1.0,0.0,0.0,-0.0250398893746535,0.3021562398693136,-0.2904021541789712,-0.0317106982288437,-0.2219228064394029,-0.3554120201969512,True,-0.20079157200366918
2024-11-14 00:00:00+00:00,1.0,1.0,0.0,0.0,0.0,1.0,0.0,0.0,-0.0250398893746535,0.3021562398693136,-0.2904021541789712,-0.0317106982288437,-0.2219228064394029,-0.3554120201969512,True,-0.20079157200366918
2024-11-15 00:00:00+00:00,0.0,0.0,0.0,0.0,0.0,0.0,0.0,0.0,-0.1919437037236376,-0.3585541805689027,-0.2904021541789712,-0.0317106982288437,-0.2219228064394029,-0.3554120201969512,True,-0.25642617678666385
2024-11-16 00:00:00+00:00,0.0,0.0,0.0,0.0,0.0,0.0,0.0,0.0,-0.1919437037236376,-0.3585541805689027,-0.2904021541789712,-0.0317106982288437,-0.2219228064394029,-0.3554120201969512,True,-0.25642617678666385
2024-11-17 00:00:00+00:00,0.0,0.0,0.0,0.0,0.0,0.0,0.0,0.0,-0.1919437037236376,-0.3585541805689027,-0.2904021541789712,-0.0317106982288437,-0.2219228064394029,-0.3554120201969512,True,-0.25642617678666385
2024-11-18 00:00:00+00:00,0.0,0.0,0.0,0.0,0.0,0.0,0.0,0.0,-0.1919437037236376,-0.3585541805689027,-0.2904021541789712,-0.0317106982288437,-0.2219228064394029,-0.3554120201969512,True,-0.25642617678666385
2024-11-19 00:00:00+00:00,0.0,0.0,0.0,0.0,0.0,0.0,0.0,0.0,-0.1919437037236376,-0.3585541805689027,-0.2904021541789712,-0.0317106982288437,-0.2219228064394029,-0.3554120201969512,True,-0.25642617678666385
2024-11-20 00:00:00+00:00,0.0,0.0,0.0,0.0,0.0,0.0,0.0,0.0,-0.1919437037236376,-0.3585541805689027,-0.2904021541789712,-0.0317106982288437,-0.2219228064394029,-0.3554120201969512,True,-0.25642617678666385
2024-11-21 00:00:00+00:00,0.0,0.0,0.0,0.0,0.0,0.0,0.0,0.0,-0.1919437037236376,-0.3585541805689027,-0.2904021541789712,-0.0317106982288437,-0.2219228064394029,-0.3554120201969512,True,-0.25642617678666385
2024-11-22 00:00:00+00:00,0.0,0.0,0.0,0.0,0.0,0.0,0.0,0.0,-0.1919437037236376,-0.3585541805689027,-0.2904021541789712,-0.0317106982288437,-0.2219228064394029,-0.3554120201969512,True,-0.25642617678666385
2024-11-23 00:00:00+00:00,0.0,0.0,0.0,0.0,0.0,0.0,0.0,0.0,-0.1919437037236376,-0.3585541805689027,-0.2904021541789712,-0.0317106982288437,-0.2219228064394029,-0.3554120201969512,True,-0.25642617678666385
2024-11-24 00:00:00+00:00,0.0,0.0,0.0,0.0,0.0,0.0,0.0,0.0,-0.1919437037236376,-0.3585541805689027,-0.2904021541789712,-0.0317106982288437,-0.2219228064394029,-0.3554120201969512,True,-0.25642617678666385
2024-11-25 00:00:00+00:00,0.0,0.0,0.0,0.0,0.0,0.0,0.0,0.0,-0.1919437037236376,-0.3585541805689027,-0.2904021541789712,-0.0317106982288437,-0.2219228064394029,-0.3554120201969512,True,-0.25642617678666385
2024-11-26 00:00:00+00:00,0.0,0.0,0.0,0.0,0.0,0.0,0.0,0.0,-0.1919437037236376,-0.3585541805689027,-0.2904021541789712,-0.0317106982288437,-0.2219228064394029,-0.3554120201969512,True,-0.25642617678666385
2024-11-27 00:00:00+00:00,0.0,0.0,0.0,0.0,0.0,0.0,0.0,0.0,-0.1919437037236376,-0.3585541805689027,-0.2904021541789712,-0.0317106982288437,-0.2219228064394029,-0.3554120201969512,True,-0.25642617678666385
2024-11-28 00:00:00+00:00,0.0,0.0,0.0,0.0,0.0,0.0,0.0,0.0,-0.1919437037236376,-0.3585541805689027,-0.2904021541789712,-0.0317106982288437,-0.2219228064394029,-0.3554120201969512,True,-0.25642617678666385
2024-11-29 00:00:00+00:00,0.0,0.0,0.0,0.0,0.0,0.0,0.0,0.0,-0.1919437037236376,-0.3585541805689027,-0.2904021541789712,-0.0317106982288437,-0.2219228064394029,-0.3554120201969512,True,-0.25642617678666385
2024-11-30 00:00:00+00:00,0.0,0.0,0.0,0.0,0.0,0.0,0.0,0.0,-0.1919437037236376,-0.3585541805689027,-0.2904021541789712,-0.0317106982288437,-0.2219228064394029,-0.3554120201969512,True,-0.25642617678666385
2024-12-01 00:00:00+00:00,0.0,0.0,0.0,0.0,0.0,0.0,0.0,0.0,-0.1919437037236376,-0.3585541805689027,-0.2904021541789712,-0.0317106982288437,-0.2219228064394029,-0.3554120201969512,True,-0.25642617678666385
2024-12-02 00:00:00+00:00,0.0,0.0,0.0,0.0,0.0,0.0,0.0,0.0,-0.1919437037236376,-0.3585541805689027,-0.2904021541789712,-0.0317106982288437,-0.2219228064394029,-0.3554120201969512,True,-0.25642617678666385
2024-12-03 00:00:00+00:00,1.0,1.0,0.0,0.0,0.0,1.0,0.0,0.0,-0.0250398893746535,0.3021562398693136,-0.2904021541789712,-0.0317106982288437,-0.2219228064394029,-0.3554120201969512,True,-0.20079157200366918
2024-12-04 00:00:00+00:00,0.0,0.0,0.0,0.0,0.0,0.0,0.0,0.0,-0.1919437037236376,-0.3585541805689027,-0.2904021541789712,-0.0317106982288437,-0.2219228064394029,-0.3554120201969512,True,-0.25642617678666385
2024-12-05 00:00:00+00:00,1.0,1.0,0.0,0.0,0.0,1.0,0.0,0.0,-0.0250398893746535,0.3021562398693136,-0.2904021541789712,-0.0317106982288437,-0.2219228064394029,-0.3554120201969512,True,-0.20079157200366918
2024-12-06 00:00:00+00:00,0.0,0.0,0.0,0.0,0.0,0.0,0.0,0.0,-0.1919437037236376,-0.3585541805689027,-0.2904021541789712,-0.0317106982288437,-0.2219228064394029,-0.3554120201969512,True,-0.25642617678666385
2024-12-07 00:00:00+00:00,0.0,0.0,0.0,0.0,0.0,0.0,0.0,0.0,-0.1919437037236376,-0.3585541805689027,-0.2904021541789712,-0.0317106982288437,-0.2219228064394029,-0.3554120201969512,True,-0.25642617678666385
2024-12-08 00:00:00+00:00,0.0,0.0,0.0,0.0,0.0,0.0,0.0,0.0,-0.1919437037236376,-0.3585541805689027,-0.2904021541789712,-0.0317106982288437,-0.2219228064394029,-0.3554120201969512,True,-0.25642617678666385
2024-12-09 00:00:00+00:00,0.0,0.0,0.0,0.0,0.0,0.0,0.0,0.0,-0.1919437037236376,-0.3585541805689027,-0.2904021541789712,-0.0317106982288437,-0.2219228064394029,-0.3554120201969512,True,-0.25642617678666385
2024-12-10 00:00:00+00:00,0.0,0.0,0.0,0.0,0.0,0.0,0.0,0.0,-0.1919437037236376,-0.3585541805689027,-0.2904021541789712,-0.0317106982288437,-0.2219228064394029,-0.3554120201969512,True,-0.25642617678666385
2024-12-11 00:00:00+00:00,0.0,0.0,0.0,0.0,0.0,0.0,0.0,0.0,-0.1919437037236376,-0.3585541805689027,-0.2904021541789712,-0.0317106982288437,-0.2219228064394029,-0.3554120201969512,True,-0.25642617678666385
2024-12-12 00:00:00+00:00,0.0,0.0,0.0,0.0,0.0,0.0,0.0,0.0,-0.1919437037236376,-0.3585541805689027,-0.2904021541789712,-0.0317106982288437,-0.2219228064394029,-0.3554120201969512,True,-0.25642617678666385
2024-12-13 00:00:00+00:00,0.0,0.0,0.0,0.0,0.0,0.0,0.0,0.0,-0.1919437037236376,-0.3585541805689027,-0.2904021541789712,-0.0317106982288437,-0.2219228064394029,-0.3554120201969512,True,-0.25642617678666385
2024-12-14 00:00:00+00:00,0.0,0.0,0.0,0.0,0.0,0.0,0.0,0.0,-0.1919437037236376,-0.3585541805689027,-0.2904021541789712,-0.0317106982288437,-0.2219228064394029,-0.3554120201969512,True,-0.25642617678666385
2024-12-15 00:00:00+00:00,0.0,0.0,0.0,0.0,0.0,0.0,0.0,0.0,-0.1919437037236376,-0.3585541805689027,-0.2904021541789712,-0.0317106982288437,-0.2219228064394029,-0.3554120201969512,True,-0.25642617678666385
2024-12-16 00:00:00+00:00,0.0,0.0,0.0,0.0,0.0,0.0,0.0,0.0,-0.1919437037236376,-0.3585541805689027,-0.2904021541789712,-0.0317106982288437,-0.2219228064394029,-0.3554120201969512,True,-0.25642617678666385
2024-12-17 00:00:00+00:00,1.0,1.0,0.0,759.0,0.0,0.0,0.0,0.0,-0.0250398893746535,0.3021562398693136,-0.2904021541789712,0.0840102733422197,-0.2219228064394029,-0.3554120201969512,True,-0.20079157200366918
2024-12-18 00:00:00+00:00,1.0,1.0,0.0,20.0,0.0,0.0,0.0,0.0,-0.0250398893746535,0.3021562398693136,-0.2904021541789712,-0.0286613972651793,-0.2219228064394029,-0.3554120201969512,True,-0.20079157200366918
2024-12-19 00:00:00+00:00,0.0,0.0,0.0,0.0,0.0,0.0,0.0,0.0,-0.1919437037236376,-0.3585541805689027,-0.2904021541789712,-0.0317106982288437,-0.2219228064394029,-0.3554120201969512,True,-0.25642617678666385
2024-12-20 00:00:00+00:00,0.0,0.0,0.0,0.0,0.0,0.0,0.0,0.0,-0.1919437037236376,-0.3585541805689027,-0.2904021541789712,-0.0317106982288437,-0.2219228064394029,-0.3554120201969512,True,-0.25642617678666385
2024-12-21 00:00:00+00:00,0.0,0.0,0.0,0.0,0.0,0.0,0.0,0.0,-0.1919437037236376,-0.3585541805689027,-0.2904021541789712,-0.0317106982288437,-0.2219228064394029,-0.3554120201969512,True,-0.25642617678666385
2024-12-22 00:00:00+00:00,0.0,0.0,0.0,0.0,0.0,0.0,0.0,0.0,-0.1919437037236376,-0.3585541805689027,-0.2904021541789712,-0.0317106982288437,-0.2219228064394029,-0.3554120201969512,True,-0.25642617678666385
2024-12-23 00:00:00+00:00,0.0,0.0,0.0,0.0,0.0,0.0,0.0,0.0,-0.1919437037236376,-0.3585541805689027,-0.2904021541789712,-0.0317106982288437,-0.2219228064394029,-0.3554120201969512,True,-0.25642617678666385
2024-12-24 00:00:00+00:00,0.0,0.0,0.0,0.0,0.0,0.0,0.0,0.0,-0.1919437037236376,-0.3585541805689027,-0.2904021541789712,-0.0317106982288437,-0.2219228064394029,-0.3554120201969512,True,-0.25642617678666385
2024-12-25 00:00:00+00:00,0.0,0.0,0.0,0.0,0.0,0.0,0.0,0.0,-0.1919437037236376,-0.3585541805689027,-0.2904021541789712,-0.0317106982288437,-0.2219228064394029,-0.3554120201969512,True,-0.25642617678666385
2024-12-26 00:00:00+00:00,0.0,0.0,0.0,0.0,0.0,0.0,0.0,0.0,-0.1919437037236376,-0.3585541805689027,-0.2904021541789712,-0.0317106982288437,-0.2219228064394029,-0.3554120201969512,True,-0.25642617678666385
2024-12-27 00:00:00+00:00,0.0,0.0,0.0,0.0,0.0,0.0,0.0,0.0,-0.1919437037236376,-0.3585541805689027,-0.2904021541789712,-0.0317106982288437,-0.2219228064394029,-0.3554120201969512,True,-0.25642617678666385
2024-12-28 00:00:00+00:00,0.0,0.0,0.0,0.0,0.0,0.0,0.0,0.0,-0.1919437037236376,-0.3585541805689027,-0.2904021541789712,-0.0317106982288437,-0.2219228064394029,-0.3554120201969512,True,-0.25642617678666385
2024-12-29 00:00:00+00:00,0.0,0.0,0.0,0.0,0.0,0.0,0.0,0.0,-0.1919437037236376,-0.3585541805689027,-0.2904021541789712,-0.0317106982288437,-0.2219228064394029,-0.3554120201969512,True,-0.25642617678666385
2024-12-30 00:00:00+00:00,0.0,0.0,0.0,0.0,0.0,0.0,0.0,0.0,-0.1919437037236376,-0.3585541805689027,-0.2904021541789712,-0.0317106982288437,-0.2219228064394029,-0.3554120201969512,True,-0.25642617678666385
2024-12-31 00:00:00+00:00,0.0,0.0,0.0,0.0,0.0,0.0,0.0,0.0,-0.1919437037236376,-0.3585541805689027,-0.2904021541789712,-0.0317106982288437,-0.2219228064394029,-0.3554120201969512,True,-0.25642617678666385
2025-01-01 00:00:00+00:00,0.0,0.0,0.0,0.0,0.0,0.0,0.0,0.0,-0.1919437037236376,-0.3585541805689027,-0.2904021541789712,-0.0317106982288437,-0.2219228064394029,-0.3554120201969512,True,-0.25642617678666385
2025-01-02 00:00:00+00:00,0.0,0.0,0.0,0.0,0.0,0.0,0.0,0.0,-0.1919437037236376,-0.3585541805689027,-0.2904021541789712,-0.0317106982288437,-0.2219228064394029,-0.3554120201969512,True,-0.25642617678666385
2025-01-03 00:00:00+00:00,0.0,0.0,0.0,0.0,0.0,0.0,0.0,0.0,-0.1919437037236376,-0.3585541805689027,-0.2904021541789712,-0.0317106982288437,-0.2219228064394029,-0.3554120201969512,True,-0.25642617678666385
2025-01-04 00:00:00+00:00,1.0,1.0,0.0,0.0,0.0,1.0,0.0,0.0,-0.0250398893746535,0.3021562398693136,-0.2904021541789712,-0.0317106982288437,-0.2219228064394029,-0.3554120201969512,True,-0.20079157200366918
2025-01-05 00:00:00+00:00,0.0,0.0,0.0,0.0,0.0,0.0,0.0,0.0,-0.1919437037236376,-0.3585541805689027,-0.2904021541789712,-0.0317106982288437,-0.2219228064394029,-0.3554120201969512,True,-0.25642617678666385
2025-01-06 00:00:00+00:00,2.0,2.0,0.0,278.0,0.0,0.5,0.0,0.0,0.1418639249743304,0.96286666030753,-0.2904021541789712,0.0106745851660912,-0.2219228064394029,-0.3554120201969512,True,-0.14515696722067456
2025-01-07 00:00:00+00:00,2.0,2.0,0.0,54.0,0.5,0.0,0.0,0.0,0.1418639249743304,0.96286666030753,-0.2904021541789712,-0.0234775856269499,4.290481659415155,-0.3554120201969512,True,1.3589778547308449
2025-01-08 00:00:00+00:00,2.0,2.0,1.0,132.5,0.0,0.0,0.0,0.5,0.1418639249743304,0.96286666030753,1.214550564394625,-0.0115090793445671,-0.2219228064394029,1.54912314512623,True,0.4896880878870525
2025-01-09 00:00:00+00:00,0.0,0.0,0.0,0.0,0.0,0.0,0.0,0.0,-0.1919437037236376,-0.3585541805689027,-0.2904021541789712,-0.0317106982288437,-0.2219228064394029,-0.3554120201969512,True,-0.25642617678666385
2025-01-10 00:00:00+00:00,1.0,1.0,0.0,11.0,0.0,0.0,0.0,0.0,-0.0250398893746535,0.3021562398693136,-0.2904021541789712,-0.0300335826988283,-0.2219228064394029,-0.3554120201969512,True,-0.20079157200366918
2025-01-11 00:00:00+00:00,0.0,0.0,0.0,0.0,0.0,0.0,0.0,0.0,-0.1919437037236376,-0.3585541805689027,-0.2904021541789712,-0.0317106982288437,-0.2219228064394029,-0.3554120201969512,True,-0.25642617678666385
2025-01-12 00:00:00+00:00,0.0,0.0,0.0,0.0,0.0,0.0,0.0,0.0,-0.1919437037236376,-0.3585541805689027,-0.2904021541789712,-0.0317106982288437,-0.2219228064394029,-0.3554120201969512,True,-0.25642617678666385
2025-01-13 00:00:00+00:00,0.0,0.0,0.0,0.0,0.0,0.0,0.0,0.0,-0.1919437037236376,-0.3585541805689027,-0.2904021541789712,-0.0317106982288437,-0.2219228064394029,-0.3554120201969512,True,-0.25642617678666385
2025-01-14 00:00:00+00:00,0.0,0.0,0.0,0.0,0.0,0.0,0.0,0.0,-0.1919437037236376,-0.3585541805689027,-0.2904021541789712,-0.0317106982288437,-0.2219228064394029,-0.3554120201969512,True,-0.25642617678666385
2025-01-15 00:00:00+00:00,0.0,0.0,0.0,0.0,0.0,0.0,0.0,0.0,-0.1919437037236376,-0.3585541805689027,-0.2904021541789712,-0.0317106982288437,-0.2219228064394029,-0.3554120201969512,True,-0.25642617678666385
2025-01-16 00:00:00+00:00,0.0,0.0,0.0,0.0,0.0,0.0,0.0,0.0,-0.1919437037236376,-0.3585541805689027,-0.2904021541789712,-0.0317106982288437,-0.2219228064394029,-0.3554120201969512,True,-0.25642617678666385
2025-01-17 00:00:00+00:00,0.0,0.0,0.0,0.0,0.0,0.0,0.0,0.0,-0.1919437037236376,-0.3585541805689027,-0.2904021541789712,-0.0317106982288437,-0.2219228064394029,-0.3554120201969512,True,-0.25642617678666385
2025-01-18 00:00:00+00:00,1.0,1.0,1.0,1122.0,0.0,0.0,0.0,1.0,-0.0250398893746535,0.3021562398693136,1.214550564394625,0.1393550858327283,-0.2219228064394029,3.4536583104494114,True,1.068898538211785
2025-01-19 00:00:00+00:00,0.0,0.0,0.0,0.0,0.0,0.0,0.0,0.0,-0.1919437037236376,-0.3585541805689027,-0.2904021541789712,-0.0317106982288437,-0.2219228064394029,-0.3554120201969512,True,-0.25642617678666385
2025-01-20 00:00:00+00:00,1.0,1.0,1.0,14982.0,0.0,0.0,0.0,1.0,-0.0250398893746535,0.3021562398693136,1.214550564394625,2.252520653652149,-0.2219228064394029,3.4536583104494114,True,1.068898538211785
2025-01-21 00:00:00+00:00,1.0,1.0,0.0,30.0,0.0,0.0,0.0,0.0,-0.0250398893746535,0.3021562398693136,-0.2904021541789712,-0.0271367467833471,-0.2219228064394029,-0.3554120201969512,True,-0.20079157200366918
2025-01-22 00:00:00+00:00,0.0,0.0,0.0,0.0,0.0,0.0,0.0,0.0,-0.1919437037236376,-0.3585541805689027,-0.2904021541789712,-0.0317106982288437,-0.2219228064394029,-0.3554120201969512,True,-0.25642617678666385
2025-01-23 00:00:00+00:00,1.0,1.0,0.0,21.0,0.0,0.0,0.0,0.0,-0.0250398893746535,0.3021562398693136,-0.2904021541789712,-0.0285089322169961,-0.2219228064394029,-0.3554120201969512,True,-0.20079157200366918
2025-01-24 00:00:00+00:00,0.0,0.0,0.0,0.0,0.0,0.0,0.0,0.0,-0.1919437037236376,-0.3585541805689027,-0.2904021541789712,-0.0317106982288437,-0.2219228064394029,-0.3554120201969512,True,-0.25642617678666385
2025-01-25 00:00:00+00:00,0.0,0.0,0.0,0.0,0.0,0.0,0.0,0.0,-0.1919437037236376,-0.3585541805689027,-0.2904021541789712,-0.0317106982288437,-0.2219228064394029,-0.3554120201969512,True,-0.25642617678666385
2025-01-26 00:00:00+00:00,0.0,0.0,0.0,0.0,0.0,0.0,0.0,0.0,-0.1919437037236376,-0.3585541805689027,-0.2904021541789712,-0.0317106982288437,-0.2219228064394029,-0.3554120201969512,True,-0.25642617678666385
2025-01-27 00:00:00+00:00,0.0,0.0,0.0,0.0,0.0,0.0,0.0,0.0,-0.1919437037236376,-0.3585541805689027,-0.2904021541789712,-0.0317106982288437,-0.2219228064394029,-0.3554120201969512,True,-0.25642617678666385
2025-01-28 00:00:00+00:00,0.0,0.0,0.0,0.0,0.0,0.0,0.0,0.0,-0.1919437037236376,-0.3585541805689027,-0.2904021541789712,-0.0317106982288437,-0.2219228064394029,-0.3554120201969512,True,-0.25642617678666385
2025-01-29 00:00:00+00:00,0.0,0.0,0.0,0.0,0.0,0.0,0.0,0.0,-0.1919437037236376,-0.3585541805689027,-0.2904021541789712,-0.0317106982288437,-0.2219228064394029,-0.3554120201969512,True,-0.25642617678666385
2025-01-30 00:00:00+00:00,0.0,0.0,0.0,0.0,0.0,0.0,0.0,0.0,-0.1919437037236376,-0.3585541805689027,-0.2904021541789712,-0.0317106982288437,-0.2219228064394029,-0.3554120201969512,True,-0.25642617678666385
2025-01-31 00:00:00+00:00,0.0,0.0,0.0,0.0,0.0,0.0,0.0,0.0,-0.1919437037236376,-0.3585541805689027,-0.2904021541789712,-0.0317106982288437,-0.2219228064394029,-0.3554120201969512,True,-0.25642617678666385
2025-02-01 00:00:00+00:00,1.0,1.0,0.0,0.0,0.0,1.0,0.0,0.0,-0.0250398893746535,0.3021562398693136,-0.2904021541789712,-0.0317106982288437,-0.2219228064394029,-0.3554120201969512,True,-0.20079157200366918
2025-02-02 00:00:00+00:00,0.0,0.0,0.0,0.0,0.0,0.0,0.0,0.0,-0.1919437037236376,-0.3585541805689027,-0.2904021541789712,-0.0317106982288437,-0.2219228064394029,-0.3554120201969512,True,-0.25642617678666385
2025-02-03 00:00:00+00:00,0.0,0.0,0.0,0.0,0.0,0.0,0.0,0.0,-0.1919437037236376,-0.3585541805689027,-0.2904021541789712,-0.0317106982288437,-0.2219228064394029,-0.3554120201969512,True,-0.25642617678666385
2025-02-04 00:00:00+00:00,0.0,0.0,0.0,0.0,0.0,0.0,0.0,0.0,-0.1919437037236376,-0.3585541805689027,-0.2904021541789712,-0.0317106982288437,-0.2219228064394029,-0.3554120201969512,True,-0.25642617678666385
2025-02-05 00:00:00+00:00,0.0,0.0,0.0,0.0,0.0,0.0,0.0,0.0,-0.1919437037236376,-0.3585541805689027,-0.2904021541789712,-0.0317106982288437,-0.2219228064394029,-0.3554120201969512,True,-0.25642617678666385
2025-02-06 00:00:00+00:00,0.0,0.0,0.0,0.0,0.0,0.0,0.0,0.0,-0.1919437037236376,-0.3585541805689027,-0.2904021541789712,-0.0317106982288437,-0.2219228064394029,-0.3554120201969512,True,-0.25642617678666385
2025-02-07 00:00:00+00:00,1.0,1.0,1.0,135.0,0.0,0.0,0.0,1.0,-0.0250398893746535,0.3021562398693136,1.214550564394625,-0.0111279167241091,-0.2219228064394029,3.4536583104494114,True,1.068898538211785
2025-02-08 00:00:00+00:00,0.0,0.0,0.0,0.0,0.0,0.0,0.0,0.0,-0.1919437037236376,-0.3585541805689027,-0.2904021541789712,-0.0317106982288437,-0.2219228064394029,-0.3554120201969512,True,-0.25642617678666385
2025-02-09 00:00:00+00:00,0.0,0.0,0.0,0.0,0.0,0.0,0.0,0.0,-0.1919437037236376,-0.3585541805689027,-0.2904021541789712,-0.0317106982288437,-0.2219228064394029,-0.3554120201969512,True,-0.25642617678666385
2025-02-10 00:00:00+00:00,0.0,0.0,0.0,0.0,0.0,0.0,0.0,0.0,-0.1919437037236376,-0.3585541805689027,-0.2904021541789712,-0.0317106982288437,-0.2219228064394029,-0.3554120201969512,True,-0.25642617678666385
2025-02-11 00:00:00+00:00,0.0,0.0,0.0,0.0,0.0,0.0,0.0,0.0,-0.1919437037236376,-0.3585541805689027,-0.2904021541789712,-0.0317106982288437,-0.2219228064394029,-0.3554120201969512,True,-0.25642617678666385
2025-02-12 00:00:00+00:00,2.0,2.0,0.0,4.0,0.0,0.5,0.0,0.0,0.1418639249743304,0.96286666030753,-0.2904021541789712,-0.0311008380361108,-0.2219228064394029,-0.3554120201969512,True,-0.14515696722067456
2025-02-13 00:00:00+00:00,0.0,0.0,0.0,0.0,0.0,0.0,0.0,0.0,-0.1919437037236376,-0.3585541805689027,-0.2904021541789712,-0.0317106982288437,-0.2219228064394029,-0.3554120201969512,True,-0.25642617678666385
2025-02-14 00:00:00+00:00,0.0,0.0,0.0,0.0,0.0,0.0,0.0,0.0,-0.1919437037236376,-0.3585541805689027,-0.2904021541789712,-0.0317106982288437,-0.2219228064394029,-0.3554120201969512,True,-0.25642617678666385
2025-02-15 00:00:00+00:00,0.0,0.0,0.0,0.0,0.0,0.0,0.0,0.0,-0.1919437037236376,-0.3585541805689027,-0.2904021541789712,-0.0317106982288437,-0.2219228064394029,-0.3554120201969512,True,-0.25642617678666385
2025-02-16 00:00:00+00:00,0.0,0.0,0.0,0.0,0.0,0.0,0.0,0.0,-0.1919437037236376,-0.3585541805689027,-0.2904021541789712,-0.0317106982288437,-0.2219228064394029,-0.3554120201969512,True,-0.25642617678666385
2025-02-17 00:00:00+00:00,0.0,0.0,0.0,0.0,0.0,0.0,0.0,0.0,-0.1919437037236376,-0.3585541805689027,-0.2904021541789712,-0.0317106982288437,-0.2219228064394029,-0.3554120201969512,True,-0.25642617678666385
2025-02-18 00:00:00+00:00,0.0,0.0,0.0,0.0,0.0,0.0,0.0,0.0,-0.1919437037236376,-0.3585541805689027,-0.2904021541789712,-0.0317106982288437,-0.2219228064394029,-0.3554120201969512,True,-0.25642617678666385
2025-02-19 00:00:00+00:00,0.0,0.0,0.0,0.0,0.0,0.0,0.0,0.0,-0.1919437037236376,-0.3585541805689027,-0.2904021541789712,-0.0317106982288437,-0.2219228064394029,-0.3554120201969512,True,-0.25642617678666385
2025-02-20 00:00:00+00:00,0.0,0.0,0.0,0.0,0.0,0.0,0.0,0.0,-0.1919437037236376,-0.3585541805689027,-0.2904021541789712,-0.0317106982288437,-0.2219228064394029,-0.3554120201969512,True,-0.25642617678666385
2025-02-21 00:00:00+00:00,0.0,0.0,0.0,0.0,0.0,0.0,0.0,0.0,-0.1919437037236376,-0.3585541805689027,-0.2904021541789712,-0.0317106982288437,-0.2219228064394029,-0.3554120201969512,True,-0.25642617678666385
2025-02-22 00:00:00+00:00,0.0,0.0,0.0,0.0,0.0,0.0,0.0,0.0,-0.1919437037236376,-0.3585541805689027,-0.2904021541789712,-0.0317106982288437,-0.2219228064394029,-0.3554120201969512,True,-0.25642617678666385
2025-02-23 00:00:00+00:00,0.0,0.0,0.0,0.0,0.0,0.0,0.0,0.0,-0.1919437037236376,-0.3585541805689027,-0.2904021541789712,-0.0317106982288437,-0.2219228064394029,-0.3554120201969512,True,-0.25642617678666385
2025-02-24 00:00:00+00:00,0.0,0.0,0.0,0.0,0.0,0.0,0.0,0.0,-0.1919437037236376,-0.3585541805689027,-0.2904021541789712,-0.0317106982288437,-0.2219228064394029,-0.3554120201969512,True,-0.25642617678666385
2025-02-25 00:00:00+00:00,0.0,0.0,0.0,0.0,0.0,0.0,0.0,0.0,-0.1919437037236376,-0.3585541805689027,-0.2904021541789712,-0.0317106982288437,-0.2219228064394029,-0.3554120201969512,True,-0.25642617678666385
2025-02-26 00:00:00+00:00,0.0,0.0,0.0,0.0,0.0,0.0,0.0,0.0,-0.1919437037236376,-0.3585541805689027,-0.2904021541789712,-0.0317106982288437,-0.2219228064394029,-0.3554120201969512,True,-0.25642617678666385
2025-02-27 00:00:00+00:00,0.0,0.0,0.0,0.0,0.0,0.0,0.0,0.0,-0.1919437037236376,-0.3585541805689027,-0.2904021541789712,-0.0317106982288437,-0.2219228064394029,-0.3554120201969512,True,-0.25642617678666385
2025-02-28 00:00:00+00:00,0.0,0.0,0.0,0.0,0.0,0.0,0.0,0.0,-0.1919437037236376,-0.3585541805689027,-0.2904021541789712,-0.0317106982288437,-0.2219228064394029,-0.3554120201969512,True,-0.25642617678666385
2025-03-01 00:00:00+00:00,0.0,0.0,0.0,0.0,0.0,0.0,0.0,0.0,-0.1919437037236376,-0.3585541805689027,-0.2904021541789712,-0.0317106982288437,-0.2219228064394029,-0.3554120201969512,True,-0.25642617678666385
2025-03-02 00:00:00+00:00,0.0,0.0,0.0,0.0,0.0,0.0,0.0,0.0,-0.1919437037236376,-0.3585541805689027,-0.2904021541789712,-0.0317106982288437,-0.2219228064394029,-0.3554120201969512,True,-0.25642617678666385
2025-03-03 00:00:00+00:00,0.0,0.0,0.0,0.0,0.0,0.0,0.0,0.0,-0.1919437037236376,-0.3585541805689027,-0.2904021541789712,-0.0317106982288437,-0.2219228064394029,-0.3554120201969512,True,-0.25642617678666385
2025-03-04 00:00:00+00:00,0.0,0.0,0.0,0.0,0.0,0.0,0.0,0.0,-0.1919437037236376,-0.3585541805689027,-0.2904021541789712,-0.0317106982288437,-0.2219228064394029,-0.3554120201969512,True,-0.25642617678666385
2025-03-05 00:00:00+00:00,0.0,0.0,0.0,0.0,0.0,0.0,0.0,0.0,-0.1919437037236376,-0.3585541805689027,-0.2904021541789712,-0.0317106982288437,-0.2219228064394029,-0.3554120201969512,True,-0.25642617678666385
2025-03-06 00:00:00+00:00,0.0,0.0,0.0,0.0,0.0,0.0,0.0,0.0,-0.1919437037236376,-0.3585541805689027,-0.2904021541789712,-0.0317106982288437,-0.2219228064394029,-0.3554120201969512,True,-0.25642617678666385
2025-03-07 00:00:00+00:00,0.0,0.0,0.0,0.0,0.0,0.0,0.0,0.0,-0.1919437037236376,-0.3585541805689027,-0.2904021541789712,-0.0317106982288437,-0.2219228064394029,-0.3554120201969512,True,-0.25642617678666385
2025-03-08 00:00:00+00:00,1.0,1.0,1.0,4.0,0.0,0.0,0.0,1.0,-0.0250398893746535,0.3021562398693136,1.214550564394625,-0.0311008380361108,-0.2219228064394029,3.4536583104494114,True,1.068898538211785
2025-03-09 00:00:00+00:00,0.0,0.0,0.0,0.0,0.0,0.0,0.0,0.0,-0.1919437037236376,-0.3585541805689027,-0.2904021541789712,-0.0317106982288437,-0.2219228064394029,-0.3554120201969512,True,-0.25642617678666385
2025-03-10 00:00:00+00:00,0.0,0.0,0.0,0.0,0.0,0.0,0.0,0.0,-0.1919437037236376,-0.3585541805689027,-0.2904021541789712,-0.0317106982288437,-0.2219228064394029,-0.3554120201969512,True,-0.25642617678666385
2025-03-11 00:00:00+00:00,0.0,0.0,0.0,0.0,0.0,0.0,0.0,0.0,-0.1919437037236376,-0.3585541805689027,-0.2904021541789712,-0.0317106982288437,-0.2219228064394029,-0.3554120201969512,True,-0.25642617678666385
2025-03-12 00:00:00+00:00,0.0,0.0,0.0,0.0,0.0,0.0,0.0,0.0,-0.1919437037236376,-0.3585541805689027,-0.2904021541789712,-0.0317106982288437,-0.2219228064394029,-0.3554120201969512,True,-0.25642617678666385
2025-03-13 00:00:00+00:00,1.0,1.0,1.0,71.0,0.0,0.0,0.0,1.0,-0.0250398893746535,0.3021562398693136,1.214550564394625,-0.0208856798078351,-0.2219228064394029,3.4536583104494114,True,1.068898538211785
2025-03-14 00:00:00+00:00,0.0,0.0,0.0,0.0,0.0,0.0,0.0,0.0,-0.1919437037236376,-0.3585541805689027,-0.2904021541789712,-0.0317106982288437,-0.2219228064394029,-0.3554120201969512,True,-0.25642617678666385
2025-03-15 00:00:00+00:00,0.0,0.0,0.0,0.0,0.0,0.0,0.0,0.0,-0.1919437037236376,-0.3585541805689027,-0.2904021541789712,-0.0317106982288437,-0.2219228064394029,-0.3554120201969512,True,-0.25642617678666385
2025-03-16 00:00:00+00:00,0.0,0.0,0.0,0.0,0.0,0.0,0.0,0.0,-0.1919437037236376,-0.3585541805689027,-0.2904021541789712,-0.0317106982288437,-0.2219228064394029,-0.3554120201969512,True,-0.25642617678666385
2025-03-17 00:00:00+00:00,0.0,0.0,0.0,0.0,0.0,0.0,0.0,0.0,-0.1919437037236376,-0.3585541805689027,-0.2904021541789712,-0.0317106982288437,-0.2219228064394029,-0.3554120201969512,True,-0.25642617678666385
2025-03-18 00:00:00+00:00,0.0,0.0,0.0,0.0,0.0,0.0,0.0,0.0,-0.1919437037236376,-0.3585541805689027,-0.2904021541789712,-0.0317106982288437,-0.2219228064394029,-0.3554120201969512,True,-0.25642617678666385
2025-03-19 00:00:00+00:00,0.0,0.0,0.0,0.0,0.0,0.0,0.0,0.0,-0.1919437037236376,-0.3585541805689027,-0.2904021541789712,-0.0317106982288437,-0.2219228064394029,-0.3554120201969512,True,-0.25642617678666385
2025-03-20 00:00:00+00:00,0.0,0.0,0.0,0.0,0.0,0.0,0.0,0.0,-0.1919437037236376,-0.3585541805689027,-0.2904021541789712,-0.0317106982288437,-0.2219228064394029,-0.3554120201969512,True,-0.25642617678666385
2025-03-21 00:00:00+00:00,0.0,0.0,0.0,0.0,0.0,0.0,0.0,0.0,-0.1919437037236376,-0.3585541805689027,-0.2904021541789712,-0.0317106982288437,-0.2219228064394029,-0.3554120201969512,True,-0.25642617678666385
2025-03-22 00:00:00+00:00,0.0,0.0,0.0,0.0,0.0,0.0,0.0,0.0,-0.1919437037236376,-0.3585541805689027,-0.2904021541789712,-0.0317106982288437,-0.2219228064394029,-0.3554120201969512,True,-0.25642617678666385
2025-03-23 00:00:00+00:00,0.0,0.0,0.0,0.0,0.0,0.0,0.0,0.0,-0.1919437037236376,-0.3585541805689027,-0.2904021541789712,-0.0317106982288437,-0.2219228064394029,-0.3554120201969512,True,-0.25642617678666385
2025-03-24 00:00:00+00:00,2.0,2.0,2.0,9.0,0.0,0.0,0.0,1.0,0.1418639249743304,0.96286666030753,2.7195032829682213,-0.0303385127951947,-0.2219228064394029,3.4536583104494114,True,1.1245331429947796
2025-03-25 00:00:00+00:00,0.0,0.0,0.0,0.0,0.0,0.0,0.0,0.0,-0.1919437037236376,-0.3585541805689027,-0.2904021541789712,-0.0317106982288437,-0.2219228064394029,-0.3554120201969512,True,-0.25642617678666385
2025-03-26 00:00:00+00:00,0.0,0.0,0.0,0.0,0.0,0.0,0.0,0.0,-0.1919437037236376,-0.3585541805689027,-0.2904021541789712,-0.0317106982288437,-0.2219228064394029,-0.3554120201969512,True,-0.25642617678666385
2025-03-27 00:00:00+00:00,0.0,0.0,0.0,0.0,0.0,0.0,0.0,0.0,-0.1919437037236376,-0.3585541805689027,-0.2904021541789712,-0.0317106982288437,-0.2219228064394029,-0.3554120201969512,True,-0.25642617678666385
2025-03-28 00:00:00+00:00,0.0,0.0,0.0,0.0,0.0,0.0,0.0,0.0,-0.1919437037236376,-0.3585541805689027,-0.2904021541789712,-0.0317106982288437,-0.2219228064394029,-0.3554120201969512,True,-0.25642617678666385
2025-03-29 00:00:00+00:00,0.0,0.0,0.0,0.0,0.0,0.0,0.0,0.0,-0.1919437037236376,-0.3585541805689027,-0.2904021541789712,-0.0317106982288437,-0.2219228064394029,-0.3554120201969512,True,-0.25642617678666385
2025-03-30 00:00:00+00:00,0.0,0.0,0.0,0.0,0.0,0.0,0.0,0.0,-0.1919437037236376,-0.3585541805689027,-0.2904021541789712,-0.0317106982288437,-0.2219228064394029,-0.3554120201969512,True,-0.25642617678666385
2025-03-31 00:00:00+00:00,0.0,0.0,0.0,0.0,0.0,0.0,0.0,0.0,-0.1919437037236376,-0.3585541805689027,-0.2904021541789712,-0.0317106982288437,-0.2219228064394029,-0.3554120201969512,True,-0.25642617678666385
2025-04-01 00:00:00+00:00,0.0,0.0,0.0,0.0,0.0,0.0,0.0,0.0,-0.1919437037236376,-0.3585541805689027,-0.2904021541789712,-0.0317106982288437,-0.2219228064394029,-0.3554120201969512,True,-0.25642617678666385
2025-04-02 00:00:00+00:00,0.0,0.0,0.0,0.0,0.0,0.0,0.0,0.0,-0.1919437037236376,-0.3585541805689027,-0.2904021541789712,-0.0317106982288437,-0.2219228064394029,-0.3554120201969512,True,-0.25642617678666385
2025-04-03 00:00:00+00:00,0.0,0.0,0.0,0.0,0.0,0.0,0.0,0.0,-0.1919437037236376,-0.3585541805689027,-0.2904021541789712,-0.0317106982288437,-0.2219228064394029,-0.3554120201969512,True,-0.25642617678666385
2025-04-04 00:00:00+00:00,0.0,0.0,0.0,0.0,0.0,0.0,0.0,0.0,-0.1919437037236376,-0.3585541805689027,-0.2904021541789712,-0.0317106982288437,-0.2219228064394029,-0.3554120201969512,True,-0.25642617678666385
2025-04-05 00:00:00+00:00,2.0,2.0,1.0,4.0,0.0,0.5,0.0,0.5,0.1418639249743304,0.96286666030753,1.214550564394625,-0.0311008380361108,-0.2219228064394029,1.54912314512623,True,0.4896880878870525
2025-04-06 00:00:00+00:00,0.0,0.0,0.0,0.0,0.0,0.0,0.0,0.0,-0.1919437037236376,-0.3585541805689027,-0.2904021541789712,-0.0317106982288437,-0.2219228064394029,-0.3554120201969512,True,-0.25642617678666385
2025-04-07 00:00:00+00:00,0.0,0.0,0.0,0.0,0.0,0.0,0.0,0.0,-0.1919437037236376,-0.3585541805689027,-0.2904021541789712,-0.0317106982288437,-0.2219228064394029,-0.3554120201969512,True,-0.25642617678666385
2025-04-08 00:00:00+00:00,0.0,0.0,0.0,0.0,0.0,0.0,0.0,0.0,-0.1919437037236376,-0.3585541805689027,-0.2904021541789712,-0.0317106982288437,-0.2219228064394029,-0.3554120201969512,True,-0.25642617678666385
2025-04-09 00:00:00+00:00,0.0,0.0,0.0,0.0,0.0,0.0,0.0,0.0,-0.1919437037236376,-0.3585541805689027,-0.2904021541789712,-0.0317106982288437,-0.2219228064394029,-0.3554120201969512,True,-0.25642617678666385
2025-04-10 00:00:00+00:00,0.0,0.0,0.0,0.0,0.0,0.0,0.0,0.0,-0.1919437037236376,-0.3585541805689027,-0.2904021541789712,-0.0317106982288437,-0.2219228064394029,-0.3554120201969512,True,-0.25642617678666385
2025-04-11 00:00:00+00:00,0.0,0.0,0.0,0.0,0.0,0.0,0.0,0.0,-0.1919437037236376,-0.3585541805689027,-0.2904021541789712,-0.0317106982288437,-0.2219228064394029,-0.3554120201969512,True,-0.25642617678666385
2025-04-12 00:00:00+00:00,1.0,1.0,0.0,0.0,0.0,1.0,0.0,0.0,-0.0250398893746535,0.3021562398693136,-0.2904021541789712,-0.0317106982288437,-0.2219228064394029,-0.3554120201969512,True,-0.20079157200366918
2025-04-13 00:00:00+00:00,0.0,0.0,0.0,0.0,0.0,0.0,0.0,0.0,-0.1919437037236376,-0.3585541805689027,-0.2904021541789712,-0.0317106982288437,-0.2219228064394029,-0.3554120201969512,True,-0.25642617678666385
2025-04-14 00:00:00+00:00,0.0,0.0,0.0,0.0,0.0,0.0,0.0,0.0,-0.1919437037236376,-0.3585541805689027,-0.2904021541789712,-0.0317106982288437,-0.2219228064394029,-0.3554120201969512,True,-0.25642617678666385
2025-04-15 00:00:00+00:00,0.0,0.0,0.0,0.0,0.0,0.0,0.0,0.0,-0.1919437037236376,-0.3585541805689027,-0.2904021541789712,-0.0317106982288437,-0.2219228064394029,-0.3554120201969512,True,-0.25642617678666385
2025-04-16 00:00:00+00:00,0.0,0.0,0.0,0.0,0.0,0.0,0.0,0.0,-0.1919437037236376,-0.3585541805689027,-0.2904021541789712,-0.0317106982288437,-0.2219228064394029,-0.3554120201969512,True,-0.25642617678666385
2025-04-17 00:00:00+00:00,0.0,0.0,0.0,0.0,0.0,0.0,0.0,0.0,-0.1919437037236376,-0.3585541805689027,-0.2904021541789712,-0.0317106982288437,-0.2219228064394029,-0.3554120201969512,True,-0.25642617678666385
2025-04-18 00:00:00+00:00,0.0,0.0,0.0,0.0,0.0,0.0,0.0,0.0,-0.1919437037236376,-0.3585541805689027,-0.2904021541789712,-0.0317106982288437,-0.2219228064394029,-0.3554120201969512,True,-0.25642617678666385
2025-04-19 00:00:00+00:00,0.0,0.0,0.0,0.0,0.0,0.0,0.0,0.0,-0.1919437037236376,-0.3585541805689027,-0.2904021541789712,-0.0317106982288437,-0.2219228064394029,-0.3554120201969512,True,-0.25642617678666385
2025-04-20 00:00:00+00:00,0.0,0.0,0.0,0.0,0.0,0.0,0.0,0.0,-0.1919437037236376,-0.3585541805689027,-0.2904021541789712,-0.0317106982288437,-0.2219228064394029,-0.3554120201969512,True,-0.25642617678666385
2025-04-21 00:00:00+00:00,0.0,0.0,0.0,0.0,0.0,0.0,0.0,0.0,-0.1919437037236376,-0.3585541805689027,-0.2904021541789712,-0.0317106982288437,-0.2219228064394029,-0.3554120201969512,True,-0.25642617678666385
2025-04-22 00:00:00+00:00,0.0,0.0,0.0,0.0,0.0,0.0,0.0,0.0,-0.1919437037236376,-0.3585541805689027,-0.2904021541789712,-0.0317106982288437,-0.2219228064394029,-0.3554120201969512,True,-0.25642617678666385
2025-04-23 00:00:00+00:00,0.0,0.0,0.0,0.0,0.0,0.0,0.0,0.0,-0.1919437037236376,-0.3585541805689027,-0.2904021541789712,-0.0317106982288437,-0.2219228064394029,-0.3554120201969512,True,-0.25642617678666385
2025-04-24 00:00:00+00:00,0.0,0.0,0.0,0.0,0.0,0.0,0.0,0.0,-0.1919437037236376,-0.3585541805689027,-0.2904021541789712,-0.0317106982288437,-0.2219228064394029,-0.3554120201969512,True,-0.25642617678666385
2025-04-25 00:00:00+00:00,0.0,0.0,0.0,0.0,0.0,0.0,0.0,0.0,-0.1919437037236376,-0.3585541805689027,-0.2904021541789712,-0.0317106982288437,-0.2219228064394029,-0.3554120201969512,True,-0.25642617678666385
2025-04-26 00:00:00+00:00,0.0,0.0,0.0,0.0,0.0,0.0,0.0,0.0,-0.1919437037236376,-0.3585541805689027,-0.2904021541789712,-0.0317106982288437,-0.2219228064394029,-0.3554120201969512,True,-0.25642617678666385
2025-04-27 00:00:00+00:00,0.0,0.0,0.0,0.0,0.0,0.0,0.0,0.0,-0.1919437037236376,-0.3585541805689027,-0.2904021541789712,-0.0317106982288437,-0.2219228064394029,-0.3554120201969512,True,-0.25642617678666385
2025-04-28 00:00:00+00:00,0.0,0.0,0.0,0.0,0.0,0.0,0.0,0.0,-0.1919437037236376,-0.3585541805689027,-0.2904021541789712,-0.0317106982288437,-0.2219228064394029,-0.3554120201969512,True,-0.25642617678666385
2025-04-29 00:00:00+00:00,5.0,2.0,0.0,321.75,0.0,0.2,0.0,0.0,0.6425753680212826,0.96286666030753,-0.2904021541789712,0.017344931024107,-0.2219228064394029,-0.3554120201969512,True,0.021746847128309505
2025-04-30 00:00:00+00:00,0.0,0.0,0.0,0.0,0.0,0.0,0.0,0.0,-0.1919437037236376,-0.3585541805689027,-0.2904021541789712,-0.0317106982288437,-0.2219228064394029,-0.3554120201969512,True,-0.25642617678666385
2025-05-01 00:00:00+00:00,1.0,1.0,0.0,5.0,0.0,0.0,0.0,0.0,-0.0250398893746535,0.3021562398693136,-0.2904021541789712,-0.0309483729879276,-0.2219228064394029,-0.3554120201969512,True,-0.20079157200366918
2025-05-02 00:00:00+00:00,0.0,0.0,0.0,0.0,0.0,0.0,0.0,0.0,-0.1919437037236376,-0.3585541805689027,-0.2904021541789712,-0.0317106982288437,-0.2219228064394029,-0.3554120201969512,True,-0.25642617678666385
2025-05-03 00:00:00+00:00,0.0,0.0,0.0,0.0,0.0,0.0,0.0,0.0,-0.1919437037236376,-0.3585541805689027,-0.2904021541789712,-0.0317106982288437,-0.2219228064394029,-0.3554120201969512,True,-0.25642617678666385
2025-05-04 00:00:00+00:00,0.0,0.0,0.0,0.0,0.0,0.0,0.0,0.0,-0.1919437037236376,-0.3585541805689027,-0.2904021541789712,-0.0317106982288437,-0.2219228064394029,-0.3554120201969512,True,-0.25642617678666385
2025-05-05 00:00:00+00:00,0.0,0.0,0.0,0.0,0.0,0.0,0.0,0.0,-0.1919437037236376,-0.3585541805689027,-0.2904021541789712,-0.0317106982288437,-0.2219228064394029,-0.3554120201969512,True,-0.25642617678666385
2025-05-06 00:00:00+00:00,1.0,1.0,0.0,0.0,0.0,1.0,0.0,0.0,-0.0250398893746535,0.3021562398693136,-0.2904021541789712,-0.0317106982288437,-0.2219228064394029,-0.3554120201969512,True,-0.20079157200366918
2025-05-07 00:00:00+00:00,0.0,0.0,0.0,0.0,0.0,0.0,0.0,0.0,-0.1919437037236376,-0.3585541805689027,-0.2904021541789712,-0.0317106982288437,-0.2219228064394029,-0.3554120201969512,True,-0.25642617678666385
2025-05-08 00:00:00+00:00,0.0,0.0,0.0,0.0,0.0,0.0,0.0,0.0,-0.1919437037236376,-0.3585541805689027,-0.2904021541789712,-0.0317106982288437,-0.2219228064394029,-0.3554120201969512,True,-0.25642617678666385
2025-05-09 00:00:00+00:00,0.0,0.0,0.0,0.0,0.0,0.0,0.0,0.0,-0.1919437037236376,-0.3585541805689027,-0.2904021541789712,-0.0317106982288437,-0.2219228064394029,-0.3554120201969512,True,-0.25642617678666385
2025-05-10 00:00:00+00:00,0.0,0.0,0.0,0.0,0.0,0.0,0.0,0.0,-0.1919437037236376,-0.3585541805689027,-0.2904021541789712,-0.0317106982288437,-0.2219228064394029,-0.3554120201969512,True,-0.25642617678666385
2025-05-11 00:00:00+00:00,0.0,0.0,0.0,0.0,0.0,0.0,0.0,0.0,-0.1919437037236376,-0.3585541805689027,-0.2904021541789712,-0.0317106982288437,-0.2219228064394029,-0.3554120201969512,True,-0.25642617678666385
2025-05-12 00:00:00+00:00,1.0,1.0,1.0,1.0,0.0,0.0,0.0,1.0,-0.0250398893746535,0.3021562398693136,1.214550564394625,-0.0315582331806605,-0.2219228064394029,3.4536583104494114,True,1.068898538211785
2025-05-13 00:00:00+00:00,0.0,0.0,0.0,0.0,0.0,0.0,0.0,0.0,-0.1919437037236376,-0.3585541805689027,-0.2904021541789712,-0.0317106982288437,-0.2219228064394029,-0.3554120201969512,True,-0.25642617678666385
2025-05-14 00:00:00+00:00,0.0,0.0,0.0,0.0,0.0,0.0,0.0,0.0,-0.1919437037236376,-0.3585541805689027,-0.2904021541789712,-0.0317106982288437,-0.2219228064394029,-0.3554120201969512,True,-0.25642617678666385
2025-05-15 00:00:00+00:00,0.0,0.0,0.0,0.0,0.0,0.0,0.0,0.0,-0.1919437037236376,-0.3585541805689027,-0.2904021541789712,-0.0317106982288437,-0.2219228064394029,-0.3554120201969512,True,-0.25642617678666385
2025-05-16 00:00:00+00:00,0.0,0.0,0.0,0.0,0.0,0.0,0.0,0.0,-0.1919437037236376,-0.3585541805689027,-0.2904021541789712,-0.0317106982288437,-0.2219228064394029,-0.3554120201969512,True,-0.25642617678666385
2025-05-17 00:00:00+00:00,0.0,0.0,0.0,0.0,0.0,0.0,0.0,0.0,-0.1919437037236376,-0.3585541805689027,-0.2904021541789712,-0.0317106982288437,-0.2219228064394029,-0.3554120201969512,True,-0.25642617678666385
2025-05-18 00:00:00+00:00,0.0,0.0,0.0,0.0,0.0,0.0,0.0,0.0,-0.1919437037236376,-0.3585541805689027,-0.2904021541789712,-0.0317106982288437,-0.2219228064394029,-0.3554120201969512,True,-0.25642617678666385
2025-05-19 00:00:00+00:00,0.0,0.0,0.0,0.0,0.0,0.0,0.0,0.0,-0.1919437037236376,-0.3585541805689027,-0.2904021541789712,-0.0317106982288437,-0.2219228064394029,-0.3554120201969512,True,-0.25642617678666385
2025-05-20 00:00:00+00:00,0.0,0.0,0.0,0.0,0.0,0.0,0.0,0.0,-0.1919437037236376,-0.3585541805689027,-0.2904021541789712,-0.0317106982288437,-0.2219228064394029,-0.3554120201969512,True,-0.25642617678666385
2025-05-21 00:00:00+00:00,0.0,0.0,0.0,0.0,0.0,0.0,0.0,0.0,-0.1919437037236376,-0.3585541805689027,-0.2904021541789712,-0.0317106982288437,-0.2219228064394029,-0.3554120201969512,True,-0.25642617678666385
2025-05-22 00:00:00+00:00,0.0,0.0,0.0,0.0,0.0,0.0,0.0,0.0,-0.1919437037236376,-0.3585541805689027,-0.2904021541789712,-0.0317106982288437,-0.2219228064394029,-0.3554120201969512,True,-0.25642617678666385
2025-05-23 00:00:00+00:00,0.0,0.0,0.0,0.0,0.0,0.0,0.0,0.0,-0.1919437037236376,-0.3585541805689027,-0.2904021541789712,-0.0317106982288437,-0.2219228064394029,-0.3554120201969512,True,-0.25642617678666385
2025-05-24 00:00:00+00:00,0.0,0.0,0.0,0.0,0.0,0.0,0.0,0.0,-0.1919437037236376,-0.3585541805689027,-0.2904021541789712,-0.0317106982288437,-0.2219228064394029,-0.3554120201969512,True,-0.25642617678666385
2025-05-25 00:00:00+00:00,0.0,0.0,0.0,0.0,0.0,0.0,0.0,0.0,-0.1919437037236376,-0.3585541805689027,-0.2904021541789712,-0.0317106982288437,-0.2219228064394029,-0.3554120201969512,True,-0.25642617678666385
2025-05-26 00:00:00+00:00,1.0,1.0,0.0,0.0,0.0,1.0,0.0,0.0,-0.0250398893746535,0.3021562398693136,-0.2904021541789712,-0.0317106982288437,-0.2219228064394029,-0.3554120201969512,True,-0.20079157200366918
2025-05-27 00:00:00+00:00,0.0,0.0,0.0,0.0,0.0,0.0,0.0,0.0,-0.1919437037236376,-0.3585541805689027,-0.2904021541789712,-0.0317106982288437,-0.2219228064394029,-0.3554120201969512,True,-0.25642617678666385
2025-05-28 00:00:00+00:00,1.0,1.0,1.0,34.0,0.0,0.0,0.0,1.0,-0.0250398893746535,0.3021562398693136,1.214550564394625,-0.0265268865906142,-0.2219228064394029,3.4536583104494114,True,1.068898538211785
2025-05-29 00:00:00+00:00,0.0,0.0,0.0,0.0,0.0,0.0,0.0,0.0,-0.1919437037236376,-0.3585541805689027,-0.2904021541789712,-0.0317106982288437,-0.2219228064394029,-0.3554120201969512,True,-0.25642617678666385
2025-05-30 00:00:00+00:00,2.0,2.0,1.0,26.0,0.5,0.0,0.0,0.5,0.1418639249743304,0.96286666030753,1.214550564394625,-0.02774660697608,4.290481659415155,1.54912314512623,True,1.993822909838572
2025-05-31 00:00:00+00:00,0.0,0.0,0.0,0.0,0.0,0.0,0.0,0.0,-0.1919437037236376,-0.3585541805689027,-0.2904021541789712,-0.0317106982288437,-0.2219228064394029,-0.3554120201969512,True,-0.25642617678666385
2025-06-01 00:00:00+00:00,0.0,0.0,0.0,0.0,0.0,0.0,0.0,0.0,-0.1919437037236376,-0.3585541805689027,-0.2904021541789712,-0.0317106982288437,-0.2219228064394029,-0.3554120201969512,True,-0.25642617678666385
2025-06-02 00:00:00+00:00,0.0,0.0,0.0,0.0,0.0,0.0,0.0,0.0,-0.1919437037236376,-0.3585541805689027,-0.2904021541789712,-0.0317106982288437,-0.2219228064394029,-0.3554120201969512,True,-0.25642617678666385
2025-06-03 00:00:00+00:00,0.0,0.0,0.0,0.0,0.0,0.0,0.0,0.0,-0.1919437037236376,-0.3585541805689027,-0.2904021541789712,-0.0317106982288437,-0.2219228064394029,-0.3554120201969512,True,-0.25642617678666385
2025-06-04 00:00:00+00:00,2.0,2.0,1.0,57.0,0.0,0.0,0.0,0.5,0.1418639249743304,0.96286666030753,1.214550564394625,-0.0230201904824002,-0.2219228064394029,1.54912314512623,True,0.4896880878870525
2025-06-05 00:00:00+00:00,0.0,0.0,0.0,0.0,0.0,0.0,0.0,0.0,-0.1919437037236376,-0.3585541805689027,-0.2904021541789712,-0.0317106982288437,-0.2219228064394029,-0.3554120201969512,True,-0.25642617678666385
2025-06-06 00:00:00+00:00,0.0,0.0,0.0,0.0,0.0,0.0,0.0,0.0,-0.1919437037236376,-0.3585541805689027,-0.2904021541789712,-0.0317106982288437,-0.2219228064394029,-0.3554120201969512,True,-0.25642617678666385
2025-06-07 00:00:00+00:00,0.0,0.0,0.0,0.0,0.0,0.0,0.0,0.0,-0.1919437037236376,-0.3585541805689027,-0.2904021541789712,-0.0317106982288437,-0.2219228064394029,-0.3554120201969512,True,-0.25642617678666385
2025-06-08 00:00:00+00:00,0.0,0.0,0.0,0.0,0.0,0.0,0.0,0.0,-0.1919437037236376,-0.3585541805689027,-0.2904021541789712,-0.0317106982288437,-0.2219228064394029,-0.3554120201969512,True,-0.25642617678666385
2025-06-09 00:00:00+00:00,1.0,1.0,0.0,0.0,0.0,1.0,0.0,0.0,-0.0250398893746535,0.3021562398693136,-0.2904021541789712,-0.0317106982288437,-0.2219228064394029,-0.3554120201969512,True,-0.20079157200366918
2025-06-10 00:00:00+00:00,0.0,0.0,0.0,0.0,0.0,0.0,0.0,0.0,-0.1919437037236376,-0.3585541805689027,-0.2904021541789712,-0.0317106982288437,-0.2219228064394029,-0.3554120201969512,True,-0.25642617678666385
2025-06-11 00:00:00+00:00,0.0,0.0,0.0,0.0,0.0,0.0,0.0,0.0,-0.1919437037236376,-0.3585541805689027,-0.2904021541789712,-0.0317106982288437,-0.2219228064394029,-0.3554120201969512,True,-0.25642617678666385
2025-06-12 00:00:00+00:00,0.0,0.0,0.0,0.0,0.0,0.0,0.0,0.0,-0.1919437037236376,-0.3585541805689027,-0.2904021541789712,-0.0317106982288437,-0.2219228064394029,-0.3554120201969512,True,-0.25642617678666385
2025-06-13 00:00:00+00:00,0.0,0.0,0.0,0.0,0.0,0.0,0.0,0.0,-0.1919437037236376,-0.3585541805689027,-0.2904021541789712,-0.0317106982288437,-0.2219228064394029,-0.3554120201969512,True,-0.25642617678666385
2025-06-14 00:00:00+00:00,0.0,0.0,0.0,0.0,0.0,0.0,0.0,0.0,-0.1919437037236376,-0.3585541805689027,-0.2904021541789712,-0.0317106982288437,-0.2219228064394029,-0.3554120201969512,True,-0.25642617678666385
2025-06-15 00:00:00+00:00,0.0,0.0,0.0,0.0,0.0,0.0,0.0,0.0,-0.1919437037236376,-0.3585541805689027,-0.2904021541789712,-0.0317106982288437,-0.2219228064394029,-0.3554120201969512,True,-0.25642617678666385
2025-06-16 00:00:00+00:00,0.0,0.0,0.0,0.0,0.0,0.0,0.0,0.0,-0.1919437037236376,-0.3585541805689027,-0.2904021541789712,-0.0317106982288437,-0.2219228064394029,-0.3554120201969512,True,-0.25642617678666385
2025-06-17 00:00:00+00:00,0.0,0.0,0.0,0.0,0.0,0.0,0.0,0.0,-0.1919437037236376,-0.3585541805689027,-0.2904021541789712,-0.0317106982288437,-0.2219228064394029,-0.3554120201969512,True,-0.25642617678666385
2025-06-18 00:00:00+00:00,0.0,0.0,0.0,0.0,0.0,0.0,0.0,0.0,-0.1919437037236376,-0.3585541805689027,-0.2904021541789712,-0.0317106982288437,-0.2219228064394029,-0.3554120201969512,True,-0.25642617678666385
2025-06-19 00:00:00+00:00,0.0,0.0,0.0,0.0,0.0,0.0,0.0,0.0,-0.1919437037236376,-0.3585541805689027,-0.2904021541789712,-0.0317106982288437,-0.2219228064394029,-0.3554120201969512,True,-0.25642617678666385
2025-06-20 00:00:00+00:00,0.0,0.0,0.0,0.0,0.0,0.0,0.0,0.0,-0.1919437037236376,-0.3585541805689027,-0.2904021541789712,-0.0317106982288437,-0.2219228064394029,-0.3554120201969512,True,-0.25642617678666385
2025-06-21 00:00:00+00:00,0.0,0.0,0.0,0.0,0.0,0.0,0.0,0.0,-0.1919437037236376,-0.3585541805689027,-0.2904021541789712,-0.0317106982288437,-0.2219228064394029,-0.3554120201969512,True,-0.25642617678666385
2025-06-22 00:00:00+00:00,3.0,3.0,1.0,841.6666666666666,0.3333333333333333,0.0,0.0,0.3333333333333333,0.3087677393233145,1.6235770807457464,1.214550564394625,0.0966140506586992,2.786346837463636,0.9142780900185028,True,1.3364642222684846
2025-06-23 00:00:00+00:00,0.0,0.0,0.0,0.0,0.0,0.0,0.0,0.0,-0.1919437037236376,-0.3585541805689027,-0.2904021541789712,-0.0317106982288437,-0.2219228064394029,-0.3554120201969512,True,-0.25642617678666385
2025-06-24 00:00:00+00:00,0.0,0.0,0.0,0.0,0.0,0.0,0.0,0.0,-0.1919437037236376,-0.3585541805689027,-0.2904021541789712,-0.0317106982288437,-0.2219228064394029,-0.3554120201969512,True,-0.25642617678666385
2025-06-25 00:00:00+00:00,1.0,1.0,0.0,0.0,0.0,1.0,0.0,0.0,-0.0250398893746535,0.3021562398693136,-0.2904021541789712,-0.0317106982288437,-0.2219228064394029,-0.3554120201969512,True,-0.20079157200366918
2025-06-26 00:00:00+00:00,0.0,0.0,0.0,0.0,0.0,0.0,0.0,0.0,-0.1919437037236376,-0.3585541805689027,-0.2904021541789712,-0.0317106982288437,-0.2219228064394029,-0.3554120201969512,True,-0.25642617678666385
2025-06-27 00:00:00+00:00,0.0,0.0,0.0,0.0,0.0,0.0,0.0,0.0,-0.1919437037236376,-0.3585541805689027,-0.2904021541789712,-0.0317106982288437,-0.2219228064394029,-0.3554120201969512,True,-0.25642617678666385
2025-06-28 00:00:00+00:00,0.0,0.0,0.0,0.0,0.0,0.0,0.0,0.0,-0.1919437037236376,-0.3585541805689027,-0.2904021541789712,-0.0317106982288437,-0.2219228064394029,-0.3554120201969512,True,-0.25642617678666385
2025-06-29 00:00:00+00:00,0.0,0.0,0.0,0.0,0.0,0.0,0.0,0.0,-0.1919437037236376,-0.3585541805689027,-0.2904021541789712,-0.0317106982288437,-0.2219228064394029,-0.3554120201969512,True,-0.25642617678666385
2025-06-30 00:00:00+00:00,0.0,0.0,0.0,0.0,0.0,0.0,0.0,0.0,-0.1919437037236376,-0.3585541805689027,-0.2904021541789712,-0.0317106982288437,-0.2219228064394029,-0.3554120201969512,True,-0.25642617678666385
2025-07-01 00:00:00+00:00,0.0,0.0,0.0,0.0,0.0,0.0,0.0,0.0,-0.1919437037236376,-0.3585541805689027,-0.2904021541789712,-0.0317106982288437,-0.2219228064394029,-0.3554120201969512,True,-0.25642617678666385
2025-07-02 00:00:00+00:00,0.0,0.0,0.0,0.0,0.0,0.0,0.0,0.0,-0.1919437037236376,-0.3585541805689027,-0.2904021541789712,-0.0317106982288437,-0.2219228064394029,-0.3554120201969512,True,-0.25642617678666385
2025-07-03 00:00:00+00:00,0.0,0.0,0.0,0.0,0.0,0.0,0.0,0.0,-0.1919437037236376,-0.3585541805689027,-0.2904021541789712,-0.0317106982288437,-0.2219228064394029,-0.3554120201969512,True,-0.25642617678666385
2025-07-04 00:00:00+00:00,0.0,0.0,0.0,0.0,0.0,0.0,0.0,0.0,-0.1919437037236376,-0.3585541805689027,-0.2904021541789712,-0.0317106982288437,-0.2219228064394029,-0.3554120201969512,True,-0.25642617678666385
2025-07-05 00:00:00+00:00,1.0,1.0,0.0,2.0,0.0,0.0,0.0,0.0,-0.0250398893746535,0.3021562398693136,-0.2904021541789712,-0.0314057681324773,-0.2219228064394029,-0.3554120201969512,True,-0.20079157200366918
2025-07-06 00:00:00+00:00,0.0,0.0,0.0,0.0,0.0,0.0,0.0,0.0,-0.1919437037236376,-0.3585541805689027,-0.2904021541789712,-0.0317106982288437,-0.2219228064394029,-0.3554120201969512,True,-0.25642617678666385
2025-07-07 00:00:00+00:00,0.0,0.0,0.0,0.0,0.0,0.0,0.0,0.0,-0.1919437037236376,-0.3585541805689027,-0.2904021541789712,-0.0317106982288437,-0.2219228064394029,-0.3554120201969512,True,-0.25642617678666385
2025-07-08 00:00:00+00:00,0.0,0.0,0.0,0.0,0.0,0.0,0.0,0.0,-0.1919437037236376,-0.3585541805689027,-0.2904021541789712,-0.0317106982288437,-0.2219228064394029,-0.3554120201969512,True,-0.25642617678666385
2025-07-09 00:00:00+00:00,0.0,0.0,0.0,0.0,0.0,0.0,0.0,0.0,-0.1919437037236376,-0.3585541805689027,-0.2904021541789712,-0.0317106982288437,-0.2219228064394029,-0.3554120201969512,True,-0.25642617678666385
2025-07-10 00:00:00+00:00,0.0,0.0,0.0,0.0,0.0,0.0,0.0,0.0,-0.1919437037236376,-0.3585541805689027,-0.2904021541789712,-0.0317106982288437,-0.2219228064394029,-0.3554120201969512,True,-0.25642617678666385
2025-07-11 00:00:00+00:00,0.0,0.0,0.0,0.0,0.0,0.0,0.0,0.0,-0.1919437037236376,-0.3585541805689027,-0.2904021541789712,-0.0317106982288437,-0.2219228064394029,-0.3554120201969512,True,-0.25642617678666385
2025-07-12 00:00:00+00:00,1.0,1.0,0.0,0.0,0.0,1.0,0.0,0.0,-0.0250398893746535,0.3021562398693136,-0.2904021541789712,-0.0317106982288437,-0.2219228064394029,-0.3554120201969512,True,-0.20079157200366918
2025-07-13 00:00:00+00:00,0.0,0.0,0.0,0.0,0.0,0.0,0.0,0.0,-0.1919437037236376,-0.3585541805689027,-0.2904021541789712,-0.0317106982288437,-0.2219228064394029,-0.3554120201969512,True,-0.25642617678666385
2025-07-14 00:00:00+00:00,0.0,0.0,0.0,0.0,0.0,0.0,0.0,0.0,-0.1919437037236376,-0.3585541805689027,-0.2904021541789712,-0.0317106982288437,-0.2219228064394029,-0.3554120201969512,True,-0.25642617678666385
2025-07-15 00:00:00+00:00,0.0,0.0,0.0,0.0,0.0,0.0,0.0,0.0,-0.1919437037236376,-0.3585541805689027,-0.2904021541789712,-0.0317106982288437,-0.2219228064394029,-0.3554120201969512,True,-0.25642617678666385
2025-07-16 00:00:00+00:00,0.0,0.0,0.0,0.0,0.0,0.0,0.0,0.0,-0.1919437037236376,-0.3585541805689027,-0.2904021541789712,-0.0317106982288437,-0.2219228064394029,-0.3554120201969512,True,-0.25642617678666385
2025-07-17 00:00:00+00:00,0.0,0.0,0.0,0.0,0.0,0.0,0.0,0.0,-0.1919437037236376,-0.3585541805689027,-0.2904021541789712,-0.0317106982288437,-0.2219228064394029,-0.3554120201969512,True,-0.25642617678666385
2025-07-18 00:00:00+00:00,0.0,0.0,0.0,0.0,0.0,0.0,0.0,0.0,-0.1919437037236376,-0.3585541805689027,-0.2904021541789712,-0.0317106982288437,-0.2219228064394029,-0.3554120201969512,True,-0.25642617678666385
2025-07-19 00:00:00+00:00,0.0,0.0,0.0,0.0,0.0,0.0,0.0,0.0,-0.1919437037236376,-0.3585541805689027,-0.2904021541789712,-0.0317106982288437,-0.2219228064394029,-0.3554120201969512,True,-0.25642617678666385
2025-07-20 00:00:00+00:00,0.0,0.0,0.0,0.0,0.0,0.0,0.0,0.0,-0.1919437037236376,-0.3585541805689027,-0.2904021541789712,-0.0317106982288437,-0.2219228064394029,-0.3554120201969512,True,-0.25642617678666385
2025-07-21 00:00:00+00:00,0.0,0.0,0.0,0.0,0.0,0.0,0.0,0.0,-0.1919437037236376,-0.3585541805689027,-0.2904021541789712,-0.0317106982288437,-0.2219228064394029,-0.3554120201969512,True,-0.25642617678666385
2025-07-22 00:00:00+00:00,0.0,0.0,0.0,0.0,0.0,0.0,0.0,0.0,-0.1919437037236376,-0.3585541805689027,-0.2904021541789712,-0.0317106982288437,-0.2219228064394029,-0.3554120201969512,True,-0.25642617678666385
2025-07-23 00:00:00+00:00,0.0,0.0,0.0,0.0,0.0,0.0,0.0,0.0,-0.1919437037236376,-0.3585541805689027,-0.2904021541789712,-0.0317106982288437,-0.2219228064394029,-0.3554120201969512,True,-0.25642617678666385
2025-07-24 00:00:00+00:00,0.0,0.0,0.0,0.0,0.0,0.0,0.0,0.0,-0.1919437037236376,-0.3585541805689027,-0.2904021541789712,-0.0317106982288437,-0.2219228064394029,-0.3554120201969512,True,-0.25642617678666385
2025-07-25 00:00:00+00:00,0.0,0.0,0.0,0.0,0.0,0.0,0.0,0.0,-0.1919437037236376,-0.3585541805689027,-0.2904021541789712,-0.0317106982288437,-0.2219228064394029,-0.3554120201969512,True,-0.25642617678666385
2025-07-26 00:00:00+00:00,1.0,1.0,0.0,0.0,0.0,1.0,0.0,0.0,-0.0250398893746535,0.3021562398693136,-0.2904021541789712,-0.0317106982288437,-0.2219228064394029,-0.3554120201969512,True,-0.20079157200366918
2025-07-27 00:00:00+00:00,0.0,0.0,0.0,0.0,0.0,0.0,0.0,0.0,-0.1919437037236376,-0.3585541805689027,-0.2904021541789712,-0.0317106982288437,-0.2219228064394029,-0.3554120201969512,True,-0.25642617678666385
2025-07-28 00:00:00+00:00,0.0,0.0,0.0,0.0,0.0,0.0,0.0,0.0,-0.1919437037236376,-0.3585541805689027,-0.2904021541789712,-0.0317106982288437,-0.2219228064394029,-0.3554120201969512,True,-0.25642617678666385
2025-07-29 00:00:00+00:00,0.0,0.0,0.0,0.0,0.0,0.0,0.0,0.0,-0.1919437037236376,-0.3585541805689027,-0.2904021541789712,-0.0317106982288437,-0.2219228064394029,-0.3554120201969512,True,-0.25642617678666385
2025-07-30 00:00:00+00:00,0.0,0.0,0.0,0.0,0.0,0.0,0.0,0.0,-0.1919437037236376,-0.3585541805689027,-0.2904021541789712,-0.0317106982288437,-0.2219228064394029,-0.3554120201969512,True,-0.25642617678666385
2025-07-31 00:00:00+00:00,2.0,1.0,1.0,58.5,0.0,0.0,0.0,1.0,0.1418639249743304,0.3021562398693136,1.214550564394625,-0.0227914929101254,-0.2219228064394029,3.4536583104494114,True,1.1245331429947796
2025-08-01 00:00:00+00:00,0.0,0.0,0.0,0.0,0.0,0.0,0.0,0.0,-0.1919437037236376,-0.3585541805689027,-0.2904021541789712,-0.0317106982288437,-0.2219228064394029,-0.3554120201969512,True,-0.25642617678666385
2025-08-02 00:00:00+00:00,0.0,0.0,0.0,0.0,0.0,0.0,0.0,0.0,-0.1919437037236376,-0.3585541805689027,-0.2904021541789712,-0.0317106982288437,-0.2219228064394029,-0.3554120201969512,True,-0.25642617678666385
2025-08-03 00:00:00+00:00,0.0,0.0,0.0,0.0,0.0,0.0,0.0,0.0,-0.1919437037236376,-0.3585541805689027,-0.2904021541789712,-0.0317106982288437,-0.2219228064394029,-0.3554120201969512,True,-0.25642617678666385
2025-08-04 00:00:00+00:00,0.0,0.0,0.0,0.0,0.0,0.0,0.0,0.0,-0.1919437037236376,-0.3585541805689027,-0.2904021541789712,-0.0317106982288437,-0.2219228064394029,-0.3554120201969512,True,-0.25642617678666385
2025-08-05 00:00:00+00:00,0.0,0.0,0.0,0.0,0.0,0.0,0.0,0.0,-0.1919437037236376,-0.3585541805689027,-0.2904021541789712,-0.0317106982288437,-0.2219228064394029,-0.3554120201969512,True,-0.25642617678666385
2025-08-06 00:00:00+00:00,0.0,0.0,0.0,0.0,0.0,0.0,0.0,0.0,-0.1919437037236376,-0.3585541805689027,-0.2904021541789712,-0.0317106982288437,-0.2219228064394029,-0.3554120201969512,True,-0.25642617678666385
2025-08-07 00:00:00+00:00,0.0,0.0,0.0,0.0,0.0,0.0,0.0,0.0,-0.1919437037236376,-0.3585541805689027,-0.2904021541789712,-0.0317106982288437,-0.2219228064394029,-0.3554120201969512,True,-0.25642617678666385
2025-08-08 00:00:00+00:00,0.0,0.0,0.0,0.0,0.0,0.0,0.0,0.0,-0.1919437037236376,-0.3585541805689027,-0.2904021541789712,-0.0317106982288437,-0.2219228064394029,-0.3554120201969512,True,-0.25642617678666385
2025-08-09 00:00:00+00:00,0.0,0.0,0.0,0.0,0.0,0.0,0.0,0.0,-0.1919437037236376,-0.3585541805689027,-0.2904021541789712,-0.0317106982288437,-0.2219228064394029,-0.3554120201969512,True,-0.25642617678666385
2025-08-10 00:00:00+00:00,0.0,0.0,0.0,0.0,0.0,0.0,0.0,0.0,-0.1919437037236376,-0.3585541805689027,-0.2904021541789712,-0.0317106982288437,-0.2219228064394029,-0.3554120201969512,True,-0.25642617678666385
2025-08-11 00:00:00+00:00,0.0,0.0,0.0,0.0,0.0,0.0,0.0,0.0,-0.1919437037236376,-0.3585541805689027,-0.2904021541789712,-0.0317106982288437,-0.2219228064394029,-0.3554120201969512,True,-0.25642617678666385
2025-08-12 00:00:00+00:00,0.0,0.0,0.0,0.0,0.0,0.0,0.0,0.0,-0.1919437037236376,-0.3585541805689027,-0.2904021541789712,-0.0317106982288437,-0.2219228064394029,-0.3554120201969512,True,-0.25642617678666385
2025-08-13 00:00:00+00:00,0.0,0.0,0.0,0.0,0.0,0.0,0.0,0.0,-0.1919437037236376,-0.3585541805689027,-0.2904021541789712,-0.0317106982288437,-0.2219228064394029,-0.3554120201969512,True,-0.25642617678666385
2025-08-14 00:00:00+00:00,0.0,0.0,0.0,0.0,0.0,0.0,0.0,0.0,-0.1919437037236376,-0.3585541805689027,-0.2904021541789712,-0.0317106982288437,-0.2219228064394029,-0.3554120201969512,True,-0.25642617678666385
2025-08-15 00:00:00+00:00,0.0,0.0,0.0,0.0,0.0,0.0,0.0,0.0,-0.1919437037236376,-0.3585541805689027,-0.2904021541789712,-0.0317106982288437,-0.2219228064394029,-0.3554120201969512,True,-0.25642617678666385
2025-08-16 00:00:00+00:00,0.0,0.0,0.0,0.0,0.0,0.0,0.0,0.0,-0.1919437037236376,-0.3585541805689027,-0.2904021541789712,-0.0317106982288437,-0.2219228064394029,-0.3554120201969512,True,-0.25642617678666385
2025-08-17 00:00:00+00:00,0.0,0.0,0.0,0.0,0.0,0.0,0.0,0.0,-0.1919437037236376,-0.3585541805689027,-0.2904021541789712,-0.0317106982288437,-0.2219228064394029,-0.3554120201969512,True,-0.25642617678666385
2025-08-18 00:00:00+00:00,1.0,1.0,0.0,725.0,0.0,0.0,0.0,0.0,-0.0250398893746535,0.3021562398693136,-0.2904021541789712,0.0788264617039903,-0.2219228064394029,-0.3554120201969512,True,-0.20079157200366918
2025-08-19 00:00:00+00:00,1.0,1.0,0.0,41.0,0.0,0.0,0.0,0.0,-0.0250398893746535,0.3021562398693136,-0.2904021541789712,-0.0254596312533317,-0.2219228064394029,-0.3554120201969512,True,-0.20079157200366918
2025-08-20 00:00:00+00:00,2.0,2.0,0.0,41.0,1.0,0.0,0.0,0.0,0.1418639249743304,0.96286666030753,-0.2904021541789712,-0.0254596312533317,8.802886125269712,-0.3554120201969512,True,2.863112676682364
2025-08-21 00:00:00+00:00,1.0,1.0,0.0,55.0,0.0,0.0,0.0,0.0,-0.0250398893746535,0.3021562398693136,-0.2904021541789712,-0.0233251205787666,-0.2219228064394029,-0.3554120201969512,True,-0.20079157200366918
2025-08-22 00:00:00+00:00,1.0,1.0,0.0,206.0,0.0,0.0,0.0,0.0,-0.0250398893746535,0.3021562398693136,-0.2904021541789712,-0.0003028983031005,-0.2219228064394029,-0.3554120201969512,True,-0.20079157200366918
2025-08-23 00:00:00+00:00,0.0,0.0,0.0,0.0,0.0,0.0,0.0,0.0,-0.1919437037236376,-0.3585541805689027,-0.2904021541789712,-0.0317106982288437,-0.2219228064394029,-0.3554120201969512,True,-0.25642617678666385
2025-08-24 00:00:00+00:00,0.0,0.0,0.0,0.0,0.0,0.0,0.0,0.0,-0.1919437037236376,-0.3585541805689027,-0.2904021541789712,-0.0317106982288437,-0.2219228064394029,-0.3554120201969512,True,-0.25642617678666385
2025-08-25 00:00:00+00:00,1.0,1.0,1.0,15.0,0.0,0.0,0.0,1.0,-0.0250398893746535,0.3021562398693136,1.214550564394625,-0.0294237225060954,-0.2219228064394029,3.4536583104494114,True,1.068898538211785
2025-08-26 00:00:00+00:00,2.0,1.0,0.0,12.5,0.5,0.0,0.0,0.0,0.1418639249743304,0.3021562398693136,-0.2904021541789712,-0.0298048851265535,4.290481659415155,-0.3554120201969512,True,1.3589778547308449
2025-08-27 00:00:00+00:00,1.0,1.0,0.0,0.0,0.0,1.0,0.0,0.0,-0.0250398893746535,0.3021562398693136,-0.2904021541789712,-0.0317106982288437,-0.2219228064394029,-0.3554120201969512,True,-0.20079157200366918
2025-08-28 00:00:00+00:00,0.0,0.0,0.0,0.0,0.0,0.0,0.0,0.0,-0.1919437037236376,-0.3585541805689027,-0.2904021541789712,-0.0317106982288437,-0.2219228064394029,-0.3554120201969512,True,-0.25642617678666385
2025-08-29 00:00:00+00:00,0.0,0.0,0.0,0.0,0.0,0.0,0.0,0.0,-0.1919437037236376,-0.3585541805689027,-0.2904021541789712,-0.0317106982288437,-0.2219228064394029,-0.3554120201969512,True,-0.25642617678666385
2025-08-30 00:00:00+00:00,0.0,0.0,0.0,0.0,0.0,0.0,0.0,0.0,-0.1919437037236376,-0.3585541805689027,-0.2904021541789712,-0.0317106982288437,-0.2219228064394029,-0.3554120201969512,True,-0.25642617678666385
2025-08-31 00:00:00+00:00,0.0,0.0,0.0,0.0,0.0,0.0,0.0,0.0,-0.1919437037236376,-0.3585541805689027,-0.2904021541789712,-0.0317106982288437,-0.2219228064394029,-0.3554120201969512,True,-0.25642617678666385
2025-09-01 00:00:00+00:00,0.0,0.0,0.0,0.0,0.0,0.0,0.0,0.0,-0.1919437037236376,-0.3585541805689027,-0.2904021541789712,-0.0317106982288437,-0.2219228064394029,-0.3554120201969512,True,-0.25642617678666385
2025-09-02 00:00:00+00:00,0.0,0.0,0.0,0.0,0.0,0.0,0.0,0.0,-0.1919437037236376,-0.3585541805689027,-0.2904021541789712,-0.0317106982288437,-0.2219228064394029,-0.3554120201969512,True,-0.25642617678666385
2025-09-03 00:00:00+00:00,0.0,0.0,0.0,0.0,0.0,0.0,0.0,0.0,-0.1919437037236376,-0.3585541805689027,-0.2904021541789712,-0.0317106982288437,-0.2219228064394029,-0.3554120201969512,True,-0.25642617678666385
2025-09-04 00:00:00+00:00,0.0,0.0,0.0,0.0,0.0,0.0,0.0,0.0,-0.1919437037236376,-0.3585541805689027,-0.2904021541789712,-0.0317106982288437,-0.2219228064394029,-0.3554120201969512,True,-0.25642617678666385
2025-09-05 00:00:00+00:00,1.0,1.0,1.0,164.0,0.0,0.0,0.0,1.0,-0.0250398893746535,0.3021562398693136,1.214550564394625,-0.0067064303267957,-0.2219228064394029,3.4536583104494114,True,1.068898538211785
2025-09-06 00:00:00+00:00,0.0,0.0,0.0,0.0,0.0,0.0,0.0,0.0,-0.1919437037236376,-0.3585541805689027,-0.2904021541789712,-0.0317106982288437,-0.2219228064394029,-0.3554120201969512,True,-0.25642617678666385
2025-09-07 00:00:00+00:00,0.0,0.0,0.0,0.0,0.0,0.0,0.0,0.0,-0.1919437037236376,-0.3585541805689027,-0.2904021541789712,-0.0317106982288437,-0.2219228064394029,-0.3554120201969512,True,-0.25642617678666385
2025-09-08 00:00:00+00:00,0.0,0.0,0.0,0.0,0.0,0.0,0.0,0.0,-0.1919437037236376,-0.3585541805689027,-0.2904021541789712,-0.0317106982288437,-0.2219228064394029,-0.3554120201969512,True,-0.25642617678666385
2025-09-09 00:00:00+00:00,0.0,0.0,0.0,0.0,0.0,0.0,0.0,0.0,-0.1919437037236376,-0.3585541805689027,-0.2904021541789712,-0.0317106982288437,-0.2219228064394029,-0.3554120201969512,True,-0.25642617678666385
2025-09-10 00:00:00+00:00,0.0,0.0,0.0,0.0,0.0,0.0,0.0,0.0,-0.1919437037236376,-0.3585541805689027,-0.2904021541789712,-0.0317106982288437,-0.2219228064394029,-0.3554120201969512,True,-0.25642617678666385
2025-09-11 00:00:00+00:00,0.0,0.0,0.0,0.0,0.0,0.0,0.0,0.0,-0.1919437037236376,-0.3585541805689027,-0.2904021541789712,-0.0317106982288437,-0.2219228064394029,-0.3554120201969512,True,-0.25642617678666385
2025-09-12 00:00:00+00:00,0.0,0.0,0.0,0.0,0.0,0.0,0.0,0.0,-0.1919437037236376,-0.3585541805689027,-0.2904021541789712,-0.0317106982288437,-0.2219228064394029,-0.3554120201969512,True,-0.25642617678666385
2025-09-13 00:00:00+00:00,0.0,0.0,0.0,0.0,0.0,0.0,0.0,0.0,-0.1919437037236376,-0.3585541805689027,-0.2904021541789712,-0.0317106982288437,-0.2219228064394029,-0.3554120201969512,True,-0.25642617678666385
2025-09-14 00:00:00+00:00,0.0,0.0,0.0,0.0,0.0,0.0,0.0,0.0,-0.1919437037236376,-0.3585541805689027,-0.2904021541789712,-0.0317106982288437,-0.2219228064394029,-0.3554120201969512,True,-0.25642617678666385
2025-09-15 00:00:00+00:00,0.0,0.0,0.0,0.0,0.0,0.0,0.0,0.0,-0.1919437037236376,-0.3585541805689027,-0.2904021541789712,-0.0317106982288437,-0.2219228064394029,-0.3554120201969512,True,-0.25642617678666385
2025-09-16 00:00:00+00:00,0.0,0.0,0.0,0.0,0.0,0.0,0.0,0.0,-0.1919437037236376,-0.3585541805689027,-0.2904021541789712,-0.0317106982288437,-0.2219228064394029,-0.3554120201969512,True,-0.25642617678666385
2025-09-17 00:00:00+00:00,0.0,0.0,0.0,0.0,0.0,0.0,0.0,0.0,-0.1919437037236376,-0.3585541805689027,-0.2904021541789712,-0.0317106982288437,-0.2219228064394029,-0.3554120201969512,True,-0.25642617678666385
2025-09-18 00:00:00+00:00,0.0,0.0,0.0,0.0,0.0,0.0,0.0,0.0,-0.1919437037236376,-0.3585541805689027,-0.2904021541789712,-0.0317106982288437,-0.2219228064394029,-0.3554120201969512,True,-0.25642617678666385
2025-09-19 00:00:00+00:00,0.0,0.0,0.0,0.0,0.0,0.0,0.0,0.0,-0.1919437037236376,-0.3585541805689027,-0.2904021541789712,-0.0317106982288437,-0.2219228064394029,-0.3554120201969512,True,-0.25642617678666385
2025-09-20 00:00:00+00:00,0.0,0.0,0.0,0.0,0.0,0.0,0.0,0.0,-0.1919437037236376,-0.3585541805689027,-0.2904021541789712,-0.0317106982288437,-0.2219228064394029,-0.3554120201969512,True,-0.25642617678666385
2025-09-21 00:00:00+00:00,0.0,0.0,0.0,0.0,0.0,0.0,0.0,0.0,-0.1919437037236376,-0.3585541805689027,-0.2904021541789712,-0.0317106982288437,-0.2219228064394029,-0.3554120201969512,True,-0.25642617678666385
2025-09-22 00:00:00+00:00,0.0,0.0,0.0,0.0,0.0,0.0,0.0,0.0,-0.1919437037236376,-0.3585541805689027,-0.2904021541789712,-0.0317106982288437,-0.2219228064394029,-0.3554120201969512,True,-0.25642617678666385
2025-09-23 00:00:00+00:00,0.0,0.0,0.0,0.0,0.0,0.0,0.0,0.0,-0.1919437037236376,-0.3585541805689027,-0.2904021541789712,-0.0317106982288437,-0.2219228064394029,-0.3554120201969512,True,-0.25642617678666385
2025-09-24 00:00:00+00:00,0.0,0.0,0.0,0.0,0.0,0.0,0.0,0.0,-0.1919437037236376,-0.3585541805689027,-0.2904021541789712,-0.0317106982288437,-0.2219228064394029,-0.3554120201969512,True,-0.25642617678666385
2025-09-25 00:00:00+00:00,0.0,0.0,0.0,0.0,0.0,0.0,0.0,0.0,-0.1919437037236376,-0.3585541805689027,-0.2904021541789712,-0.0317106982288437,-0.2219228064394029,-0.3554120201969512,True,-0.25642617678666385
2025-09-26 00:00:00+00:00,0.0,0.0,0.0,0.0,0.0,0.0,0.0,0.0,-0.1919437037236376,-0.3585541805689027,-0.2904021541789712,-0.0317106982288437,-0.2219228064394029,-0.3554120201969512,True,-0.25642617678666385
2025-09-27 00:00:00+00:00,0.0,0.0,0.0,0.0,0.0,0.0,0.0,0.0,-0.1919437037236376,-0.3585541805689027,-0.2904021541789712,-0.0317106982288437,-0.2219228064394029,-0.3554120201969512,True,-0.25642617678666385
2025-09-28 00:00:00+00:00,0.0,0.0,0.0,0.0,0.0,0.0,0.0,0.0,-0.1919437037236376,-0.3585541805689027,-0.2904021541789712,-0.0317106982288437,-0.2219228064394029,-0.3554120201969512,True,-0.25642617678666385
2025-09-29 00:00:00+00:00,0.0,0.0,0.0,0.0,0.0,0.0,0.0,0.0,-0.1919437037236376,-0.3585541805689027,-0.2904021541789712,-0.0317106982288437,-0.2219228064394029,-0.3554120201969512,True,-0.25642617678666385
2025-09-30 00:00:00+00:00,0.0,0.0,0.0,0.0,0.0,0.0,0.0,0.0,-0.1919437037236376,-0.3585541805689027,-0.2904021541789712,-0.0317106982288437,-0.2219228064394029,-0.3554120201969512,True,-0.25642617678666385
2025-10-01 00:00:00+00:00,0.0,0.0,0.0,0.0,0.0,0.0,0.0,0.0,-0.1919437037236376,-0.3585541805689027,-0.2904021541789712,-0.0317106982288437,-0.2219228064394029,-0.3554120201969512,True,-0.25642617678666385
2025-10-02 00:00:00+00:00,0.0,0.0,0.0,0.0,0.0,0.0,0.0,0.0,-0.1919437037236376,-0.3585541805689027,-0.2904021541789712,-0.0317106982288437,-0.2219228064394029,-0.3554120201969512,True,-0.25642617678666385
2025-10-03 00:00:00+00:00,0.0,0.0,0.0,0.0,0.0,0.0,0.0,0.0,-0.1919437037236376,-0.3585541805689027,-0.2904021541789712,-0.0317106982288437,-0.2219228064394029,-0.3554120201969512,True,-0.25642617678666385
2025-10-04 00:00:00+00:00,0.0,0.0,0.0,0.0,0.0,0.0,0.0,0.0,-0.1919437037236376,-0.3585541805689027,-0.2904021541789712,-0.0317106982288437,-0.2219228064394029,-0.3554120201969512,True,-0.25642617678666385
2025-10-05 00:00:00+00:00,0.0,0.0,0.0,0.0,0.0,0.0,0.0,0.0,-0.1919437037236376,-0.3585541805689027,-0.2904021541789712,-0.0317106982288437,-0.2219228064394029,-0.3554120201969512,True,-0.25642617678666385
2025-10-06 00:00:00+00:00,0.0,0.0,0.0,0.0,0.0,0.0,0.0,0.0,-0.1919437037236376,-0.3585541805689027,-0.2904021541789712,-0.0317106982288437,-0.2219228064394029,-0.3554120201969512,True,-0.25642617678666385
2025-10-07 00:00:00+00:00,0.0,0.0,0.0,0.0,0.0,0.0,0.0,0.0,-0.1919437037236376,-0.3585541805689027,-0.2904021541789712,-0.0317106982288437,-0.2219228064394029,-0.3554120201969512,True,-0.25642617678666385
2025-10-08 00:00:00+00:00,0.0,0.0,0.0,0.0,0.0,0.0,0.0,0.0,-0.1919437037236376,-0.3585541805689027,-0.2904021541789712,-0.0317106982288437,-0.2219228064394029,-0.3554120201969512,True,-0.25642617678666385
2025-10-09 00:00:00+00:00,0.0,0.0,0.0,0.0,0.0,0.0,0.0,0.0,-0.1919437037236376,-0.3585541805689027,-0.2904021541789712,-0.0317106982288437,-0.2219228064394029,-0.3554120201969512,True,-0.25642617678666385
2025-10-10 00:00:00+00:00,0.0,0.0,0.0,0.0,0.0,0.0,0.0,0.0,-0.1919437037236376,-0.3585541805689027,-0.2904021541789712,-0.0317106982288437,-0.2219228064394029,-0.3554120201969512,True,-0.25642617678666385
2025-10-11 00:00:00+00:00,0.0,0.0,0.0,0.0,0.0,0.0,0.0,0.0,-0.1919437037236376,-0.3585541805689027,-0.2904021541789712,-0.0317106982288437,-0.2219228064394029,-0.3554120201969512,True,-0.25642617678666385
2025-10-12 00:00:00+00:00,0.0,0.0,0.0,0.0,0.0,0.0,0.0,0.0,-0.1919437037236376,-0.3585541805689027,-0.2904021541789712,-0.0317106982288437,-0.2219228064394029,-0.3554120201969512,True,-0.25642617678666385
2025-10-13 00:00:00+00:00,0.0,0.0,0.0,0.0,0.0,0.0,0.0,0.0,-0.1919437037236376,-0.3585541805689027,-0.2904021541789712,-0.0317106982288437,-0.2219228064394029,-0.3554120201969512,True,-0.25642617678666385
2025-10-14 00:00:00+00:00,0.0,0.0,0.0,0.0,0.0,0.0,0.0,0.0,-0.1919437037236376,-0.3585541805689027,-0.2904021541789712,-0.0317106982288437,-0.2219228064394029,-0.3554120201969512,True,-0.25642617678666385
2025-10-15 00:00:00+00:00,0.0,0.0,0.0,0.0,0.0,0.0,0.0,0.0,-0.1919437037236376,-0.3585541805689027,-0.2904021541789712,-0.0317106982288437,-0.2219228064394029,-0.3554120201969512,True,-0.25642617678666385
2025-10-16 00:00:00+00:00,0.0,0.0,0.0,0.0,0.0,0.0,0.0,0.0,-0.1919437037236376,-0.3585541805689027,-0.2904021541789712,-0.0317106982288437,-0.2219228064394029,-0.3554120201969512,True,-0.25642617678666385
2025-10-17 00:00:00+00:00,0.0,0.0,0.0,0.0,0.0,0.0,0.0,0.0,-0.1919437037236376,-0.3585541805689027,-0.2904021541789712,-0.0317106982288437,-0.2219228064394029,-0.3554120201969512,True,-0.25642617678666385
2025-10-18 00:00:00+00:00,0.0,0.0,0.0,0.0,0.0,0.0,0.0,0.0,-0.1919437037236376,-0.3585541805689027,-0.2904021541789712,-0.0317106982288437,-0.2219228064394029,-0.3554120201969512,True,-0.25642617678666385
2025-10-19 00:00:00+00:00,0.0,0.0,0.0,0.0,0.0,0.0,0.0,0.0,-0.1919437037236376,-0.3585541805689027,-0.2904021541789712,-0.0317106982288437,-0.2219228064394029,-0.3554120201969512,True,-0.25642617678666385
2025-10-20 00:00:00+00:00,0.0,0.0,0.0,0.0,0.0,0.0,0.0,0.0,-0.1919437037236376,-0.3585541805689027,-0.2904021541789712,-0.0317106982288437,-0.2219228064394029,-0.3554120201969512,True,-0.25642617678666385
2025-10-21 00:00:00+00:00,0.0,0.0,0.0,0.0,0.0,0.0,0.0,0.0,-0.1919437037236376,-0.3585541805689027,-0.2904021541789712,-0.0317106982288437,-0.2219228064394029,-0.3554120201969512,True,-0.25642617678666385
2025-10-22 00:00:00+00:00,0.0,0.0,0.0,0.0,0.0,0.0,0.0,0.0,-0.1919437037236376,-0.3585541805689027,-0.2904021541789712,-0.0317106982288437,-0.2219228064394029,-0.3554120201969512,True,-0.25642617678666385
2025-10-23 00:00:00+00:00,0.0,0.0,0.0,0.0,0.0,0.0,0.0,0.0,-0.1919437037236376,-0.3585541805689027,-0.2904021541789712,-0.0317106982288437,-0.2219228064394029,-0.3554120201969512,True,-0.25642617678666385
2025-10-24 00:00:00+00:00,0.0,0.0,0.0,0.0,0.0,0.0,0.0,0.0,-0.1919437037236376,-0.3585541805689027,-0.2904021541789712,-0.0317106982288437,-0.2219228064394029,-0.3554120201969512,True,-0.25642617678666385
2025-10-25 00:00:00+00:00,1.0,1.0,0.0,0.0,0.0,1.0,0.0,0.0,-0.0250398893746535,0.3021562398693136,-0.2904021541789712,-0.0317106982288437,-0.2219228064394029,-0.3554120201969512,True,-0.20079157200366918
2025-10-26 00:00:00+00:00,0.0,0.0,0.0,0.0,0.0,0.0,0.0,0.0,-0.1919437037236376,-0.3585541805689027,-0.2904021541789712,-0.0317106982288437,-0.2219228064394029,-0.3554120201969512,True,-0.25642617678666385
2025-10-27 00:00:00+00:00,0.0,0.0,0.0,0.0,0.0,0.0,0.0,0.0,-0.1919437037236376,-0.3585541805689027,-0.2904021541789712,-0.0317106982288437,-0.2219228064394029,-0.3554120201969512,True,-0.25642617678666385
2025-10-28 00:00:00+00:00,0.0,0.0,0.0,0.0,0.0,0.0,0.0,0.0,-0.1919437037236376,-0.3585541805689027,-0.2904021541789712,-0.0317106982288437,-0.2219228064394029,-0.3554120201969512,True,-0.25642617678666385
2025-10-29 00:00:00+00:00,0.0,0.0,0.0,0.0,0.0,0.0,0.0,0.0,-0.1919437037236376,-0.3585541805689027,-0.2904021541789712,-0.0317106982288437,-0.2219228064394029,-0.3554120201969512,True,-0.25642617678666385
2025-10-30 00:00:00+00:00,0.0,0.0,0.0,0.0,0.0,0.0,0.0,0.0,-0.1919437037236376,-0.3585541805689027,-0.2904021541789712,-0.0317106982288437,-0.2219228064394029,-0.3554120201969512,True,-0.25642617678666385
2025-10-31 00:00:00+00:00,0.0,0.0,0.0,0.0,0.0,0.0,0.0,0.0,-0.1919437037236376,-0.3585541805689027,-0.2904021541789712,-0.0317106982288437,-0.2219228064394029,-0.3554120201969512,True,-0.25642617678666385
2025-11-01 00:00:00+00:00,0.0,0.0,0.0,0.0,0.0,0.0,0.0,0.0,-0.1919437037236376,-0.3585541805689027,-0.2904021541789712,-0.0317106982288437,-0.2219228064394029,-0.3554120201969512,True,-0.25642617678666385
2025-11-02 00:00:00+00:00,0.0,0.0,0.0,0.0,0.0,0.0,0.0,0.0,-0.1919437037236376,-0.3585541805689027,-0.2904021541789712,-0.0317106982288437,-0.2219228064394029,-0.3554120201969512,True,-0.25642617678666385
2025-11-03 00:00:00+00:00,0.0,0.0,0.0,0.0,0.0,0.0,0.0,0.0,-0.1919437037236376,-0.3585541805689027,-0.2904021541789712,-0.0317106982288437,-0.2219228064394029,-0.3554120201969512,True,-0.25642617678666385
2025-11-04 00:00:00+00:00,0.0,0.0,0.0,0.0,0.0,0.0,0.0,0.0,-0.1919437037236376,-0.3585541805689027,-0.2904021541789712,-0.0317106982288437,-0.2219228064394029,-0.3554120201969512,True,-0.25642617678666385
2025-11-05 00:00:00+00:00,0.0,0.0,0.0,0.0,0.0,0.0,0.0,0.0,-0.1919437037236376,-0.3585541805689027,-0.2904021541789712,-0.0317106982288437,-0.2219228064394029,-0.3554120201969512,True,-0.25642617678666385
2025-11-06 00:00:00+00:00,0.0,0.0,0.0,0.0,0.0,0.0,0.0,0.0,-0.1919437037236376,-0.3585541805689027,-0.2904021541789712,-0.0317106982288437,-0.2219228064394029,-0.3554120201969512,True,-0.25642617678666385
2025-11-07 00:00:00+00:00,0.0,0.0,0.0,0.0,0.0,0.0,0.0,0.0,-0.1919437037236376,-0.3585541805689027,-0.2904021541789712,-0.0317106982288437,-0.2219228064394029,-0.3554120201969512,True,-0.25642617678666385
2025-11-08 00:00:00+00:00,0.0,0.0,0.0,0.0,0.0,0.0,0.0,0.0,-0.1919437037236376,-0.3585541805689027,-0.2904021541789712,-0.0317106982288437,-0.2219228064394029,-0.3554120201969512,True,-0.25642617678666385
2025-11-09 00:00:00+00:00,0.0,0.0,0.0,0.0,0.0,0.0,0.0,0.0,-0.1919437037236376,-0.3585541805689027,-0.2904021541789712,-0.0317106982288437,-0.2219228064394029,-0.3554120201969512,True,-0.25642617678666385
2025-11-10 00:00:00+00:00,3.0,2.0,0.0,811.3333333333334,0.3333333333333333,0.0,0.0,0.0,0.3087677393233145,0.96286666030753,-0.2904021541789712,0.0919892775304749,2.786346837463636,-0.3554120201969512,True,0.9132341855299999
2025-11-11 00:00:00+00:00,0.0,0.0,0.0,0.0,0.0,0.0,0.0,0.0,-0.1919437037236376,-0.3585541805689027,-0.2904021541789712,-0.0317106982288437,-0.2219228064394029,-0.3554120201969512,True,-0.25642617678666385
2025-11-12 00:00:00+00:00,0.0,0.0,0.0,0.0,0.0,0.0,0.0,0.0,-0.1919437037236376,-0.3585541805689027,-0.2904021541789712,-0.0317106982288437,-0.2219228064394029,-0.3554120201969512,True,-0.25642617678666385
2025-11-13 00:00:00+00:00,0.0,0.0,0.0,0.0,0.0,0.0,0.0,0.0,-0.1919437037236376,-0.3585541805689027,-0.2904021541789712,-0.0317106982288437,-0.2219228064394029,-0.3554120201969512,True,-0.25642617678666385
2025-11-14 00:00:00+00:00,0.0,0.0,0.0,0.0,0.0,0.0,0.0,0.0,-0.1919437037236376,-0.3585541805689027,-0.2904021541789712,-0.0317106982288437,-0.2219228064394029,-0.3554120201969512,True,-0.25642617678666385
2025-11-15 00:00:00+00:00,0.0,0.0,0.0,0.0,0.0,0.0,0.0,0.0,-0.1919437037236376,-0.3585541805689027,-0.2904021541789712,-0.0317106982288437,-0.2219228064394029,-0.3554120201969512,True,-0.25642617678666385
2025-11-16 00:00:00+00:00,0.0,0.0,0.0,0.0,0.0,0.0,0.0,0.0,-0.1919437037236376,-0.3585541805689027,-0.2904021541789712,-0.0317106982288437,-0.2219228064394029,-0.3554120201969512,True,-0.25642617678666385
2025-11-17 00:00:00+00:00,0.0,0.0,0.0,0.0,0.0,0.0,0.0,0.0,-0.1919437037236376,-0.3585541805689027,-0.2904021541789712,-0.0317106982288437,-0.2219228064394029,-0.3554120201969512,True,-0.25642617678666385
2025-11-18 00:00:00+00:00,0.0,0.0,0.0,0.0,0.0,0.0,0.0,0.0,-0.1919437037236376,-0.3585541805689027,-0.2904021541789712,-0.0317106982288437,-0.2219228064394029,-0.3554120201969512,True,-0.25642617678666385
2025-11-19 00:00:00+00:00,0.0,0.0,0.0,0.0,0.0,0.0,0.0,0.0,-0.1919437037236376,-0.3585541805689027,-0.2904021541789712,-0.0317106982288437,-0.2219228064394029,-0.3554120201969512,True,-0.25642617678666385
2025-11-20 00:00:00+00:00,0.0,0.0,0.0,0.0,0.0,0.0,0.0,0.0,-0.1919437037236376,-0.3585541805689027,-0.2904021541789712,-0.0317106982288437,-0.2219228064394029,-0.3554120201969512,True,-0.25642617678666385
2025-11-21 00:00:00+00:00,0.0,0.0,0.0,0.0,0.0,0.0,0.0,0.0,-0.1919437037236376,-0.3585541805689027,-0.2904021541789712,-0.0317106982288437,-0.2219228064394029,-0.3554120201969512,True,-0.25642617678666385
2025-11-22 00:00:00+00:00,0.0,0.0,0.0,0.0,0.0,0.0,0.0,0.0,-0.1919437037236376,-0.3585541805689027,-0.2904021541789712,-0.0317106982288437,-0.2219228064394029,-0.3554120201969512,True,-0.25642617678666385
2025-11-23 00:00:00+00:00,0.0,0.0,0.0,0.0,0.0,0.0,0.0,0.0,-0.1919437037236376,-0.3585541805689027,-0.2904021541789712,-0.0317106982288437,-0.2219228064394029,-0.3554120201969512,True,-0.25642617678666385
2025-11-24 00:00:00+00:00,0.0,0.0,0.0,0.0,0.0,0.0,0.0,0.0,-0.1919437037236376,-0.3585541805689027,-0.2904021541789712,-0.0317106982288437,-0.2219228064394029,-0.3554120201969512,True,-0.25642617678666385
2025-11-25 00:00:00+00:00,0.0,0.0,0.0,0.0,0.0,0.0,0.0,0.0,-0.1919437037236376,-0.3585541805689027,-0.2904021541789712,-0.0317106982288437,-0.2219228064394029,-0.3554120201969512,True,-0.25642617678666385
2025-11-26 00:00:00+00:00,0.0,0.0,0.0,0.0,0.0,0.0,0.0,0.0,-0.1919437037236376,-0.3585541805689027,-0.2904021541789712,-0.0317106982288437,-0.2219228064394029,-0.3554120201969512,True,-0.25642617678666385
2025-11-27 00:00:00+00:00,0.0,0.0,0.0,0.0,0.0,0.0,0.0,0.0,-0.1919437037236376,-0.3585541805689027,-0.2904021541789712,-0.0317106982288437,-0.2219228064394029,-0.3554120201969512,True,-0.25642617678666385
2025-11-28 00:00:00+00:00,0.0,0.0,0.0,0.0,0.0,0.0,0.0,0.0,-0.1919437037236376,-0.3585541805689027,-0.2904021541789712,-0.0317106982288437,-0.2219228064394029,-0.3554120201969512,True,-0.25642617678666385
2025-11-29 00:00:00+00:00,0.0,0.0,0.0,0.0,0.0,0.0,0.0,0.0,-0.1919437037236376,-0.3585541805689027,-0.2904021541789712,-0.0317106982288437,-0.2219228064394029,-0.3554120201969512,True,-0.25642617678666385
2025-11-30 00:00:00+00:00,0.0,0.0,0.0,0.0,0.0,0.0,0.0,0.0,-0.1919437037236376,-0.3585541805689027,-0.2904021541789712,-0.0317106982288437,-0.2219228064394029,-0.3554120201969512,True,-0.25642617678666385
2025-12-01 00:00:00+00:00,0.0,0.0,0.0,0.0,0.0,0.0,0.0,0.0,-0.1919437037236376,-0.3585541805689027,-0.2904021541789712,-0.0317106982288437,-0.2219228064394029,-0.3554120201969512,True,-0.25642617678666385
2025-12-02 00:00:00+00:00,0.0,0.0,0.0,0.0,0.0,0.0,0.0,0.0,-0.1919437037236376,-0.3585541805689027,-0.2904021541789712,-0.0317106982288437,-0.2219228064394029,-0.3554120201969512,True,-0.25642617678666385
2025-12-03 00:00:00+00:00,0.0,0.0,0.0,0.0,0.0,0.0,0.0,0.0,-0.1919437037236376,-0.3585541805689027,-0.2904021541789712,-0.0317106982288437,-0.2219228064394029,-0.3554120201969512,True,-0.25642617678666385
2025-12-04 00:00:00+00:00,1.0,1.0,0.0,64.0,0.0,0.0,0.0,0.0,-0.0250398893746535,0.3021562398693136,-0.2904021541789712,-0.0219529351451177,-0.2219228064394029,-0.3554120201969512,True,-0.20079157200366918
2025-12-05 00:00:00+00:00,0.0,0.0,0.0,0.0,0.0,0.0,0.0,0.0,-0.1919437037236376,-0.3585541805689027,-0.2904021541789712,-0.0317106982288437,-0.2219228064394029,-0.3554120201969512,True,-0.25642617678666385
2025-12-06 00:00:00+00:00,0.0,0.0,0.0,0.0,0.0,0.0,0.0,0.0,-0.1919437037236376,-0.3585541805689027,-0.2904021541789712,-0.0317106982288437,-0.2219228064394029,-0.3554120201969512,True,-0.25642617678666385
2025-12-07 00:00:00+00:00,0.0,0.0,0.0,0.0,0.0,0.0,0.0,0.0,-0.1919437037236376,-0.3585541805689027,-0.2904021541789712,-0.0317106982288437,-0.2219228064394029,-0.3554120201969512,True,-0.25642617678666385
2025-12-08 00:00:00+00:00,0.0,0.0,0.0,0.0,0.0,0.0,0.0,0.0,-0.1919437037236376,-0.3585541805689027,-0.2904021541789712,-0.0317106982288437,-0.2219228064394029,-0.3554120201969512,True,-0.25642617678666385
2025-12-09 00:00:00+00:00,0.0,0.0,0.0,0.0,0.0,0.0,0.0,0.0,-0.1919437037236376,-0.3585541805689027,-0.2904021541789712,-0.0317106982288437,-0.2219228064394029,-0.3554120201969512,True,-0.25642617678666385
2025-12-10 00:00:00+00:00,0.0,0.0,0.0,0.0,0.0,0.0,0.0,0.0,-0.1919437037236376,-0.3585541805689027,-0.2904021541789712,-0.0317106982288437,-0.2219228064394029,-0.3554120201969512,True,-0.25642617678666385
2025-12-11 00:00:00+00:00,0.0,0.0,0.0,0.0,0.0,0.0,0.0,0.0,-0.1919437037236376,-0.3585541805689027,-0.2904021541789712,-0.0317106982288437,-0.2219228064394029,-0.3554120201969512,True,-0.25642617678666385
2025-12-12 00:00:00+00:00,0.0,0.0,0.0,0.0,0.0,0.0,0.0,0.0,-0.1919437037236376,-0.3585541805689027,-0.2904021541789712,-0.0317106982288437,-0.2219228064394029,-0.3554120201969512,True,-0.25642617678666385
2025-12-13 00:00:00+00:00,0.0,0.0,0.0,0.0,0.0,0.0,0.0,0.0,-0.1919437037236376,-0.3585541805689027,-0.2904021541789712,-0.0317106982288437,-0.2219228064394029,-0.3554120201969512,True,-0.25642617678666385
2025-12-14 00:00:00+00:00,0.0,0.0,0.0,0.0,0.0,0.0,0.0,0.0,-0.1919437037236376,-0.3585541805689027,-0.2904021541789712,-0.0317106982288437,-0.2219228064394029,-0.3554120201969512,True,-0.25642617678666385
2025-12-15 00:00:00+00:00,0.0,0.0,0.0,0.0,0.0,0.0,0.0,0.0,-0.1919437037236376,-0.3585541805689027,-0.2904021541789712,-0.0317106982288437,-0.2219228064394029,-0.3554120201969512,True,-0.25642617678666385
2025-12-16 00:00:00+00:00,0.0,0.0,0.0,0.0,0.0,0.0,0.0,0.0,-0.1919437037236376,-0.3585541805689027,-0.2904021541789712,-0.0317106982288437,-0.2219228064394029,-0.3554120201969512,True,-0.25642617678666385
2025-12-17 00:00:00+00:00,1.0,1.0,1.0,0.0,0.0,1.0,0.0,1.0,-0.0250398893746535,0.3021562398693136,1.214550564394625,-0.0317106982288437,-0.2219228064394029,3.4536583104494114,True,1.068898538211785
2025-12-18 00:00:00+00:00,0.0,0.0,0.0,0.0,0.0,0.0,0.0,0.0,-0.1919437037236376,-0.3585541805689027,-0.2904021541789712,-0.0317106982288437,-0.2219228064394029,-0.3554120201969512,True,-0.25642617678666385
2025-12-19 00:00:00+00:00,0.0,0.0,0.0,0.0,0.0,0.0,0.0,0.0,-0.1919437037236376,-0.3585541805689027,-0.2904021541789712,-0.0317106982288437,-0.2219228064394029,-0.3554120201969512,True,-0.25642617678666385
2025-12-20 00:00:00+00:00,0.0,0.0,0.0,0.0,0.0,0.0,0.0,0.0,-0.1919437037236376,-0.3585541805689027,-0.2904021541789712,-0.0317106982288437,-0.2219228064394029,-0.3554120201969512,True,-0.25642617678666385
2025-12-21 00:00:00+00:00,0.0,0.0,0.0,0.0,0.0,0.0,0.0,0.0,-0.1919437037236376,-0.3585541805689027,-0.2904021541789712,-0.0317106982288437,-0.2219228064394029,-0.3554120201969512,True,-0.25642617678666385
2025-12-22 00:00:00+00:00,0.0,0.0,0.0,0.0,0.0,0.0,0.0,0.0,-0.1919437037236376,-0.3585541805689027,-0.2904021541789712,-0.0317106982288437,-0.2219228064394029,-0.3554120201969512,True,-0.25642617678666385
2025-12-23 00:00:00+00:00,0.0,0.0,0.0,0.0,0.0,0.0,0.0,0.0,-0.1919437037236376,-0.3585541805689027,-0.2904021541789712,-0.0317106982288437,-0.2219228064394029,-0.3554120201969512,True,-0.25642617678666385
2025-12-24 00:00:00+00:00,0.0,0.0,0.0,0.0,0.0,0.0,0.0,0.0,-0.1919437037236376,-0.3585541805689027,-0.2904021541789712,-0.0317106982288437,-0.2219228064394029,-0.3554120201969512,True,-0.25642617678666385
2025-12-25 00:00:00+00:00,0.0,0.0,0.0,0.0,0.0,0.0,0.0,0.0,-0.1919437037236376,-0.3585541805689027,-0.2904021541789712,-0.0317106982288437,-0.2219228064394029,-0.3554120201969512,True,-0.25642617678666385
2025-12-26 00:00:00+00:00,1.0,1.0,1.0,56.0,0.0,0.0,0.0,1.0,-0.0250398893746535,0.3021562398693136,1.214550564394625,-0.0231726555305834,-0.2219228064394029,3.4536583104494114,True,1.068898538211785
2025-12-27 00:00:00+00:00,1.0,1.0,1.0,27.0,0.0,0.0,0.0,1.0,-0.0250398893746535,0.3021562398693136,1.214550564394625,-0.0275941419278968,-0.2219228064394029,3.4536583104494114,True,1.068898538211785
2025-12-28 00:00:00+00:00,0.0,0.0,0.0,0.0,0.0,0.0,0.0,0.0,-0.1919437037236376,-0.3585541805689027,-0.2904021541789712,-0.0317106982288437,-0.2219228064394029,-0.3554120201969512,True,-0.25642617678666385
2025-12-29 00:00:00+00:00,0.0,0.0,0.0,0.0,0.0,0.0,0.0,0.0,-0.1919437037236376,-0.3585541805689027,-0.2904021541789712,-0.0317106982288437,-0.2219228064394029,-0.3554120201969512,True,-0.25642617678666385
2025-12-30 00:00:00+00:00,0.0,0.0,0.0,0.0,0.0,0.0,0.0,0.0,-0.1919437037236376,-0.3585541805689027,-0.2904021541789712,-0.0317106982288437,-0.2219228064394029,-0.3554120201969512,True,-0.25642617678666385
2025-12-31 00:00:00+00:00,0.0,0.0,0.0,0.0,0.0,0.0,0.0,0.0,-0.1919437037236376,-0.3585541805689027,-0.2904021541789712,-0.0317106982288437,-0.2219228064394029,-0.3554120201969512,True,-0.25642617678666385
2026-01-01 00:00:00+00:00,0.0,0.0,0.0,0.0,0.0,0.0,0.0,0.0,-0.1919437037236376,-0.3585541805689027,-0.2904021541789712,-0.0317106982288437,-0.2219228064394029,-0.3554120201969512,True,-0.25642617678666385
2026-01-02 00:00:00+00:00,0.0,0.0,0.0,0.0,0.0,0.0,0.0,0.0,-0.1919437037236376,-0.3585541805689027,-0.2904021541789712,-0.0317106982288437,-0.2219228064394029,-0.3554120201969512,True,-0.25642617678666385
2026-01-03 00:00:00+00:00,0.0,0.0,0.0,0.0,0.0,0.0,0.0,0.0,-0.1919437037236376,-0.3585541805689027,-0.2904021541789712,-0.0317106982288437,-0.2219228064394029,-0.3554120201969512,True,-0.25642617678666385
2026-01-04 00:00:00+00:00,2.0,2.0,1.0,31.0,0.5,0.0,0.0,0.5,0.1418639249743304,0.96286666030753,1.214550564394625,-0.0269842817351639,4.290481659415155,1.54912314512623,True,1.993822909838572
2026-01-05 00:00:00+00:00,0.0,0.0,0.0,0.0,0.0,0.0,0.0,0.0,-0.1919437037236376,-0.3585541805689027,-0.2904021541789712,-0.0317106982288437,-0.2219228064394029,-0.3554120201969512,True,-0.25642617678666385
2026-01-06 00:00:00+00:00,0.0,0.0,0.0,0.0,0.0,0.0,0.0,0.0,-0.1919437037236376,-0.3585541805689027,-0.2904021541789712,-0.0317106982288437,-0.2219228064394029,-0.3554120201969512,True,-0.25642617678666385
2026-01-07 00:00:00+00:00,0.0,0.0,0.0,0.0,0.0,0.0,0.0,0.0,-0.1919437037236376,-0.3585541805689027,-0.2904021541789712,-0.0317106982288437,-0.2219228064394029,-0.3554120201969512,True,-0.25642617678666385
2026-01-08 00:00:00+00:00,0.0,0.0,0.0,0.0,0.0,0.0,0.0,0.0,-0.1919437037236376,-0.3585541805689027,-0.2904021541789712,-0.0317106982288437,-0.2219228064394029,-0.3554120201969512,True,-0.25642617678666385
2026-01-09 00:00:00+00:00,0.0,0.0,0.0,0.0,0.0,0.0,0.0,0.0,-0.1919437037236376,-0.3585541805689027,-0.2904021541789712,-0.0317106982288437,-0.2219228064394029,-0.3554120201969512,True,-0.25642617678666385
2026-01-10 00:00:00+00:00,0.0,0.0,0.0,0.0,0.0,0.0,0.0,0.0,-0.1919437037236376,-0.3585541805689027,-0.2904021541789712,-0.0317106982288437,-0.2219228064394029,-0.3554120201969512,True,-0.25642617678666385
2026-01-11 00:00:00+00:00,0.0,0.0,0.0,0.0,0.0,0.0,0.0,0.0,-0.1919437037236376,-0.3585541805689027,-0.2904021541789712,-0.0317106982288437,-0.2219228064394029,-0.3554120201969512,True,-0.25642617678666385
2026-01-12 00:00:00+00:00,0.0,0.0,0.0,0.0,0.0,0.0,0.0,0.0,-0.1919437037236376,-0.3585541805689027,-0.2904021541789712,-0.0317106982288437,-0.2219228064394029,-0.3554120201969512,True,-0.25642617678666385
2026-01-13 00:00:00+00:00,0.0,0.0,0.0,0.0,0.0,0.0,0.0,0.0,-0.1919437037236376,-0.3585541805689027,-0.2904021541789712,-0.0317106982288437,-0.2219228064394029,-0.3554120201969512,True,-0.25642617678666385
2026-01-14 00:00:00+00:00,0.0,0.0,0.0,0.0,0.0,0.0,0.0,0.0,-0.1919437037236376,-0.3585541805689027,-0.2904021541789712,-0.0317106982288437,-0.2219228064394029,-0.3554120201969512,True,-0.25642617678666385
2026-01-15 00:00:00+00:00,0.0,0.0,0.0,0.0,0.0,0.0,0.0,0.0,-0.1919437037236376,-0.3585541805689027,-0.2904021541789712,-0.0317106982288437,-0.2219228064394029,-0.3554120201969512,True,-0.25642617678666385
2026-01-16 00:00:00+00:00,0.0,0.0,0.0,0.0,0.0,0.0,0.0,0.0,-0.1919437037236376,-0.3585541805689027,-0.2904021541789712,-0.0317106982288437,-0.2219228064394029,-0.3554120201969512,True,-0.25642617678666385
2026-01-17 00:00:00+00:00,0.0,0.0,0.0,0.0,0.0,0.0,0.0,0.0,-0.1919437037236376,-0.3585541805689027,-0.2904021541789712,-0.0317106982288437,-0.2219228064394029,-0.3554120201969512,True,-0.25642617678666385
2026-01-18 00:00:00+00:00,0.0,0.0,0.0,0.0,0.0,0.0,0.0,0.0,-0.1919437037236376,-0.3585541805689027,-0.2904021541789712,-0.0317106982288437,-0.2219228064394029,-0.3554120201969512,True,-0.25642617678666385
2026-01-19 00:00:00+00:00,0.0,0.0,0.0,0.0,0.0,0.0,0.0,0.0,-0.1919437037236376,-0.3585541805689027,-0.2904021541789712,-0.0317106982288437,-0.2219228064394029,-0.3554120201969512,True,-0.25642617678666385
2026-01-20 00:00:00+00:00,0.0,0.0,0.0,0.0,0.0,0.0,0.0,0.0,-0.1919437037236376,-0.3585541805689027,-0.2904021541789712,-0.0317106982288437,-0.2219228064394029,-0.3554120201969512,True,-0.25642617678666385
2026-01-21 00:00:00+00:00,0.0,0.0,0.0,0.0,0.0,0.0,0.0,0.0,-0.1919437037236376,-0.3585541805689027,-0.2904021541789712,-0.0317106982288437,-0.2219228064394029,-0.3554120201969512,True,-0.25642617678666385
2026-01-22 00:00:00+00:00,0.0,0.0,0.0,0.0,0.0,0.0,0.0,0.0,-0.1919437037236376,-0.3585541805689027,-0.2904021541789712,-0.0317106982288437,-0.2219228064394029,-0.3554120201969512,True,-0.25642617678666385
2026-01-23 00:00:00+00:00,0.0,0.0,0.0,0.0,0.0,0.0,0.0,0.0,-0.1919437037236376,-0.3585541805689027,-0.2904021541789712,-0.0317106982288437,-0.2219228064394029,-0.3554120201969512,True,-0.25642617678666385
2026-01-24 00:00:00+00:00,0.0,0.0,0.0,0.0,0.0,0.0,0.0,0.0,-0.1919437037236376,-0.3585541805689027,-0.2904021541789712,-0.0317106982288437,-0.2219228064394029,-0.3554120201969512,True,-0.25642617678666385
2026-01-25 00:00:00+00:00,0.0,0.0,0.0,0.0,0.0,0.0,0.0,0.0,-0.1919437037236376,-0.3585541805689027,-0.2904021541789712,-0.0317106982288437,-0.2219228064394029,-0.3554120201969512,True,-0.25642617678666385
2026-01-26 00:00:00+00:00,0.0,0.0,0.0,0.0,0.0,0.0,0.0,0.0,-0.1919437037236376,-0.3585541805689027,-0.2904021541789712,-0.0317106982288437,-0.2219228064394029,-0.3554120201969512,True,-0.25642617678666385
2026-01-27 00:00:00+00:00,0.0,0.0,0.0,0.0,0.0,0.0,0.0,0.0,-0.1919437037236376,-0.3585541805689027,-0.2904021541789712,-0.0317106982288437,-0.2219228064394029,-0.3554120201969512,True,-0.25642617678666385
2026-01-28 00:00:00+00:00,0.0,0.0,0.0,0.0,0.0,0.0,0.0,0.0,-0.1919437037236376,-0.3585541805689027,-0.2904021541789712,-0.0317106982288437,-0.2219228064394029,-0.3554120201969512,True,-0.25642617678666385
2026-01-29 00:00:00+00:00,0.0,0.0,0.0,0.0,0.0,0.0,0.0,0.0,-0.1919437037236376,-0.3585541805689027,-0.2904021541789712,-0.0317106982288437,-0.2219228064394029,-0.3554120201969512,True,-0.25642617678666385
2026-01-30 00:00:00+00:00,0.0,0.0,0.0,0.0,0.0,0.0,0.0,0.0,-0.1919437037236376,-0.3585541805689027,-0.2904021541789712,-0.0317106982288437,-0.2219228064394029,-0.3554120201969512,True,-0.25642617678666385
2026-01-31 00:00:00+00:00,0.0,0.0,0.0,0.0,0.0,0.0,0.0,0.0,-0.1919437037236376,-0.3585541805689027,-0.2904021541789712,-0.0317106982288437,-0.2219228064394029,-0.3554120201969512,True,-0.25642617678666385
2026-02-01 00:00:00+00:00,0.0,0.0,0.0,0.0,0.0,0.0,0.0,0.0,-0.1919437037236376,-0.3585541805689027,-0.2904021541789712,-0.0317106982288437,-0.2219228064394029,-0.3554120201969512,True,-0.25642617678666385
2026-02-02 00:00:00+00:00,0.0,0.0,0.0,0.0,0.0,0.0,0.0,0.0,-0.1919437037236376,-0.3585541805689027,-0.2904021541789712,-0.0317106982288437,-0.2219228064394029,-0.3554120201969512,True,-0.25642617678666385
2026-02-03 00:00:00+00:00,0.0,0.0,0.0,0.0,0.0,0.0,0.0,0.0,-0.1919437037236376,-0.3585541805689027,-0.2904021541789712,-0.0317106982288437,-0.2219228064394029,-0.3554120201969512,True,-0.25642617678666385
2026-02-04 00:00:00+00:00,0.0,0.0,0.0,0.0,0.0,0.0,0.0,0.0,-0.1919437037236376,-0.3585541805689027,-0.2904021541789712,-0.0317106982288437,-0.2219228064394029,-0.3554120201969512,True,-0.25642617678666385
2026-02-05 00:00:00+00:00,1.0,1.0,1.0,3.0,0.0,0.0,0.0,1.0,-0.0250398893746535,0.3021562398693136,1.214550564394625,-0.031253303084294,-0.2219228064394029,3.4536583104494114,True,1.068898538211785
2026-02-06 00:00:00+00:00,0.0,0.0,0.0,0.0,0.0,0.0,0.0,0.0,-0.1919437037236376,-0.3585541805689027,-0.2904021541789712,-0.0317106982288437,-0.2219228064394029,-0.3554120201969512,True,-0.25642617678666385
2026-02-07 00:00:00+00:00,0.0,0.0,0.0,0.0,0.0,0.0,0.0,0.0,-0.1919437037236376,-0.3585541805689027,-0.2904021541789712,-0.0317106982288437,-0.2219228064394029,-0.3554120201969512,True,-0.25642617678666385
2026-02-08 00:00:00+00:00,0.0,0.0,0.0,0.0,0.0,0.0,0.0,0.0,-0.1919437037236376,-0.3585541805689027,-0.2904021541789712,-0.0317106982288437,-0.2219228064394029,-0.3554120201969512,True,-0.25642617678666385
2026-02-09 00:00:00+00:00,0.0,0.0,0.0,0.0,0.0,0.0,0.0,0.0,-0.1919437037236376,-0.3585541805689027,-0.2904021541789712,-0.0317106982288437,-0.2219228064394029,-0.3554120201969512,True,-0.25642617678666385
2026-02-10 00:00:00+00:00,0.0,0.0,0.0,0.0,0.0,0.0,0.0,0.0,-0.1919437037236376,-0.3585541805689027,-0.2904021541789712,-0.0317106982288437,-0.2219228064394029,-0.3554120201969512,True,-0.25642617678666385
2026-02-11 00:00:00+00:00,0.0,0.0,0.0,0.0,0.0,0.0,0.0,0.0,-0.1919437037236376,-0.3585541805689027,-0.2904021541789712,-0.0317106982288437,-0.2219228064394029,-0.3554120201969512,True,-0.25642617678666385
2026-02-12 00:00:00+00:00,0.0,0.0,0.0,0.0,0.0,0.0,0.0,0.0,-0.1919437037236376,-0.3585541805689027,-0.2904021541789712,-0.0317106982288437,-0.2219228064394029,-0.3554120201969512,True,-0.25642617678666385
2026-02-13 00:00:00+00:00,0.0,0.0,0.0,0.0,0.0,0.0,0.0,0.0,-0.1919437037236376,-0.3585541805689027,-0.2904021541789712,-0.0317106982288437,-0.2219228064394029,-0.3554120201969512,True,-0.25642617678666385
2026-02-14 00:00:00+00:00,2.0,2.0,1.0,1.0,0.5,0.0,0.0,0.5,0.1418639249743304,0.96286666030753,1.214550564394625,-0.0315582331806605,4.290481659415155,1.54912314512623,True,1.993822909838572
2026-02-15 00:00:00+00:00,0.0,0.0,0.0,0.0,0.0,0.0,0.0,0.0,-0.1919437037236376,-0.3585541805689027,-0.2904021541789712,-0.0317106982288437,-0.2219228064394029,-0.3554120201969512,True,-0.25642617678666385
2026-02-16 00:00:00+00:00,0.0,0.0,0.0,0.0,0.0,0.0,0.0,0.0,-0.1919437037236376,-0.3585541805689027,-0.2904021541789712,-0.0317106982288437,-0.2219228064394029,-0.3554120201969512,True,-0.25642617678666385
2026-02-17 00:00:00+00:00,0.0,0.0,0.0,0.0,0.0,0.0,0.0,0.0,-0.1919437037236376,-0.3585541805689027,-0.2904021541789712,-0.0317106982288437,-0.2219228064394029,-0.3554120201969512,True,-0.25642617678666385
2026-02-18 00:00:00+00:00,0.0,0.0,0.0,0.0,0.0,0.0,0.0,0.0,-0.1919437037236376,-0.3585541805689027,-0.2904021541789712,-0.0317106982288437,-0.2219228064394029,-0.3554120201969512,True,-0.25642617678666385
2026-02-19 00:00:00+00:00,0.0,0.0,0.0,0.0,0.0,0.0,0.0,0.0,-0.1919437037236376,-0.3585541805689027,-0.2904021541789712,-0.0317106982288437,-0.2219228064394029,-0.3554120201969512,True,-0.25642617678666385
2026-02-20 00:00:00+00:00,0.0,0.0,0.0,0.0,0.0,0.0,0.0,0.0,-0.1919437037236376,-0.3585541805689027,-0.2904021541789712,-0.0317106982288437,-0.2219228064394029,-0.3554120201969512,True,-0.25642617678666385
2026-02-21 00:00:00+00:00,0.0,0.0,0.0,0.0,0.0,0.0,0.0,0.0,-0.1919437037236376,-0.3585541805689027,-0.2904021541789712,-0.0317106982288437,-0.2219228064394029,-0.3554120201969512,True,-0.25642617678666385
2026-02-22 00:00:00+00:00,0.0,0.0,0.0,0.0,0.0,0.0,0.0,0.0,-0.1919437037236376,-0.3585541805689027,-0.2904021541789712,-0.0317106982288437,-0.2219228064394029,-0.3554120201969512,True,-0.25642617678666385
2026-02-23 00:00:00+00:00,0.0,0.0,0.0,0.0,0.0,0.0,0.0,0.0,-0.1919437037236376,-0.3585541805689027,-0.2904021541789712,-0.0317106982288437,-0.2219228064394029,-0.3554120201969512,True,-0.25642617678666385
2026-02-24 00:00:00+00:00,0.0,0.0,0.0,0.0,0.0,0.0,0.0,0.0,-0.1919437037236376,-0.3585541805689027,-0.2904021541789712,-0.0317106982288437,-0.2219228064394029,-0.3554120201969512,True,-0.25642617678666385
2026-02-25 00:00:00+00:00,0.0,0.0,0.0,0.0,0.0,0.0,0.0,0.0,-0.1919437037236376,-0.3585541805689027,-0.2904021541789712,-0.0317106982288437,-0.2219228064394029,-0.3554120201969512,True,-0.25642617678666385
2026-02-26 00:00:00+00:00,0.0,0.0,0.0,0.0,0.0,0.0,0.0,0.0,-0.1919437037236376,-0.3585541805689027,-0.2904021541789712,-0.0317106982288437,-0.2219228064394029,-0.3554120201969512,True,-0.25642617678666385
2026-02-27 00:00:00+00:00,0.0,0.0,0.0,0.0,0.0,0.0,0.0,0.0,-0.1919437037236376,-0.3585541805689027,-0.2904021541789712,-0.0317106982288437,-0.2219228064394029,-0.3554120201969512,True,-0.25642617678666385
2026-02-28 00:00:00+00:00,0.0,0.0,0.0,0.0,0.0,0.0,0.0,0.0,-0.1919437037236376,-0.3585541805689027,-0.2904021541789712,-0.0317106982288437,-0.2219228064394029,-0.3554120201969512,True,-0.25642617678666385
2026-03-01 00:00:00+00:00,0.0,0.0,0.0,0.0,0.0,0.0,0.0,0.0,-0.1919437037236376,-0.3585541805689027,-0.2904021541789712,-0.0317106982288437,-0.2219228064394029,-0.3554120201969512,True,-0.25642617678666385
2026-03-02 00:00:00+00:00,4.0,2.0,0.0,107.0,0.75,0.0,0.0,0.0,0.4756715536722986,0.96286666030753,-0.2904021541789712,-0.0153969380732392,6.5466838923424335,-0.3554120201969512,True,2.2223144752725936
2026-03-03 00:00:00+00:00,0.0,0.0,0.0,0.0,0.0,0.0,0.0,0.0,-0.1919437037236376,-0.3585541805689027,-0.2904021541789712,-0.0317106982288437,-0.2219228064394029,-0.3554120201969512,True,-0.25642617678666385
2026-03-04 00:00:00+00:00,0.0,0.0,0.0,0.0,0.0,0.0,0.0,0.0,-0.1919437037236376,-0.3585541805689027,-0.2904021541789712,-0.0317106982288437,-0.2219228064394029,-0.3554120201969512,True,-0.25642617678666385
2026-03-05 00:00:00+00:00,0.0,0.0,0.0,0.0,0.0,0.0,0.0,0.0,-0.1919437037236376,-0.3585541805689027,-0.2904021541789712,-0.0317106982288437,-0.2219228064394029,-0.3554120201969512,True,-0.25642617678666385
2026-03-06 00:00:00+00:00,0.0,0.0,0.0,0.0,0.0,0.0,0.0,0.0,-0.1919437037236376,-0.3585541805689027,-0.2904021541789712,-0.0317106982288437,-0.2219228064394029,-0.3554120201969512,True,-0.25642617678666385
2026-03-07 00:00:00+00:00,0.0,0.0,0.0,0.0,0.0,0.0,0.0,0.0,-0.1919437037236376,-0.3585541805689027,-0.2904021541789712,-0.0317106982288437,-0.2219228064394029,-0.3554120201969512,True,-0.25642617678666385
2026-03-08 00:00:00+00:00,0.0,0.0,0.0,0.0,0.0,0.0,0.0,0.0,-0.1919437037236376,-0.3585541805689027,-0.2904021541789712,-0.0317106982288437,-0.2219228064394029,-0.3554120201969512,True,-0.25642617678666385
2026-03-09 00:00:00+00:00,0.0,0.0,0.0,0.0,0.0,0.0,0.0,0.0,-0.1919437037236376,-0.3585541805689027,-0.2904021541789712,-0.0317106982288437,-0.2219228064394029,-0.3554120201969512,True,-0.25642617678666385
2026-03-10 00:00:00+00:00,0.0,0.0,0.0,0.0,0.0,0.0,0.0,0.0,-0.1919437037236376,-0.3585541805689027,-0.2904021541789712,-0.0317106982288437,-0.2219228064394029,-0.3554120201969512,True,-0.25642617678666385
2026-03-11 00:00:00+00:00,1.0,1.0,1.0,422.0,0.0,0.0,0.0,1.0,-0.0250398893746535,0.3021562398693136,1.214550564394625,0.0326295521044748,-0.2219228064394029,3.4536583104494114,True,1.068898538211785
2026-03-12 00:00:00+00:00,0.0,0.0,0.0,0.0,0.0,0.0,0.0,0.0,-0.1919437037236376,-0.3585541805689027,-0.2904021541789712,-0.0317106982288437,-0.2219228064394029,-0.3554120201969512,True,-0.25642617678666385
2026-03-13 00:00:00+00:00,0.0,0.0,0.0,0.0,0.0,0.0,0.0,0.0,-0.1919437037236376,-0.3585541805689027,-0.2904021541789712,-0.0317106982288437,-0.2219228064394029,-0.3554120201969512,True,-0.25642617678666385
2026-03-14 00:00:00+00:00,0.0,0.0,0.0,0.0,0.0,0.0,0.0,0.0,-0.1919437037236376,-0.3585541805689027,-0.2904021541789712,-0.0317106982288437,-0.2219228064394029,-0.3554120201969512,True,-0.25642617678666385
2026-03-15 00:00:00+00:00,0.0,0.0,0.0,0.0,0.0,0.0,0.0,0.0,-0.1919437037236376,-0.3585541805689027,-0.2904021541789712,-0.0317106982288437,-0.2219228064394029,-0.3554120201969512,True,-0.25642617678666385
2026-03-16 00:00:00+00:00,0.0,0.0,0.0,0.0,0.0,0.0,0.0,0.0,-0.1919437037236376,-0.3585541805689027,-0.2904021541789712,-0.0317106982288437,-0.2219228064394029,-0.3554120201969512,True,-0.25642617678666385
2026-03-17 00:00:00+00:00,0.0,0.0,0.0,0.0,0.0,0.0,0.0,0.0,-0.1919437037236376,-0.3585541805689027,-0.2904021541789712,-0.0317106982288437,-0.2219228064394029,-0.3554120201969512,True,-0.25642617678666385
2026-03-18 00:00:00+00:00,0.0,0.0,0.0,0.0,0.0,0.0,0.0,0.0,-0.1919437037236376,-0.3585541805689027,-0.2904021541789712,-0.0317106982288437,-0.2219228064394029,-0.3554120201969512,True,-0.25642617678666385
2026-03-19 00:00:00+00:00,0.0,0.0,0.0,0.0,0.0,0.0,0.0,0.0,-0.1919437037236376,-0.3585541805689027,-0.2904021541789712,-0.0317106982288437,-0.2219228064394029,-0.3554120201969512,True,-0.25642617678666385
2026-03-20 00:00:00+00:00,0.0,0.0,0.0,0.0,0.0,0.0,0.0,0.0,-0.1919437037236376,-0.3585541805689027,-0.2904021541789712,-0.0317106982288437,-0.2219228064394029,-0.3554120201969512,True,-0.25642617678666385
2026-03-21 00:00:00+00:00,0.0,0.0,0.0,0.0,0.0,0.0,0.0,0.0,-0.1919437037236376,-0.3585541805689027,-0.2904021541789712,-0.0317106982288437,-0.2219228064394029,-0.3554120201969512,True,-0.25642617678666385
2026-03-22 00:00:00+00:00,0.0,0.0,0.0,0.0,0.0,0.0,0.0,0.0,-0.1919437037236376,-0.3585541805689027,-0.2904021541789712,-0.0317106982288437,-0.2219228064394029,-0.3554120201969512,True,-0.25642617678666385
2026-03-23 00:00:00+00:00,0.0,0.0,0.0,0.0,0.0,0.0,0.0,0.0,-0.1919437037236376,-0.3585541805689027,-0.2904021541789712,-0.0317106982288437,-0.2219228064394029,-0.3554120201969512,True,-0.25642617678666385
2026-03-24 00:00:00+00:00,0.0,0.0,0.0,0.0,0.0,0.0,0.0,0.0,-0.1919437037236376,-0.3585541805689027,-0.2904021541789712,-0.0317106982288437,-0.2219228064394029,-0.3554120201969512,True,-0.25642617678666385
2026-03-25 00:00:00+00:00,0.0,0.0,0.0,0.0,0.0,0.0,0.0,0.0,-0.1919437037236376,-0.3585541805689027,-0.2904021541789712,-0.0317106982288437,-0.2219228064394029,-0.3554120201969512,True,-0.25642617678666385
2026-03-26 00:00:00+00:00,0.0,0.0,0.0,0.0,0.0,0.0,0.0,0.0,-0.1919437037236376,-0.3585541805689027,-0.2904021541789712,-0.0317106982288437,-0.2219228064394029,-0.3554120201969512,True,-0.25642617678666385
2026-03-27 00:00:00+00:00,0.0,0.0,0.0,0.0,0.0,0.0,0.0,0.0,-0.1919437037236376,-0.3585541805689027,-0.2904021541789712,-0.0317106982288437,-0.2219228064394029,-0.3554120201969512,True,-0.25642617678666385
2026-03-28 00:00:00+00:00,0.0,0.0,0.0,0.0,0.0,0.0,0.0,0.0,-0.1919437037236376,-0.3585541805689027,-0.2904021541789712,-0.0317106982288437,-0.2219228064394029,-0.3554120201969512,True,-0.25642617678666385
2026-03-29 00:00:00+00:00,0.0,0.0,0.0,0.0,0.0,0.0,0.0,0.0,-0.1919437037236376,-0.3585541805689027,-0.2904021541789712,-0.0317106982288437,-0.2219228064394029,-0.3554120201969512,True,-0.25642617678666385
2026-03-30 00:00:00+00:00,0.0,0.0,0.0,0.0,0.0,0.0,0.0,0.0,-0.1919437037236376,-0.3585541805689027,-0.2904021541789712,-0.0317106982288437,-0.2219228064394029,-0.3554120201969512,True,-0.25642617678666385
2026-03-31 00:00:00+00:00,0.0,0.0,0.0,0.0,0.0,0.0,0.0,0.0,-0.1919437037236376,-0.3585541805689027,-0.2904021541789712,-0.0317106982288437,-0.2219228064394029,-0.3554120201969512,True,-0.25642617678666385
2026-04-01 00:00:00+00:00,0.0,0.0,0.0,0.0,0.0,0.0,0.0,0.0,-0.1919437037236376,-0.3585541805689027,-0.2904021541789712,-0.0317106982288437,-0.2219228064394029,-0.3554120201969512,True,-0.25642617678666385
2026-04-02 00:00:00+00:00,0.0,0.0,0.0,0.0,0.0,0.0,0.0,0.0,-0.1919437037236376,-0.3585541805689027,-0.2904021541789712,-0.0317106982288437,-0.2219228064394029,-0.3554120201969512,True,-0.25642617678666385
2026-04-03 00:00:00+00:00,0.0,0.0,0.0,0.0,0.0,0.0,0.0,0.0,-0.1919437037236376,-0.3585541805689027,-0.2904021541789712,-0.0317106982288437,-0.2219228064394029,-0.3554120201969512,True,-0.25642617678666385
2026-04-04 00:00:00+00:00,0.0,0.0,0.0,0.0,0.0,0.0,0.0,0.0,-0.1919437037236376,-0.3585541805689027,-0.2904021541789712,-0.0317106982288437,-0.2219228064394029,-0.3554120201969512,True,-0.25642617678666385
2026-04-05 00:00:00+00:00,0.0,0.0,0.0,0.0,0.0,0.0,0.0,0.0,-0.1919437037236376,-0.3585541805689027,-0.2904021541789712,-0.0317106982288437,-0.2219228064394029,-0.3554120201969512,True,-0.25642617678666385
2026-04-06 00:00:00+00:00,0.0,0.0,0.0,0.0,0.0,0.0,0.0,0.0,-0.1919437037236376,-0.3585541805689027,-0.2904021541789712,-0.0317106982288437,-0.2219228064394029,-0.3554120201969512,True,-0.25642617678666385
2026-04-07 00:00:00+00:00,0.0,0.0,0.0,0.0,0.0,0.0,0.0,0.0,-0.1919437037236376,-0.3585541805689027,-0.2904021541789712,-0.0317106982288437,-0.2219228064394029,-0.3554120201969512,True,-0.25642617678666385
2026-04-08 00:00:00+00:00,2.0,2.0,1.0,19.0,0.5,0.0,0.0,0.5,0.1418639249743304,0.96286666030753,1.214550564394625,-0.0288138623133625,4.290481659415155,1.54912314512623,True,1.993822909838572
2026-04-09 00:00:00+00:00,2.0,2.0,0.0,19.0,1.0,0.0,0.0,0.0,0.1418639249743304,0.96286666030753,-0.2904021541789712,-0.0288138623133625,8.802886125269712,-0.3554120201969512,True,2.863112676682364
2026-04-10 00:00:00+00:00,5.0,4.0,0.0,54.0,0.2,0.0,0.0,0.0,0.6425753680212826,2.2842875011839627,-0.2904021541789712,-0.0234775856269499,1.5830389799024205,-0.3554120201969512,True,0.6234007759089173
2026-04-11 00:00:00+00:00,0.0,0.0,0.0,0.0,0.0,0.0,0.0,0.0,-0.1919437037236376,-0.3585541805689027,-0.2904021541789712,-0.0317106982288437,-0.2219228064394029,-0.3554120201969512,True,-0.25642617678666385
2026-04-12 00:00:00+00:00,0.0,0.0,0.0,0.0,0.0,0.0,0.0,0.0,-0.1919437037236376,-0.3585541805689027,-0.2904021541789712,-0.0317106982288437,-0.2219228064394029,-0.3554120201969512,True,-0.25642617678666385
2026-04-13 00:00:00+00:00,1.0,1.0,0.0,85.0,0.0,0.0,0.0,0.0,-0.0250398893746535,0.3021562398693136,-0.2904021541789712,-0.0187511691332701,-0.2219228064394029,-0.3554120201969512,True,-0.20079157200366918
2026-04-14 00:00:00+00:00,0.0,0.0,0.0,0.0,0.0,0.0,0.0,0.0,-0.1919437037236376,-0.3585541805689027,-0.2904021541789712,-0.0317106982288437,-0.2219228064394029,-0.3554120201969512,True,-0.25642617678666385
2026-04-15 00:00:00+00:00,0.0,0.0,0.0,0.0,0.0,0.0,0.0,0.0,-0.1919437037236376,-0.3585541805689027,-0.2904021541789712,-0.0317106982288437,-0.2219228064394029,-0.3554120201969512,True,-0.25642617678666385
2026-04-16 00:00:00+00:00,0.0,0.0,0.0,0.0,0.0,0.0,0.0,0.0,-0.1919437037236376,-0.3585541805689027,-0.2904021541789712,-0.0317106982288437,-0.2219228064394029,-0.3554120201969512,True,-0.25642617678666385
2026-04-17 00:00:00+00:00,0.0,0.0,0.0,0.0,0.0,0.0,0.0,0.0,-0.1919437037236376,-0.3585541805689027,-0.2904021541789712,-0.0317106982288437,-0.2219228064394029,-0.3554120201969512,True,-0.25642617678666385
2026-04-18 00:00:00+00:00,0.0,0.0,0.0,0.0,0.0,0.0,0.0,0.0,-0.1919437037236376,-0.3585541805689027,-0.2904021541789712,-0.0317106982288437,-0.2219228064394029,-0.3554120201969512,True,-0.25642617678666385
2026-04-19 00:00:00+00:00,1.0,1.0,0.0,178.0,0.0,0.0,0.0,0.0,-0.0250398893746535,0.3021562398693136,-0.2904021541789712,-0.0045719196522307,-0.2219228064394029,-0.3554120201969512,True,-0.20079157200366918
2026-04-20 00:00:00+00:00,1.0,1.0,0.0,23.0,0.0,0.0,0.0,0.0,-0.0250398893746535,0.3021562398693136,-0.2904021541789712,-0.0282040021206297,-0.2219228064394029,-0.3554120201969512,True,-0.20079157200366918
2026-04-21 00:00:00+00:00,0.0,0.0,0.0,0.0,0.0,0.0,0.0,0.0,-0.1919437037236376,-0.3585541805689027,-0.2904021541789712,-0.0317106982288437,-0.2219228064394029,-0.3554120201969512,True,-0.25642617678666385
2026-04-22 00:00:00+00:00,0.0,0.0,0.0,0.0,0.0,0.0,0.0,0.0,-0.1919437037236376,-0.3585541805689027,-0.2904021541789712,-0.0317106982288437,-0.2219228064394029,-0.3554120201969512,True,-0.25642617678666385
2026-04-23 00:00:00+00:00,0.0,0.0,0.0,0.0,0.0,0.0,0.0,0.0,-0.1919437037236376,-0.3585541805689027,-0.2904021541789712,-0.0317106982288437,-0.2219228064394029,-0.3554120201969512,True,-0.25642617678666385
2026-04-24 00:00:00+00:00,1.0,1.0,0.0,23.0,0.0,0.0,0.0,0.0,-0.0250398893746535,0.3021562398693136,-0.2904021541789712,-0.0282040021206297,-0.2219228064394029,-0.3554120201969512,True,-0.20079157200366918
2026-04-25 00:00:00+00:00,0.0,0.0,0.0,0.0,0.0,0.0,0.0,0.0,-0.1919437037236376,-0.3585541805689027,-0.2904021541789712,-0.0317106982288437,-0.2219228064394029,-0.3554120201969512,True,-0.25642617678666385
2026-04-26 00:00:00+00:00,1.0,1.0,0.0,0.0,0.0,1.0,0.0,0.0,-0.0250398893746535,0.3021562398693136,-0.2904021541789712,-0.0317106982288437,-0.2219228064394029,-0.3554120201969512,True,-0.20079157200366918
2026-04-27 00:00:00+00:00,0.0,0.0,0.0,0.0,0.0,0.0,0.0,0.0,-0.1919437037236376,-0.3585541805689027,-0.2904021541789712,-0.0317106982288437,-0.2219228064394029,-0.3554120201969512,True,-0.25642617678666385
2026-04-28 00:00:00+00:00,0.0,0.0,0.0,0.0,0.0,0.0,0.0,0.0,-0.1919437037236376,-0.3585541805689027,-0.2904021541789712,-0.0317106982288437,-0.2219228064394029,-0.3554120201969512,True,-0.25642617678666385
2026-04-29 00:00:00+00:00,1.0,1.0,1.0,9.0,0.0,0.0,0.0,1.0,-0.0250398893746535,0.3021562398693136,1.214550564394625,-0.0303385127951947,-0.2219228064394029,3.4536583104494114,True,1.068898538211785
2026-04-30 00:00:00+00:00,1.0,1.0,1.0,20.0,0.0,0.0,0.0,1.0,-0.0250398893746535,0.3021562398693136,1.214550564394625,-0.0286613972651793,-0.2219228064394029,3.4536583104494114,True,1.068898538211785
2026-05-01 00:00:00+00:00,0.0,0.0,0.0,0.0,0.0,0.0,0.0,0.0,-0.1919437037236376,-0.3585541805689027,-0.2904021541789712,-0.0317106982288437,-0.2219228064394029,-0.3554120201969512,True,-0.25642617678666385
2026-05-02 00:00:00+00:00,0.0,0.0,0.0,0.0,0.0,0.0,0.0,0.0,-0.1919437037236376,-0.3585541805689027,-0.2904021541789712,-0.0317106982288437,-0.2219228064394029,-0.3554120201969512,True,-0.25642617678666385
2026-05-03 00:00:00+00:00,0.0,0.0,0.0,0.0,0.0,0.0,0.0,0.0,-0.1919437037236376,-0.3585541805689027,-0.2904021541789712,-0.0317106982288437,-0.2219228064394029,-0.3554120201969512,True,-0.25642617678666385
2026-05-04 00:00:00+00:00,0.0,0.0,0.0,0.0,0.0,0.0,0.0,0.0,-0.1919437037236376,-0.3585541805689027,-0.2904021541789712,-0.0317106982288437,-0.2219228064394029,-0.3554120201969512,True,-0.25642617678666385
2026-05-05 00:00:00+00:00,0.0,0.0,0.0,0.0,0.0,0.0,0.0,0.0,-0.1919437037236376,-0.3585541805689027,-0.2904021541789712,-0.0317106982288437,-0.2219228064394029,-0.3554120201969512,True,-0.25642617678666385
2026-05-06 00:00:00+00:00,0.0,0.0,0.0,0.0,0.0,0.0,0.0,0.0,-0.1919437037236376,-0.3585541805689027,-0.2904021541789712,-0.0317106982288437,-0.2219228064394029,-0.3554120201969512,True,-0.25642617678666385
2026-05-07 00:00:00+00:00,0.0,0.0,0.0,0.0,0.0,0.0,0.0,0.0,-0.1919437037236376,-0.3585541805689027,-0.2904021541789712,-0.0317106982288437,-0.2219228064394029,-0.3554120201969512,True,-0.25642617678666385
2026-05-08 00:00:00+00:00,0.0,0.0,0.0,0.0,0.0,0.0,0.0,0.0,-0.1919437037236376,-0.3585541805689027,-0.2904021541789712,-0.0317106982288437,-0.2219228064394029,-0.3554120201969512,True,-0.25642617678666385
2026-05-09 00:00:00+00:00,0.0,0.0,0.0,0.0,0.0,0.0,0.0,0.0,-0.1919437037236376,-0.3585541805689027,-0.2904021541789712,-0.0317106982288437,-0.2219228064394029,-0.3554120201969512,True,-0.25642617678666385
2026-05-10 00:00:00+00:00,3.0,2.0,1.0,254.0,0.0,0.0,0.0,0.5,0.3087677393233145,0.96286666030753,1.214550564394625,0.0070154240096939,-0.2219228064394029,1.54912314512623,True,0.5453226926700472
2026-05-11 00:00:00+00:00,1.0,1.0,0.0,8.0,1.0,0.0,0.0,0.0,-0.0250398893746535,0.3021562398693136,-0.2904021541789712,-0.030490977843378,8.802886125269712,-0.3554120201969512,True,2.8074780718993693
2026-05-12 00:00:00+00:00,0.0,0.0,0.0,0.0,0.0,0.0,0.0,0.0,-0.1919437037236376,-0.3585541805689027,-0.2904021541789712,-0.0317106982288437,-0.2219228064394029,-0.3554120201969512,True,-0.25642617678666385
2026-05-13 00:00:00+00:00,0.0,0.0,0.0,0.0,0.0,0.0,0.0,0.0,-0.1919437037236376,-0.3585541805689027,-0.2904021541789712,-0.0317106982288437,-0.2219228064394029,-0.3554120201969512,True,-0.25642617678666385
2026-05-14 00:00:00+00:00,0.0,0.0,0.0,0.0,0.0,0.0,0.0,0.0,-0.1919437037236376,-0.3585541805689027,-0.2904021541789712,-0.0317106982288437,-0.2219228064394029,-0.3554120201969512,True,-0.25642617678666385
2026-05-15 00:00:00+00:00,0.0,0.0,0.0,0.0,0.0,0.0,0.0,0.0,-0.1919437037236376,-0.3585541805689027,-0.2904021541789712,-0.0317106982288437,-0.2219228064394029,-0.3554120201969512,True,-0.25642617678666385
2026-05-16 00:00:00+00:00,0.0,0.0,0.0,0.0,0.0,0.0,0.0,0.0,-0.1919437037236376,-0.3585541805689027,-0.2904021541789712,-0.0317106982288437,-0.2219228064394029,-0.3554120201969512,True,-0.25642617678666385
2026-05-17 00:00:00+00:00,0.0,0.0,0.0,0.0,0.0,0.0,0.0,0.0,-0.1919437037236376,-0.3585541805689027,-0.2904021541789712,-0.0317106982288437,-0.2219228064394029,-0.3554120201969512,True,-0.25642617678666385
2026-05-18 00:00:00+00:00,0.0,0.0,0.0,0.0,0.0,0.0,0.0,0.0,-0.1919437037236376,-0.3585541805689027,-0.2904021541789712,-0.0317106982288437,-0.2219228064394029,-0.3554120201969512,True,-0.25642617678666385
2026-05-19 00:00:00+00:00,1.0,1.0,0.0,0.0,0.0,1.0,0.0,0.0,-0.0250398893746535,0.3021562398693136,-0.2904021541789712,-0.0317106982288437,-0.2219228064394029,-0.3554120201969512,True,-0.20079157200366918
2026-05-20 00:00:00+00:00,0.0,0.0,0.0,0.0,0.0,0.0,0.0,0.0,-0.1919437037236376,-0.3585541805689027,-0.2904021541789712,-0.0317106982288437,-0.2219228064394029,-0.3554120201969512,True,-0.25642617678666385
2026-05-21 00:00:00+00:00,0.0,0.0,0.0,0.0,0.0,0.0,0.0,0.0,-0.1919437037236376,-0.3585541805689027,-0.2904021541789712,-0.0317106982288437,-0.2219228064394029,-0.3554120201969512,True,-0.25642617678666385
2026-05-22 00:00:00+00:00,0.0,0.0,0.0,0.0,0.0,0.0,0.0,0.0,-0.1919437037236376,-0.3585541805689027,-0.2904021541789712,-0.0317106982288437,-0.2219228064394029,-0.3554120201969512,True,-0.25642617678666385
2026-05-23 00:00:00+00:00,0.0,0.0,0.0,0.0,0.0,0.0,0.0,0.0,-0.1919437037236376,-0.3585541805689027,-0.2904021541789712,-0.0317106982288437,-0.2219228064394029,-0.3554120201969512,True,-0.25642617678666385
2026-05-24 00:00:00+00:00,0.0,0.0,0.0,0.0,0.0,0.0,0.0,0.0,-0.1919437037236376,-0.3585541805689027,-0.2904021541789712,-0.0317106982288437,-0.2219228064394029,-0.3554120201969512,True,-0.25642617678666385
2026-05-25 00:00:00+00:00,0.0,0.0,0.0,0.0,0.0,0.0,0.0,0.0,-0.1919437037236376,-0.3585541805689027,-0.2904021541789712,-0.0317106982288437,-0.2219228064394029,-0.3554120201969512,True,-0.25642617678666385
2026-05-26 00:00:00+00:00,0.0,0.0,0.0,0.0,0.0,0.0,0.0,0.0,-0.1919437037236376,-0.3585541805689027,-0.2904021541789712,-0.0317106982288437,-0.2219228064394029,-0.3554120201969512,True,-0.25642617678666385
2026-05-27 00:00:00+00:00,0.0,0.0,0.0,0.0,0.0,0.0,0.0,0.0,-0.1919437037236376,-0.3585541805689027,-0.2904021541789712,-0.0317106982288437,-0.2219228064394029,-0.3554120201969512,True,-0.25642617678666385
2026-05-28 00:00:00+00:00,0.0,0.0,0.0,0.0,0.0,0.0,0.0,0.0,-0.1919437037236376,-0.3585541805689027,-0.2904021541789712,-0.0317106982288437,-0.2219228064394029,-0.3554120201969512,True,-0.25642617678666385
2026-05-29 00:00:00+00:00,0.0,0.0,0.0,0.0,0.0,0.0,0.0,0.0,-0.1919437037236376,-0.3585541805689027,-0.2904021541789712,-0.0317106982288437,-0.2219228064394029,-0.3554120201969512,True,-0.25642617678666385
2026-05-30 00:00:00+00:00,0.0,0.0,0.0,0.0,0.0,0.0,0.0,0.0,-0.1919437037236376,-0.3585541805689027,-0.2904021541789712,-0.0317106982288437,-0.2219228064394029,-0.3554120201969512,True,-0.25642617678666385
2026-05-31 00:00:00+00:00,0.0,0.0,0.0,0.0,0.0,0.0,0.0,0.0,-0.1919437037236376,-0.3585541805689027,-0.2904021541789712,-0.0317106982288437,-0.2219228064394029,-0.3554120201969512,True,-0.25642617678666385
2026-06-01 00:00:00+00:00,1.0,1.0,1.0,31.0,0.0,0.0,0.0,1.0,-0.0250398893746535,0.3021562398693136,1.214550564394625,-0.0269842817351639,-0.2219228064394029,3.4536583104494114,True,1.068898538211785
2026-06-02 00:00:00+00:00,0.0,0.0,0.0,0.0,0.0,0.0,0.0,0.0,-0.1919437037236376,-0.3585541805689027,-0.2904021541789712,-0.0317106982288437,-0.2219228064394029,-0.3554120201969512,True,-0.25642617678666385
2026-06-03 00:00:00+00:00,0.0,0.0,0.0,0.0,0.0,0.0,0.0,0.0,-0.1919437037236376,-0.3585541805689027,-0.2904021541789712,-0.0317106982288437,-0.2219228064394029,-0.3554120201969512,True,-0.25642617678666385
2026-06-04 00:00:00+00:00,0.0,0.0,0.0,0.0,0.0,0.0,0.0,0.0,-0.1919437037236376,-0.3585541805689027,-0.2904021541789712,-0.0317106982288437,-0.2219228064394029,-0.3554120201969512,True,-0.25642617678666385
2026-06-05 00:00:00+00:00,0.0,0.0,0.0,0.0,0.0,0.0,0.0,0.0,-0.1919437037236376,-0.3585541805689027,-0.2904021541789712,-0.0317106982288437,-0.2219228064394029,-0.3554120201969512,True,-0.25642617678666385
2026-06-06 00:00:00+00:00,0.0,0.0,0.0,0.0,0.0,0.0,0.0,0.0,-0.1919437037236376,-0.3585541805689027,-0.2904021541789712,-0.0317106982288437,-0.2219228064394029,-0.3554120201969512,True,-0.25642617678666385
2026-06-07 00:00:00+00:00,2.0,1.0,0.0,7.0,0.0,0.0,0.0,0.0,0.1418639249743304,0.3021562398693136,-0.2904021541789712,-0.0306434428915612,-0.2219228064394029,-0.3554120201969512,True,-0.14515696722067456
2026-06-08 00:00:00+00:00,0.0,0.0,0.0,0.0,0.0,0.0,0.0,0.0,-0.1919437037236376,-0.3585541805689027,-0.2904021541789712,-0.0317106982288437,-0.2219228064394029,-0.3554120201969512,True,-0.25642617678666385
2026-06-09 00:00:00+00:00,0.0,0.0,0.0,0.0,0.0,0.0,0.0,0.0,-0.1919437037236376,-0.3585541805689027,-0.2904021541789712,-0.0317106982288437,-0.2219228064394029,-0.3554120201969512,True,-0.25642617678666385
2026-06-10 00:00:00+00:00,0.0,0.0,0.0,0.0,0.0,0.0,0.0,0.0,-0.1919437037236376,-0.3585541805689027,-0.2904021541789712,-0.0317106982288437,-0.2219228064394029,-0.3554120201969512,True,-0.25642617678666385
2026-06-11 00:00:00+00:00,0.0,0.0,0.0,0.0,0.0,0.0,0.0,0.0,-0.1919437037236376,-0.3585541805689027,-0.2904021541789712,-0.0317106982288437,-0.2219228064394029,-0.3554120201969512,True,-0.25642617678666385
2026-06-12 00:00:00+00:00,0.0,0.0,0.0,0.0,0.0,0.0,0.0,0.0,-0.1919437037236376,-0.3585541805689027,-0.2904021541789712,-0.0317106982288437,-0.2219228064394029,-0.3554120201969512,True,-0.25642617678666385
2026-06-13 00:00:00+00:00,0.0,0.0,0.0,0.0,0.0,0.0,0.0,0.0,-0.1919437037236376,-0.3585541805689027,-0.2904021541789712,-0.0317106982288437,-0.2219228064394029,-0.3554120201969512,True,-0.25642617678666385
2026-06-14 00:00:00+00:00,0.0,0.0,0.0,0.0,0.0,0.0,0.0,0.0,-0.1919437037236376,-0.3585541805689027,-0.2904021541789712,-0.0317106982288437,-0.2219228064394029,-0.3554120201969512,True,-0.25642617678666385
2026-06-15 00:00:00+00:00,0.0,0.0,0.0,0.0,0.0,0.0,0.0,0.0,-0.1919437037236376,-0.3585541805689027,-0.2904021541789712,-0.0317106982288437,-0.2219228064394029,-0.3554120201969512,True,-0.25642617678666385
2026-06-16 00:00:00+00:00,0.0,0.0,0.0,0.0,0.0,0.0,0.0,0.0,-0.1919437037236376,-0.3585541805689027,-0.2904021541789712,-0.0317106982288437,-0.2219228064394029,-0.3554120201969512,True,-0.25642617678666385
2026-06-17 00:00:00+00:00,0.0,0.0,0.0,0.0,0.0,0.0,0.0,0.0,-0.1919437037236376,-0.3585541805689027,-0.2904021541789712,-0.0317106982288437,-0.2219228064394029,-0.3554120201969512,True,-0.25642617678666385
2026-06-18 00:00:00+00:00,0.0,0.0,0.0,0.0,0.0,0.0,0.0,0.0,-0.1919437037236376,-0.3585541805689027,-0.2904021541789712,-0.0317106982288437,-0.2219228064394029,-0.3554120201969512,True,-0.25642617678666385
2026-06-19 00:00:00+00:00,0.0,0.0,0.0,0.0,0.0,0.0,0.0,0.0,-0.1919437037236376,-0.3585541805689027,-0.2904021541789712,-0.0317106982288437,-0.2219228064394029,-0.3554120201969512,True,-0.25642617678666385
2026-06-20 00:00:00+00:00,0.0,0.0,0.0,0.0,0.0,0.0,0.0,0.0,-0.1919437037236376,-0.3585541805689027,-0.2904021541789712,-0.0317106982288437,-0.2219228064394029,-0.3554120201969512,True,-0.25642617678666385
2026-06-21 00:00:00+00:00,0.0,0.0,0.0,0.0,0.0,0.0,0.0,0.0,-0.1919437037236376,-0.3585541805689027,-0.2904021541789712,-0.0317106982288437,-0.2219228064394029,-0.3554120201969512,True,-0.25642617678666385
2026-06-22 00:00:00+00:00,0.0,0.0,0.0,0.0,0.0,0.0,0.0,0.0,-0.1919437037236376,-0.3585541805689027,-0.2904021541789712,-0.0317106982288437,-0.2219228064394029,-0.3554120201969512,True,-0.25642617678666385
2026-06-23 00:00:00+00:00,0.0,0.0,0.0,0.0,0.0,0.0,0.0,0.0,-0.1919437037236376,-0.3585541805689027,-0.2904021541789712,-0.0317106982288437,-0.2219228064394029,-0.3554120201969512,True,-0.25642617678666385
2026-06-24 00:00:00+00:00,0.0,0.0,0.0,0.0,0.0,0.0,0.0,0.0,-0.1919437037236376,-0.3585541805689027,-0.2904021541789712,-0.0317106982288437,-0.2219228064394029,-0.3554120201969512,True,-0.25642617678666385
2026-06-25 00:00:00+00:00,0.0,0.0,0.0,0.0,0.0,0.0,0.0,0.0,-0.1919437037236376,-0.3585541805689027,-0.2904021541789712,-0.0317106982288437,-0.2219228064394029,-0.3554120201969512,True,-0.25642617678666385
2026-06-26 00:00:00+00:00,0.0,0.0,0.0,0.0,0.0,0.0,0.0,0.0,-0.1919437037236376,-0.3585541805689027,-0.2904021541789712,-0.0317106982288437,-0.2219228064394029,-0.3554120201969512,True,-0.25642617678666385
2026-06-27 00:00:00+00:00,1.0,1.0,0.0,2.0,0.0,0.0,0.0,0.0,-0.0250398893746535,0.3021562398693136,-0.2904021541789712,-0.0314057681324773,-0.2219228064394029,-0.3554120201969512,True,-0.20079157200366918
2026-06-28 00:00:00+00:00,0.0,0.0,0.0,0.0,0.0,0.0,0.0,0.0,-0.1919437037236376,-0.3585541805689027,-0.2904021541789712,-0.0317106982288437,-0.2219228064394029,-0.3554120201969512,True,-0.25642617678666385
2026-06-29 00:00:00+00:00,0.0,0.0,0.0,0.0,0.0,0.0,0.0,0.0,-0.1919437037236376,-0.3585541805689027,-0.2904021541789712,-0.0317106982288437,-0.2219228064394029,-0.3554120201969512,True,-0.25642617678666385
2026-06-30 00:00:00+00:00,0.0,0.0,0.0,0.0,0.0,0.0,0.0,0.0,-0.1919437037236376,-0.3585541805689027,-0.2904021541789712,-0.0317106982288437,-0.2219228064394029,-0.3554120201969512,True,-0.25642617678666385
2026-07-01 00:00:00+00:00,0.0,0.0,0.0,0.0,0.0,0.0,0.0,0.0,-0.1919437037236376,-0.3585541805689027,-0.2904021541789712,-0.0317106982288437,-0.2219228064394029,-0.3554120201969512,True,-0.25642617678666385
2026-07-02 00:00:00+00:00,0.0,0.0,0.0,0.0,0.0,0.0,0.0,0.0,-0.1919437037236376,-0.3585541805689027,-0.2904021541789712,-0.0317106982288437,-0.2219228064394029,-0.3554120201969512,True,-0.25642617678666385
2026-07-03 00:00:00+00:00,0.0,0.0,0.0,0.0,0.0,0.0,0.0,0.0,-0.1919437037236376,-0.3585541805689027,-0.2904021541789712,-0.0317106982288437,-0.2219228064394029,-0.3554120201969512,True,-0.25642617678666385
2026-07-04 00:00:00+00:00,0.0,0.0,0.0,0.0,0.0,0.0,0.0,0.0,-0.1919437037236376,-0.3585541805689027,-0.2904021541789712,-0.0317106982288437,-0.2219228064394029,-0.3554120201969512,True,-0.25642617678666385
2026-07-05 00:00:00+00:00,0.0,0.0,0.0,0.0,0.0,0.0,0.0,0.0,-0.1919437037236376,-0.3585541805689027,-0.2904021541789712,-0.0317106982288437,-0.2219228064394029,-0.3554120201969512,True,-0.25642617678666385
2026-07-06 00:00:00+00:00,0.0,0.0,0.0,0.0,0.0,0.0,0.0,0.0,-0.1919437037236376,-0.3585541805689027,-0.2904021541789712,-0.0317106982288437,-0.2219228064394029,-0.3554120201969512,True,-0.25642617678666385
2026-07-07 00:00:00+00:00,0.0,0.0,0.0,0.0,0.0,0.0,0.0,0.0,-0.1919437037236376,-0.3585541805689027,-0.2904021541789712,-0.0317106982288437,-0.2219228064394029,-0.3554120201969512,True,-0.25642617678666385
2026-07-08 00:00:00+00:00,0.0,0.0,0.0,0.0,0.0,0.0,0.0,0.0,-0.1919437037236376,-0.3585541805689027,-0.2904021541789712,-0.0317106982288437,-0.2219228064394029,-0.3554120201969512,True,-0.25642617678666385
2026-07-09 00:00:00+00:00,0.0,0.0,0.0,0.0,0.0,0.0,0.0,0.0,-0.1919437037236376,-0.3585541805689027,-0.2904021541789712,-0.0317106982288437,-0.2219228064394029,-0.3554120201969512,True,-0.25642617678666385
2026-07-10 00:00:00+00:00,0.0,0.0,0.0,0.0,0.0,0.0,0.0,0.0,-0.1919437037236376,-0.3585541805689027,-0.2904021541789712,-0.0317106982288437,-0.2219228064394029,-0.3554120201969512,True,-0.25642617678666385
2026-07-11 00:00:00+00:00,0.0,0.0,0.0,0.0,0.0,0.0,0.0,0.0,-0.1919437037236376,-0.3585541805689027,-0.2904021541789712,-0.0317106982288437,-0.2219228064394029,-0.3554120201969512,True,-0.25642617678666385
2026-07-12 00:00:00+00:00,0.0,0.0,0.0,0.0,0.0,0.0,0.0,0.0,-0.1919437037236376,-0.3585541805689027,-0.2904021541789712,-0.0317106982288437,-0.2219228064394029,-0.3554120201969512,True,-0.25642617678666385
2026-07-13 00:00:00+00:00,0.0,0.0,0.0,0.0,0.0,0.0,0.0,0.0,-0.1919437037236376,-0.3585541805689027,-0.2904021541789712,-0.0317106982288437,-0.2219228064394029,-0.3554120201969512,True,-0.25642617678666385
2026-07-14 00:00:00+00:00,1.0,1.0,0.0,0.0,0.0,1.0,0.0,0.0,-0.0250398893746535,0.3021562398693136,-0.2904021541789712,-0.0317106982288437,-0.2219228064394029,-0.3554120201969512,True,-0.20079157200366918
2026-07-15 00:00:00+00:00,0.0,0.0,0.0,0.0,0.0,0.0,0.0,0.0,-0.1919437037236376,-0.3585541805689027,-0.2904021541789712,-0.0317106982288437,-0.2219228064394029,-0.3554120201969512,True,-0.25642617678666385
2026-07-16 00:00:00+00:00,0.0,0.0,0.0,0.0,0.0,0.0,0.0,0.0,-0.1919437037236376,-0.3585541805689027,-0.2904021541789712,-0.0317106982288437,-0.2219228064394029,-0.3554120201969512,True,-0.25642617678666385
2026-07-17 00:00:00+00:00,0.0,0.0,0.0,0.0,0.0,0.0,0.0,0.0,-0.1919437037236376,-0.3585541805689027,-0.2904021541789712,-0.0317106982288437,-0.2219228064394029,-0.3554120201969512,True,-0.25642617678666385
2026-07-18 00:00:00+00:00,0.0,0.0,0.0,0.0,0.0,0.0,0.0,0.0,-0.1919437037236376,-0.3585541805689027,-0.2904021541789712,-0.0317106982288437,-0.2219228064394029,-0.3554120201969512,True,-0.25642617678666385
2026-07-19 00:00:00+00:00,0.0,0.0,0.0,0.0,0.0,0.0,0.0,0.0,-0.1919437037236376,-0.3585541805689027,-0.2904021541789712,-0.0317106982288437,-0.2219228064394029,-0.3554120201969512,True,-0.25642617678666385
2026-07-20 00:00:00+00:00,1.0,1.0,1.0,1.0,0.0,0.0,0.0,1.0,-0.0250398893746535,0.3021562398693136,1.214550564394625,-0.0315582331806605,-0.2219228064394029,3.4536583104494114,True,1.068898538211785
2026-07-21 00:00:00+00:00,0.0,0.0,0.0,0.0,0.0,0.0,0.0,0.0,-0.1919437037236376,-0.3585541805689027,-0.2904021541789712,-0.0317106982288437,-0.2219228064394029,-0.3554120201969512,True,-0.25642617678666385
2026-07-22 00:00:00+00:00,0.0,0.0,0.0,0.0,0.0,0.0,0.0,0.0,-0.1919437037236376,-0.3585541805689027,-0.2904021541789712,-0.0317106982288437,-0.2219228064394029,-0.3554120201969512,True,-0.25642617678666385
2026-07-23 00:00:00+00:00,0.0,0.0,0.0,0.0,0.0,0.0,0.0,0.0,-0.1919437037236376,-0.3585541805689027,-0.2904021541789712,-0.0317106982288437,-0.2219228064394029,-0.3554120201969512,True,-0.25642617678666385
2026-07-24 00:00:00+00:00,0.0,0.0,0.0,0.0,0.0,0.0,0.0,0.0,-0.1919437037236376,-0.3585541805689027,-0.2904021541789712,-0.0317106982288437,-0.2219228064394029,-0.3554120201969512,True,-0.25642617678666385
2026-07-25 00:00:00+00:00,0.0,0.0,0.0,0.0,0.0,0.0,0.0,0.0,-0.1919437037236376,-0.3585541805689027,-0.2904021541789712,-0.0317106982288437,-0.2219228064394029,-0.3554120201969512,True,-0.25642617678666385
2026-07-26 00:00:00+00:00,0.0,0.0,0.0,0.0,0.0,0.0,0.0,0.0,-0.1919437037236376,-0.3585541805689027,-0.2904021541789712,-0.0317106982288437,-0.2219228064394029,-0.3554120201969512,True,-0.25642617678666385
2026-07-27 00:00:00+00:00,0.0,0.0,0.0,0.0,0.0,0.0,0.0,0.0,-0.1919437037236376,-0.3585541805689027,-0.2904021541789712,-0.0317106982288437,-0.2219228064394029,-0.3554120201969512,True,-0.25642617678666385
2026-07-28 00:00:00+00:00,0.0,0.0,0.0,0.0,0.0,0.0,0.0,0.0,-0.1919437037236376,-0.3585541805689027,-0.2904021541789712,-0.0317106982288437,-0.2219228064394029,-0.3554120201969512,True,-0.25642617678666385
2026-07-29 00:00:00+00:00,0.0,0.0,0.0,0.0,0.0,0.0,0.0,0.0,-0.1919437037236376,-0.3585541805689027,-0.2904021541789712,-0.0317106982288437,-0.2219228064394029,-0.3554120201969512,True,-0.25642617678666385
2026-07-30 00:00:00+00:00,0.0,0.0,0.0,0.0,0.0,0.0,0.0,0.0,-0.1919437037236376,-0.3585541805689027,-0.2904021541789712,-0.0317106982288437,-0.2219228064394029,-0.3554120201969512,True,-0.25642617678666385
2026-07-31 00:00:00+00:00,0.0,0.0,0.0,0.0,0.0,0.0,0.0,0.0,-0.1919437037236376,-0.3585541805689027,-0.2904021541789712,-0.0317106982288437,-0.2219228064394029,-0.3554120201969512,True,-0.25642617678666385
2026-08-01 00:00:00+00:00,0.0,0.0,0.0,0.0,0.0,0.0,0.0,0.0,-0.1919437037236376,-0.3585541805689027,-0.2904021541789712,-0.0317106982288437,-0.2219228064394029,-0.3554120201969512,True,-0.25642617678666385
2026-08-02 00:00:00+00:00,0.0,0.0,0.0,0.0,0.0,0.0,0.0,0.0,-0.1919437037236376,-0.3585541805689027,-0.2904021541789712,-0.0317106982288437,-0.2219228064394029,-0.3554120201969512,True,-0.25642617678666385
2026-08-03 00:00:00+00:00,0.0,0.0,0.0,0.0,0.0,0.0,0.0,0.0,-0.1919437037236376,-0.3585541805689027,-0.2904021541789712,-0.0317106982288437,-0.2219228064394029,-0.3554120201969512,True,-0.25642617678666385
2026-08-04 00:00:00+00:00,0.0,0.0,0.0,0.0,0.0,0.0,0.0,0.0,-0.1919437037236376,-0.3585541805689027,-0.2904021541789712,-0.0317106982288437,-0.2219228064394029,-0.3554120201969512,True,-0.25642617678666385
2026-08-05 00:00:00+00:00,0.0,0.0,0.0,0.0,0.0,0.0,0.0,0.0,-0.1919437037236376,-0.3585541805689027,-0.2904021541789712,-0.0317106982288437,-0.2219228064394029,-0.3554120201969512,True,-0.25642617678666385
2026-08-06 00:00:00+00:00,0.0,0.0,0.0,0.0,0.0,0.0,0.0,0.0,-0.1919437037236376,-0.3585541805689027,-0.2904021541789712,-0.0317106982288437,-0.2219228064394029,-0.3554120201969512,True,-0.25642617678666385
2026-08-07 00:00:00+00:00,0.0,0.0,0.0,0.0,0.0,0.0,0.0,0.0,-0.1919437037236376,-0.3585541805689027,-0.2904021541789712,-0.0317106982288437,-0.2219228064394029,-0.3554120201969512,True,-0.25642617678666385
2026-08-08 00:00:00+00:00,0.0,0.0,0.0,0.0,0.0,0.0,0.0,0.0,-0.1919437037236376,-0.3585541805689027,-0.2904021541789712,-0.0317106982288437,-0.2219228064394029,-0.3554120201969512,True,-0.25642617678666385
2026-08-09 00:00:00+00:00,0.0,0.0,0.0,0.0,0.0,0.0,0.0,0.0,-0.1919437037236376,-0.3585541805689027,-0.2904021541789712,-0.0317106982288437,-0.2219228064394029,-0.3554120201969512,True,-0.25642617678666385
2026-08-10 00:00:00+00:00,0.0,0.0,0.0,0.0,0.0,0.0,0.0,0.0,-0.1919437037236376,-0.3585541805689027,-0.2904021541789712,-0.0317106982288437,-0.2219228064394029,-0.3554120201969512,True,-0.25642617678666385
2026-08-11 00:00:00+00:00,0.0,0.0,0.0,0.0,0.0,0.0,0.0,0.0,-0.1919437037236376,-0.3585541805689027,-0.2904021541789712,-0.0317106982288437,-0.2219228064394029,-0.3554120201969512,True,-0.25642617678666385
2026-08-12 00:00:00+00:00,0.0,0.0,0.0,0.0,0.0,0.0,0.0,0.0,-0.1919437037236376,-0.3585541805689027,-0.2904021541789712,-0.0317106982288437,-0.2219228064394029,-0.3554120201969512,True,-0.25642617678666385
2026-08-13 00:00:00+00:00,0.0,0.0,0.0,0.0,0.0,0.0,0.0,0.0,-0.1919437037236376,-0.3585541805689027,-0.2904021541789712,-0.0317106982288437,-0.2219228064394029,-0.3554120201969512,True,-0.25642617678666385
2026-08-14 00:00:00+00:00,0.0,0.0,0.0,0.0,0.0,0.0,0.0,0.0,-0.1919437037236376,-0.3585541805689027,-0.2904021541789712,-0.0317106982288437,-0.2219228064394029,-0.3554120201969512,True,-0.25642617678666385
2026-08-15 00:00:00+00:00,0.0,0.0,0.0,0.0,0.0,0.0,0.0,0.0,-0.1919437037236376,-0.3585541805689027,-0.2904021541789712,-0.0317106982288437,-0.2219228064394029,-0.3554120201969512,True,-0.25642617678666385
2026-08-16 00:00:00+00:00,0.0,0.0,0.0,0.0,0.0,0.0,0.0,0.0,-0.1919437037236376,-0.3585541805689027,-0.2904021541789712,-0.0317106982288437,-0.2219228064394029,-0.3554120201969512,True,-0.25642617678666385
2026-08-17 00:00:00+00:00,2.0,2.0,1.0,10.0,0.5,0.0,0.0,0.5,0.1418639249743304,0.96286666030753,1.214550564394625,-0.0301860477470115,4.290481659415155,1.54912314512623,True,1.993822909838572
2026-08-18 00:00:00+00:00,0.0,0.0,0.0,0.0,0.0,0.0,0.0,0.0,-0.1919437037236376,-0.3585541805689027,-0.2904021541789712,-0.0317106982288437,-0.2219228064394029,-0.3554120201969512,True,-0.25642617678666385
2026-08-19 00:00:00+00:00,0.0,0.0,0.0,0.0,0.0,0.0,0.0,0.0,-0.1919437037236376,-0.3585541805689027,-0.2904021541789712,-0.0317106982288437,-0.2219228064394029,-0.3554120201969512,True,-0.25642617678666385
2026-08-20 00:00:00+00:00,0.0,0.0,0.0,0.0,0.0,0.0,0.0,0.0,-0.1919437037236376,-0.3585541805689027,-0.2904021541789712,-0.0317106982288437,-0.2219228064394029,-0.3554120201969512,True,-0.25642617678666385
2026-08-21 00:00:00+00:00,1.0,1.0,0.0,1029.0,0.0,0.0,0.0,0.0,-0.0250398893746535,0.3021562398693136,-0.2904021541789712,0.125175836351689,-0.2219228064394029,-0.3554120201969512,True,-0.20079157200366918
2026-08-22 00:00:00+00:00,1.0,1.0,0.0,1029.0,1.0,0.0,0.0,0.0,-0.0250398893746535,0.3021562398693136,-0.2904021541789712,0.125175836351689,8.802886125269712,-0.3554120201969512,True,2.8074780718993693
2026-08-23 00:00:00+00:00,0.0,0.0,0.0,0.0,0.0,0.0,0.0,0.0,-0.1919437037236376,-0.3585541805689027,-0.2904021541789712,-0.0317106982288437,-0.2219228064394029,-0.3554120201969512,True,-0.25642617678666385
2026-08-24 00:00:00+00:00,0.0,0.0,0.0,0.0,0.0,0.0,0.0,0.0,-0.1919437037236376,-0.3585541805689027,-0.2904021541789712,-0.0317106982288437,-0.2219228064394029,-0.3554120201969512,True,-0.25642617678666385
2026-08-25 00:00:00+00:00,0.0,0.0,0.0,0.0,0.0,0.0,0.0,0.0,-0.1919437037236376,-0.3585541805689027,-0.2904021541789712,-0.0317106982288437,-0.2219228064394029,-0.3554120201969512,True,-0.25642617678666385
2026-08-26 00:00:00+00:00,0.0,0.0,0.0,0.0,0.0,0.0,0.0,0.0,-0.1919437037236376,-0.3585541805689027,-0.2904021541789712,-0.0317106982288437,-0.2219228064394029,-0.3554120201969512,True,-0.25642617678666385
2026-08-27 00:00:00+00:00,0.0,0.0,0.0,0.0,0.0,0.0,0.0,0.0,-0.1919437037236376,-0.3585541805689027,-0.2904021541789712,-0.0317106982288437,-0.2219228064394029,-0.3554120201969512,True,-0.25642617678666385
2026-08-28 00:00:00+00:00,0.0,0.0,0.0,0.0,0.0,0.0,0.0,0.0,-0.1919437037236376,-0.3585541805689027,-0.2904021541789712,-0.0317106982288437,-0.2219228064394029,-0.3554120201969512,True,-0.25642617678666385
2026-08-29 00:00:00+00:00,0.0,0.0,0.0,0.0,0.0,0.0,0.0,0.0,-0.1919437037236376,-0.3585541805689027,-0.2904021541789712,-0.0317106982288437,-0.2219228064394029,-0.3554120201969512,True,-0.25642617678666385
2026-08-30 00:00:00+00:00,0.0,0.0,0.0,0.0,0.0,0.0,0.0,0.0,-0.1919437037236376,-0.3585541805689027,-0.2904021541789712,-0.0317106982288437,-0.2219228064394029,-0.3554120201969512,True,-0.25642617678666385
2026-08-31 00:00:00+00:00,0.0,0.0,0.0,0.0,0.0,0.0,0.0,0.0,-0.1919437037236376,-0.3585541805689027,-0.2904021541789712,-0.0317106982288437,-0.2219228064394029,-0.3554120201969512,True,-0.25642617678666385
2026-09-01 00:00:00+00:00,0.0,0.0,0.0,0.0,0.0,0.0,0.0,0.0,-0.1919437037236376,-0.3585541805689027,-0.2904021541789712,-0.0317106982288437,-0.2219228064394029,-0.3554120201969512,True,-0.25642617678666385
2026-09-02 00:00:00+00:00,0.0,0.0,0.0,0.0,0.0,0.0,0.0,0.0,-0.1919437037236376,-0.3585541805689027,-0.2904021541789712,-0.0317106982288437,-0.2219228064394029,-0.3554120201969512,True,-0.25642617678666385
2026-09-03 00:00:00+00:00,0.0,0.0,0.0,0.0,0.0,0.0,0.0,0.0,-0.1919437037236376,-0.3585541805689027,-0.2904021541789712,-0.0317106982288437,-0.2219228064394029,-0.3554120201969512,True,-0.25642617678666385
2026-09-04 00:00:00+00:00,0.0,0.0,0.0,0.0,0.0,0.0,0.0,0.0,-0.1919437037236376,-0.3585541805689027,-0.2904021541789712,-0.0317106982288437,-0.2219228064394029,-0.3554120201969512,True,-0.25642617678666385
2026-09-05 00:00:00+00:00,0.0,0.0,0.0,0.0,0.0,0.0,0.0,0.0,-0.1919437037236376,-0.3585541805689027,-0.2904021541789712,-0.0317106982288437,-0.2219228064394029,-0.3554120201969512,True,-0.25642617678666385
2026-09-06 00:00:00+00:00,0.0,0.0,0.0,0.0,0.0,0.0,0.0,0.0,-0.1919437037236376,-0.3585541805689027,-0.2904021541789712,-0.0317106982288437,-0.2219228064394029,-0.3554120201969512,True,-0.25642617678666385
2026-09-07 00:00:00+00:00,0.0,0.0,0.0,0.0,0.0,0.0,0.0,0.0,-0.1919437037236376,-0.3585541805689027,-0.2904021541789712,-0.0317106982288437,-0.2219228064394029,-0.3554120201969512,True,-0.25642617678666385
2026-09-08 00:00:00+00:00,0.0,0.0,0.0,0.0,0.0,0.0,0.0,0.0,-0.1919437037236376,-0.3585541805689027,-0.2904021541789712,-0.0317106982288437,-0.2219228064394029,-0.3554120201969512,True,-0.25642617678666385
2026-09-09 00:00:00+00:00,0.0,0.0,0.0,0.0,0.0,0.0,0.0,0.0,-0.1919437037236376,-0.3585541805689027,-0.2904021541789712,-0.0317106982288437,-0.2219228064394029,-0.3554120201969512,True,-0.25642617678666385
2026-09-10 00:00:00+00:00,2.0,2.0,2.0,0.0,0.5,0.0,0.0,1.0,0.1418639249743304,0.96286666030753,2.7195032829682213,-0.0317106982288437,4.290481659415155,3.4536583104494114,True,2.628667964946299
2026-09-11 00:00:00+00:00,1.0,1.0,0.0,0.0,0.0,1.0,0.0,0.0,-0.0250398893746535,0.3021562398693136,-0.2904021541789712,-0.0317106982288437,-0.2219228064394029,-0.3554120201969512,True,-0.20079157200366918
2026-09-12 00:00:00+00:00,0.0,0.0,0.0,0.0,0.0,0.0,0.0,0.0,-0.1919437037236376,-0.3585541805689027,-0.2904021541789712,-0.0317106982288437,-0.2219228064394029,-0.3554120201969512,True,-0.25642617678666385
2026-09-13 00:00:00+00:00,0.0,0.0,0.0,0.0,0.0,0.0,0.0,0.0,-0.1919437037236376,-0.3585541805689027,-0.2904021541789712,-0.0317106982288437,-0.2219228064394029,-0.3554120201969512,True,-0.25642617678666385
2026-09-14 00:00:00+00:00,2.0,2.0,1.0,20.0,0.0,0.0,0.0,0.5,0.1418639249743304,0.96286666030753,1.214550564394625,-0.0286613972651793,-0.2219228064394029,1.54912314512623,True,0.4896880878870525
